id,text,isRetweet,isDeleted,device,favorites,retweets,date,isFlagged
1234653427789070336,"I was thrilled to be back in the Great city of Charlotte, North Carolina with thousands of hardworking American Patriots who love our Country, cherish our values, respect our laws, and always put AMERICA FIRST! Thank you for a wonderful evening!! #KAG2020 https://t.co/dNJZfRsl9y",f,f,Twitter for iPhone,73748,17404,2020-03-03 01:34:50,f
1215247978966986752,Thank you Elise! https://t.co/Y4Hb0zf5jk,f,f,Twitter for iPhone,48510,11608,2020-01-09 12:24:31,f
1319491234042269696,"As per your request, Joe... https://t.co/78mzcfLEsF https://t.co/AalVkSfHFi",f,f,Twitter for iPhone,253761,79855,2020-10-23 04:09:59,f
1319655865083940865,Thank you Megyn! https://t.co/sC71EEWIOd,f,f,Twitter for iPhone,178163,24864,2020-10-23 15:04:10,f
1320095628546899968,"Nobody is showing up for Obama’s hate laced speeches. 47 people! No energy, but still better than Joe!",f,f,Twitter for iPhone,195132,33268,2020-10-24 20:11:38,f
1317065042706268162,Very good reviews on last night’s @NBCNews Town Hall in Miami. Thank you!!!,f,f,Twitter for iPhone,148717,23968,2020-10-16 11:29:10,f
1317056951986098176,The process has long begun. Happening fast! https://t.co/nLLq7x0Bim,f,f,Twitter for iPhone,31396,8137,2020-10-16 10:57:01,f
1329054683441278977,...AND I WON THE ELECTION. VOTER FRAUD ALL OVER THE COUNTRY! https://t.co/9coP3R44UQ,f,f,Twitter for iPhone,246973,54880,2020-11-18 13:31:43,t
1320198039529816069,"As long as I am President, I will always stand with the HEROES of Law Enforcement! Joe Biden won’t. https://t.co/DfutxOeRaN",f,f,Twitter for iPhone,79633,18909,2020-10-25 02:58:35,f
1326158564449275910,WE ARE MAKING BIG PROGRESS. RESULTS START TO COME IN NEXT WEEK. MAKE AMERICA GREAT AGAIN!,f,f,Twitter for iPhone,638933,106449,2020-11-10 13:43:35,f
1329459995893764102,"“Evidence of voter fraud continues to grow, including 20,000 dead people on the Pennsylvania voters roll and many thousands all over the Country. Now, there has been an artificial number of votes in favor of Joe Biden.” @OANN",f,f,Twitter for iPhone,249157,58056,2020-11-19 16:22:17,t
1332754929778368526,Alan Dershowitz: Trump was ‘Absolutely Right‘ to Pardon Michael Flynn https://t.co/nMGOgOM9PP via @BreitbartNews,f,f,Twitter for iPhone,144114,26936,2020-11-28 18:35:11,f
1318886369650003969,"WSJ Editorial Board: Joe Biden Must Answer Questions About Hunter Biden and China https://t.co/pF2M9i9OSu via @BreitbartNews Joe Biden is a totally corrupt politician, and got caught. At least now he won’t be able to raise your Taxes - Biggest increase in U.S. history!",f,f,Twitter for iPhone,63486,20849,2020-10-21 12:06:28,f
1318270345162354688,A perfect strike for the American people! https://t.co/LqqvhWpqis,f,f,Twitter for iPhone,154597,30542,2020-10-19 19:18:37,f
1329233502139715586,"Look at this in Wisconsin! A day AFTER the election, Biden receives a dump of 143,379 votes at 3:42AM, when they learned he was losing badly. This is unbelievable! https://t.co/nhiLMmyHBn",f,f,Twitter for iPhone,369662,118380,2020-11-19 01:22:17,f
1333556458575818754,TRUE! https://t.co/GaldE1fto5,f,f,Twitter for iPhone,136961,27590,2020-11-30 23:40:10,f
1330487624402935808,Thank you! https://t.co/xe4WZt1wNe,f,f,Twitter for iPhone,128431,26105,2020-11-22 12:25:43,f
1320444583646547968,"He didn’t stick around for the primaries, either. He left WAY early https://t.co/dXBTtMP010",f,f,Twitter for iPhone,66741,13236,2020-10-25 19:18:16,f
1331393814028820481,...This could also be very helpful to @SenDavidPerdue and @SenatorLoeffler. Why is he afraid of Stacey Abrams? We don’t need the ballots — we only need the signed envelopes!,f,f,Twitter for iPhone,121567,24246,2020-11-25 00:26:36,f
1327493494605295616,"Republican Burgess Owens Defeats Democrat Rep. Ben McAdams in Utah https://t.co/H9NlPQj5yb via @BreitbartNews Great going Burgess, you continue to be a STAR!",f,f,Twitter for iPhone,178936,33734,2020-11-14 06:08:07,f
1327715767916392449,The hand recount taking place in Georgia is a waste of time. They are not showing the matching signatures. Call off the recount until they allow the MATCH. Don’t let the Radical Left Dems STEAL THE ELECTION!,f,f,Twitter for iPhone,302185,70205,2020-11-14 20:51:21,t
1331758249998168067,Have a great life General Flynn! https://t.co/Qj21mnMP0k,f,f,Twitter for iPhone,232104,39620,2020-11-26 00:34:44,f
1327950785959915520,"This is why @FoxNews daytime and weekend daytime have lost their ratings. They are abysmal having @alfredenewman1 (Mayor Pete of Indiana’s most unsuccessful city, by far!) on more than Republicans. Many great alternatives are forming &amp; exist. Try @OANN &amp; @newsmax, among others! https://t.co/ewHE8GBRNy",f,f,Twitter for iPhone,101985,22484,2020-11-15 12:25:14,f
1321293551951630336,"We are spending more in Florida, and we are winning big in Florida. Actually, we are winning big in many states as the Great Red Wave begins to form!",f,f,Twitter for iPhone,186234,28870,2020-10-28 03:31:45,f
1334711509977608192,"The best way to insure a @KLoeffler and @sendavidperdue VICTORY is to allow signature checks in the Presidential race, which will insure a Georgia Presidential win (very few votes are needed, many will be found). Spirits will soar and everyone will rush out and VOTE! @BrianKempGA",f,f,Twitter for iPhone,170738,39417,2020-12-04 04:09:56,f
1321561761615544320,"Thank you @RSBNetwork! #MAGA 
https://t.co/iHlBpNDgkQ",f,f,Twitter for iPhone,61484,13776,2020-10-28 21:17:32,f
1334993249082236931,"Thank you to Senate President Karen Fann and House Speaker Russell Bowers – and all, for what you are doing in Arizona. A fast check of signatures will easily give us the state. Votes against have been reduced to a very small number! https://t.co/NIGpkJHyoY https://t.co/gJIozjtyES",f,f,Twitter for iPhone,86211,23452,2020-12-04 22:49:28,f
1124648658207694848,"RT @SharylAttkisson: When did we decide, as Americans, that it's ok fo govt &amp, 3d parties to censor/ curate our info? That we cannot be trus...",f,t,Twitter for iPhone,0,13029,2019-05-04 12:15:09,f
1322003361642782721,"For years you had a President who apologized for America—now you have a President who is standing up for America! Get your friends, get your family, get your neighbors and GET OUT &amp; VOTE! On 11/3 we must finish the job and Drain the Swamp once and for all! https://t.co/RZzSuwLUSP",f,f,Twitter for iPhone,118115,27838,2020-10-30 02:32:17,f
1304042651147284480,"Bob Woodward had my quotes for many months. If he thought they were so bad or dangerous, why didn’t he immediately report them in an effort to save lives? Didn’t he have an obligation to do so? No, because he knew they were good and proper answers. Calm, no panic!",f,f,Twitter for iPhone,126883,30763,2020-09-10 13:02:50,f
1290949993600294913,"There is TREMENDOUS Lawlessness in America’s Liberal Cities. Would be so easy to stop but they have a clouded vision of what should be done. They are indoctrinated with a philosophy which will never work, a philosophy which would destroy America. Portland would be the norm!",f,f,Twitter for iPhone,101891,26336,2020-08-05 09:57:17,f
1328361451497664512,"The Radical Left Democrats, working with their partner, the Fake News Media, are trying to STEAL this Election. We won’t let them!",f,f,Twitter for iPhone,344327,62658,2020-11-16 15:37:04,t
1335739297459265537,"A MUST WATCH! Hope the lawyers are all taking notes. All FACTS, do not flag this Twitter! https://t.co/5vWbEfKRf7",f,f,Twitter for iPhone,156104,48079,2020-12-07 00:14:00,t
1322250257086865409,THANK YOU MICHIGAN! https://t.co/eTip7kTQXJ,f,f,Twitter for iPhone,47596,8983,2020-10-30 18:53:22,f
1322551279017742337,"https://t.co/gsFSghkmdM
#ElectionDay #MAGA🇺🇸 https://t.co/j5F8vNZYPI",f,f,Twitter for iPhone,51507,12531,2020-10-31 14:49:31,f
1304769412759724033,"NORTH CAROLINA: To make sure your Ballot COUNTS, sign &amp; send it in EARLY. When Polls open, go to your Polling Place to see if it was COUNTED. IF NOT, VOTE! Your signed Ballot will not count because your vote has been posted. Don’t let them illegally take your vote away from you!",f,f,Twitter for iPhone,0,0,2020-09-12 13:10:44,t
1322651141134430208,"We invested $2.5 TRILLION in the Military and we saved the Philly Shipyard. We passed VA Choice and VA Accountability. Al-Baghdadi and Soleimani are DEAD. I withdrew from the disastrous Iran Nuclear Deal—and instead of endless war, we are forging PEACE in the Middle East! https://t.co/Yz3ry24XHp",f,f,Twitter for iPhone,61528,14174,2020-10-31 21:26:20,f
1322687671072862212,"For the last 4 years you have seen me fight for you - and now I am relying on YOU to deliver another historic victory for our Country. A vote for me and the Republican Party is a vote for the American Dream! Get out and VOTE!
#Election2020 #MAGA🇺🇸 https://t.co/5EyXIHjfib",f,f,Twitter for iPhone,142256,31833,2020-10-31 23:51:29,f
1322555795272167424,"Lisa McClain (@LisaForCongress) will be an incredible Congresswoman for Michigan! She is Strong on the Economy &amp; Jobs, Border Security, Infrastructure, our Military &amp; Vets, and the Second Amendment. Lisa has my Complete and Total Endorsement! #MI10 https://t.co/r2NokBwGfW",f,f,Twitter for iPhone,21818,5033,2020-10-31 15:07:28,f
1322556017301807104,".@CliffBentz will be a great Congressman for the people of Oregon! A Successful Rancher, he is Strong on Jobs &amp; the Economy, Trade, Law &amp; Order, our Military &amp; Vets, and your Second Amendment. Cliff has my Complete and Total Endorsement! #OR02 https://t.co/8779E6IPzx",f,f,Twitter for iPhone,22226,4925,2020-10-31 15:08:21,f
1322892481751646212,"Biden wants to LOCKDOWN our Country, maybe for years. Crazy! There will be NO LOCKDOWNS. The great American Comeback is underway!!!",f,f,Twitter for iPhone,219669,40020,2020-11-01 13:25:20,f
1322899819661303808,"The legendary actor, 007 Sean Connery, has past on to even greener fairways. He was quite a guy, and a tough character. I was having a very hard time getting approvals for a big development in Scotland when Sean stepped in and shouted,“Let him build the damn thing”. That was....",f,f,Twitter for iPhone,150291,21015,2020-11-01 13:54:29,f
1322934473437175810,WATCH: Antifa Shouts ‘Death to Your f**king Empire‘ While Burning U.S. Flag https://t.co/OPO3vE5asK via @BreitbartNews These are Criminal Anarchists and must be brought to Justice! Biden fears them. @FBI,f,f,Twitter for iPhone,67570,21489,2020-11-01 16:12:12,f
1322954744374173696,"You don’t have to take my word on Biden’s 47 years of treachery and betrayal. We have it on tape, watch! https://t.co/rQUAZt7EqX",f,f,Twitter for iPhone,74900,25530,2020-11-01 17:32:45,f
1322954692176039943,I am standing up to the global special interests who got rich bleeding America Dry. The corrupt establishment hates me because I don’t answer to THEM – I answer to YOU! https://t.co/jVsBVaqs2R,f,f,Twitter for iPhone,55572,12532,2020-11-01 17:32:32,f
1328359565574991872,Trump Campaign Rejects Media Reports of Changed Pennsylvania Case https://t.co/VjIhiyB4XK via @BreitbartNews. Just more Fake News. Harassment and exclusion of our Poll Watchers is a big part of our case. Unconstitutional!,f,f,Twitter for iPhone,122266,29373,2020-11-16 15:29:34,f
1339071350900723713,Poll: 92% of Republican Voters think the election was rigged!,f,f,Twitter for iPhone,457695,68430,2020-12-16 04:54:23,f
1323332899471413248,We have more Cases because we have more Testing!,f,f,Twitter for iPhone,291980,30475,2020-11-02 18:35:24,f
1323340413579726848,"The Depraved Swamp have been trying to stop me – because they know I don’t answer to THEM – I answer only to YOU. Together, we will defeat the corrupt establishment, we will DETHRONE the failed political class, we will drain the Washington Swamp &amp; we will SAVE THE AMERICAN DREAM!",f,f,Twitter for iPhone,129611,31753,2020-11-02 19:05:15,f
1323390619570626560,"¡Mi #AmericanDreamPlan es una promesa para los hispanoamericanos de impulsar una economía próspera, proveer oportunidades de educación para todos, preservar la libertad y apoyar la fe, la familia y la comunidad! https://t.co/RSuEyIFQ0W",f,f,Twitter for iPhone,93361,18775,2020-11-02 22:24:45,f
1323469256667942913,"A vote for me and the Republican Party is a vote for the American Dream! Over the next four years, we will make America into the Manufacturing Superpower of the World, and we will end our reliance on China once and for all. https://t.co/gsFSghkmdM https://t.co/S7PAIqWd0y",f,f,Twitter for iPhone,97051,18701,2020-11-03 03:37:14,f
1339937549209522178,"Oh, they do this to me every day. When will they apologize? https://t.co/oqcroLYx5B",f,f,Twitter for iPhone,100374,20977,2020-12-18 14:16:21,f
1342209260026023940,"At a meeting in Florida today, everyone was asking why aren’t the Republicans up in arms &amp; fighting over the fact that the Democrats stole the rigged presidential election? Especially in the Senate, they said, where you helped 8 Senators win their races. How quickly they forget!",f,f,Twitter for iPhone,212920,50004,2020-12-24 20:43:19,f
1324059767581671425,"Wow! It looks like Michigan has now found the ballots necessary to keep a wonderful young man, John James, out of the U.S. Senate. What a terrible thing is happening!",f,f,Twitter for iPhone,418576,77262,2020-11-04 18:43:43,f
1324130551234727936,"Our lawyers have asked for “meaningful access”, but what good does that do? The damage has already been done to the integrity of our system, and to the Presidential Election itself. This is what should be discussed!",f,f,Twitter for iPhone,533383,91775,2020-11-04 23:24:59,f
1342807171130601473,"Our $740 defense bill is a gift to China, Russia &amp; Big Tech. It fails to terminate the internationally dangerous Section 230, won’t allow us to bring our troops back home (where they belong), renames &amp; destroys our forts &amp; National Monuments, &amp; makes 5G almost impossible! https://t.co/txJle9Ezlg",f,f,Twitter for iPhone,128592,31799,2020-12-26 12:19:12,f
1324382829535498244,Big legal win in Pennsylvania!,f,f,Twitter for iPhone,678348,85868,2020-11-05 16:07:27,f
1324386685858287616,All of the recent Biden claimed States will be legally challenged by us for Voter Fraud and State Election Fraud. Plenty of proof - just check out the Media. WE WILL WIN! America First!,f,f,Twitter for iPhone,0,0,2020-11-05 16:22:46,t
1342823967019687936,"I simply want to get out great people $2000, rather than the measly $600 that is now in the bill. Also, stop the billions of dollars in “pork”.",f,f,Twitter for iPhone,72820,15261,2020-12-26 13:25:56,f
1324613375213621248,"Twitter is out of control, made possible through the government gift of Section 230!",f,f,Twitter for iPhone,498134,90010,2020-11-06 07:23:33,f
1325432476215500800,...and Detroit with a long series of election problems (to put it mildly).” @JonathanTurley,f,f,Twitter for iPhone,216171,33687,2020-11-08 13:38:22,t
526697946923143171,"""""""@bunnypiper: @realDonaldTrump right on!!""""""",f,f,Twitter for Android,19,9,2014-10-27 11:32:30,f
1120440967247663111,PRESIDENTIAL HARASSMENT! https://t.co/G3f6QBNSMa,f,f,Twitter Media Studio,72267,21784,2019-04-22 21:35:18,f
1082268365081767936,....The Fake News Media in our Country is the real Opposition Party. It is truly the Enemy of the People! We must bring honesty back to journalism and reporting!,f,f,Twitter for iPhone,113023,25815,2019-01-07 13:31:00,f
1019936658240794625,“Trump recognized Russian Meddling MANY TIMES.” https://t.co/Da8T8SUsCE,f,t,Twitter for iPhone,2539,809,2018-07-19 01:27:03,f
1237024549046288385,"Good for the consumer, gasoline prices coming down!",f,f,Twitter for iPhone,117547,21888,2020-03-09 14:36:49,f
1319283015894220807,Judiciary Committee approves Judge Barrett. Moves to full Senate for final vote. Big day for America!,f,f,Twitter for iPhone,301419,48132,2020-10-22 14:22:36,f
1274923712324796421,"Actually, that would be a big improvement - and she would win! https://t.co/EzmOjNtYJS",f,f,Twitter for iPhone,48776,10186,2020-06-22 04:34:34,f
1319687368014704642,"Today is the LAST DAY to register to VOTE in-person, in the Great State of Nebraska! Get everything you need to cast your vote and MAKE AMERICA GREAT AGAIN, below! https://t.co/WwzdPhDkAZ",f,f,Twitter for iPhone,52587,10756,2020-10-23 17:09:21,f
1252418369170501639,"In light of the attack from the Invisible Enemy, as well as the need to protect the jobs of our GREAT American Citizens, I will be signing an Executive Order to temporarily suspend immigration into the United States!",f,f,Twitter for iPhone,382084,83917,2020-04-21 02:06:22,f
1242905328209080331,The LameStream Media is the dominant force in trying to get me to keep our Country closed as long as possible in the hope that it will be detrimental to my election success. The real people want to get back to work ASAP.  We will be stronger than ever before!,f,f,Twitter for iPhone,211968,44448,2020-03-25 20:04:56,f
1216114167108849665,به مردم شجاع و رنج کشیده ایران: من از ابتدای دوره ریاست جمهوریم با شما ایستاده‌ام و دولت من همچنان با شما خواهد ایستاد. ما اعتراضات شما را از نزدیک دنبال می کنیم. شجاعت شما الهام بخش است.,f,f,Twitter for iPhone,339855,75980,2020-01-11 21:46:26,f
1270424134430994437,"Great work in the Republican Senate on some big nominees. Still 154 to go, hope they don’t adjourn until the job is done! @senatemajldr",f,f,Twitter for iPhone,109087,22643,2020-06-09 18:34:51,f
1217965436119191553,See you tomorrow! #CHAMPS https://t.co/ud1PVpx1zK,f,f,Twitter for iPhone,99585,15716,2020-01-17 00:22:43,f
1243873875047448576,"So much of the Lamestream Media is writing and broadcasting stories with facts that are made up and knowingly wrong. They are doing it by quoting unnamed sources that simply do not exist. These are very dangerous &amp; corrupt people, who will do anything to win. NAME YOUR SOURCES!",f,f,Twitter for iPhone,186284,40632,2020-03-28 12:13:36,f
1236634209516752896,"We have a perfectly coordinated and fine tuned plan at the White House for our attack on CoronaVirus. We moved VERY early to close borders to certain areas, which was a Godsend. V.P. is doing a great job. The Fake News Media is doing everything possible to make us look bad. Sad!",f,f,Twitter for iPhone,135311,29211,2020-03-08 12:45:45,f
1270828386642997248,"Big $$$$ headed to the Pittsburgh area! I’m sending $141.7M in CARES Act funding to @PGHtransit from @USDOT to aid in the recovery. This will be critical to helping people get where they need to go and more importantly, keeping them SAFE!",f,f,Twitter for iPhone,59243,13179,2020-06-10 21:21:12,f
1218195021930926082,"They are rigging the election again against Bernie Sanders, just like last time, only even more obviously. They are bringing him out of so important Iowa in order that, as a Senator, he sit through the Impeachment Hoax Trial. Crazy Nancy thereby gives the strong edge to Sleepy...",f,t,Twitter for iPhone,121146,27155,2020-01-17 15:35:00,f
1291228757437579264,Two wonderful people! https://t.co/Fo2CLjc9YZ,f,t,Twitter for iPhone,111729,22883,2020-08-06 04:25:00,f
1255661296047067138,"Happy Birthday to three time Olympian and five term Congressman, @JimRyun!",f,t,Twitter for iPhone,48939,7745,2020-04-30 00:52:36,f
1255825648448348161,"Despite reports to the contrary, Sweden is paying heavily for its decision not to lockdown. As of today, 2462 people have died there, a much higher number than the neighboring countries of Norway (207), Finland (206) or Denmark (443). The United States made the correct decision!",f,f,Twitter for iPhone,80328,16151,2020-04-30 11:45:41,f
1291402819287814145,"Upon departing the Oval Office for Ohio, I’ve notified my staff to continue working on an Executive Order with respect to Payroll Tax Cut, Eviction Protections, Unemployment Extensions, and Student Loan Repayment Options.",f,f,Twitter for iPhone,140414,32668,2020-08-06 15:56:39,f
1236979946175725568,"“Trump has outmastered the Deep State. He’s light years ahead of us.” MSDNC. I disagree. We have a long way to go. There are still some very bad, sick people in our government - people who do not love our Country (In fact, they hate our Country!).",f,f,Twitter for iPhone,78774,21418,2020-03-09 11:39:35,f
1215457108327571458,"Democrats are now the party of high taxes, high crime, open borders, late-term abortion, socialism, and blatant corruption. The Republican Party is the party of the American Worker, the American Family, and the American Dream! #KAG2020 https://t.co/05XRX2odxN",f,f,Twitter for iPhone,101339,24587,2020-01-10 02:15:31,f
1256928204801089539,"Hopefully our Country will soon mend. We are all missing our wonderful rallies, and many other things! https://t.co/LX8TyBzsXO",f,f,Twitter for iPhone,84294,19208,2020-05-03 12:46:51,f
1223834666031046656,"The Radical Left, Do Nothing Democrats, don’t want justice when pushing the Impeachment Hoax, they only want to destabilize the Republican Party so they can do better in the 2020 election, &amp; that includes the House &amp; Senate. They are playing with the people by taking it this far!",f,f,Twitter for iPhone,102531,23664,2020-02-02 05:04:56,f
1212180752936374275,Thank you Steve. The greatest Witch Hunt in U.S. history! https://t.co/I3bSNVp6gC,f,f,Twitter for iPhone,45860,11180,2020-01-01 01:16:27,f
1244368213133144065,Will be starting The White House news conference at 5:30 P.M. Eastern.,f,f,Twitter for iPhone,79433,11807,2020-03-29 20:57:55,f
1237236320935849985,"Oklahoma, Vote for your GREAT Senator Today. Nobody better than Jim! https://t.co/nYoLaM5Peu",f,f,Twitter for iPhone,39959,9544,2020-03-10 04:38:20,f
1216000651475460099,New polling shows that the totally partisan Impeachment Hoax is going nowhere. A vast majority want the Do Nothing Democrats to move on to other things now!,f,f,Twitter for iPhone,86657,16365,2020-01-11 14:15:22,f
1255842713603387392,The Do Nothing Democrats! https://t.co/hwLd2eWpFg,f,f,Twitter for iPhone,40415,11274,2020-04-30 12:53:30,f
1235171235505598465,"The Democrat establishment came together and crushed Bernie Sanders, AGAIN! Even the fact that Elizabeth Warren stayed in the race was devastating to Bernie and allowed Sleepy Joe to unthinkably win Massachusetts. It was a perfect storm, with many good states remaining for Joe!",f,f,Twitter for iPhone,63748,14165,2020-03-04 11:52:25,f
1271410185106599936,Crazy! https://t.co/NIQIBhexKX,f,f,Twitter for iPhone,44199,9684,2020-06-12 11:53:04,f
1235185319257006080,"MAKE AMERICA GREAT AGAIN and then, KEEP AMERICA GREAT!!!!",f,f,Twitter for iPhone,185187,32670,2020-03-04 12:48:23,f
1263117855752687617,"The Tulsa, Oklahoma area has been approved for a transportation loan from the @USDOT of up to $120M to help expand highway on the Gilcrease Expressway West Project. This will mean less congestion and faster routes to popular spots! @GovStitt",f,f,Twitter for iPhone,40646,9155,2020-05-20 14:42:19,f
1291722355471941633,"After yesterday’s statement, Sleepy Joe Biden is no longer worthy of the Black Vote!",f,f,Twitter for iPhone,200498,38454,2020-08-07 13:06:23,f
1216351262742061056,Congratulations to @serenawilliams on another big win. She is a great player and an even greater person. Our members in Virginia (Tennis) will never forget you! https://t.co/55ZhYVTpUU,f,f,Twitter for iPhone,47887,7556,2020-01-12 13:28:34,f
1212137503941103617,I am far better on HealthCare than the Democrats! https://t.co/eQDqqMRvq7,f,f,Twitter for iPhone,38616,8874,2019-12-31 22:24:36,f
1216365925701705730,"Michael Goodwin, New York Post: “Trump’s peace through strength philosophy is what America needs. His (John Kerry) claim bears no relation to reality. The Agreement didn’t create opportunities for America &amp; other signatories to confront Iran’s malign activities. It overlooked....",f,f,Twitter for iPhone,65852,15620,2020-01-12 14:26:50,f
1237580932472692736,THANK YOU NORTH DAKOTA! #KAG2020 https://t.co/fOPyY03iyh,f,f,Twitter for iPhone,38711,7920,2020-03-11 03:27:42,f
1217836310657892353,"This is a total disgrace, but just another reason that I’m going to win Michigan again! https://t.co/XrqveOvYcG",f,f,Twitter for iPhone,57912,14631,2020-01-16 15:49:37,f
1271764842760876032,We are getting the Commercial Fishing Industry in Maine back on track (will be better than ever) after suffering years of stupidity and abuse from the previous administration. Already got 5000 square miles back and available to fish. China &amp; E.U. told to drop their Tariffs now!!! https://t.co/EcRxd2qWWW,f,f,Twitter for iPhone,41731,10907,2020-06-13 11:22:21,f
1237745593876873217,"Vanity Fair Magazine, which will soon be out of business, and their third rate Fake reporters, who make up sources which don’t exist, wrote yet another phony &amp; boring hit piece. The facts are just the opposite. Our team is doing a great job with CoronaVirus!",f,f,Twitter for iPhone,87357,19166,2020-03-11 14:22:00,f
1196108650584125441,"Joe Ricketts, one of our Country’s most successful businessmen, including being the owner of the Chicago Cubs, has just written a great new book, THE HARDER YOU WORK, THE LUCKIER YOU GET. So true! Much can be learned from Joe. Go get the book!",f,f,Twitter for iPhone,36549,7498,2019-11-17 16:51:39,f
1263658320310796291,"Is this even possible to believe? Can this be for real? Where is this nursing home, how is the victim doing?",f,f,Twitter for iPhone,139251,29987,2020-05-22 02:29:55,f
1237820042735226887,"I want to thank all of our Great Government officials on the CoronaVirus Task Force who are working around the clock, in response to the CoronaVirus. Continue to check https://t.co/boZM2NePJW for updates, and follow all recommendations that are available....",f,f,Twitter for iPhone,50701,12434,2020-03-11 19:17:50,f
1292879715775250432,"Congratulations on your big primary win, Governor @MikeParson! You have my Complete and Total Endorsement! #MOGOV https://t.co/2Ve5jix3hS",f,f,Twitter for iPhone,28083,6656,2020-08-10 17:45:19,f
1210750161174941696,"Wow Crazy Nancy, what’s going on? This is big stuff! https://t.co/hoHSERKgh9",f,f,Twitter for iPhone,124479,55387,2019-12-28 02:31:47,f
1258053124893347841,The Fake News has reached an all time high!,f,f,Twitter for iPhone,303154,52560,2020-05-06 15:16:53,f
1246123892550389760,"GREAT news this week regarding the Keystone XL Pipeline – moving forward with fantastic paying CONSTRUCTION jobs for hardworking Americans. Promises Made, Promises Kept! #MAGA",f,f,Twitter for iPhone,126793,23749,2020-04-03 17:14:22,f
1246127632464392192,"Thank you @USNationalGuard, keep up the great work! https://t.co/tzQb3eGDat",f,f,Twitter for iPhone,48266,10983,2020-04-03 17:29:14,f
1246147919859920896,Great job being done by @BankofAmerica and many community banks throughout the country. Small businesses appreciate your work!,f,f,Twitter for iPhone,90457,14831,2020-04-03 18:49:51,f
1293335445879820288,"Sad to see the damage from the derecho in Midwest. 112 mile per hour winds in Midway, Iowa! The Federal government is in close coordination with State officials. We are with you all the way - Stay safe and strong!",f,f,Twitter for iPhone,116295,20609,2020-08-11 23:56:13,f
1209972732793905154,Thank you Tammy. You are doing a GREAT job! https://t.co/GqmFbixV7A,f,f,Twitter for iPhone,49228,10019,2019-12-25 23:02:34,f
1208135784152358913,"Economy is GREAT, Big Stock Market uptick today. Best ranking in 20 years admits CNN! https://t.co/fhee5zYqvB",f,f,Twitter for iPhone,43767,11232,2019-12-20 21:23:11,f
1219874467540799488,"Making great progress in @Davos. Tremendous numbers of companies will be coming, or returning, to the USA. Hottest Economy! JOBS, JOBS, JOBS!",f,f,Twitter for iPhone,85806,16960,2020-01-22 06:48:31,f
1205455803378999297,"My Approval Rating in the Republican Party is 95%, a Record. Thank you! #2020Election",f,f,Twitter for iPhone,75200,13921,2019-12-13 11:53:54,f
1205341246937600000,“Last night House Judiciary Chairman Jerry Nadler admitted that Democrats are pursuing Impeachment because it’s too dangerous to simply let the American people pick the next president in 2020.” @kilmeade  @FoxNews,f,f,Twitter for iPhone,69356,21056,2019-12-13 04:18:42,f
1205338255832555520,Looking like a big win for Boris in the U.K.!,f,f,Twitter for iPhone,116537,17425,2019-12-13 04:06:48,f
1205156716054241285,"I also have constantly asked, “Why aren’t Germany, France and other European countries helping Ukraine more? They are the biggest beneficiaries. Why is it always the good ol’ United States?” The Radical Left, Do Nothing Democrats, never mention this at their phony hearing!",f,f,Twitter for iPhone,79842,19270,2019-12-12 16:05:26,f
1293619226020806659,Georgia will be receiving $13M in federal infrastructure funds from @USDOT. BIG investment in bus facilities for people in metro Atlanta – must keep people moving safely! @MARTASERVICE,f,f,Twitter for iPhone,34922,7592,2020-08-12 18:43:52,f
1212064561026797569,Read the Transcripts!,f,f,Twitter for iPhone,87066,15040,2019-12-31 17:34:45,f
1225179058000089090,I will be making a public statement tomorrow at 12:00pm from the @WhiteHouse to discuss our Country’s VICTORY on the Impeachment Hoax!,f,f,Twitter for iPhone,273366,53758,2020-02-05 22:07:04,f
1246456826641764353,I agree with this. Watch! https://t.co/CouUHHu13t,f,f,Twitter for iPhone,118708,30015,2020-04-04 15:17:20,f
1200925125169864709,An incredible experience! https://t.co/n6BNQY6dIx,f,f,Twitter for iPhone,58102,12741,2019-11-30 23:50:36,f
1293618870746570756,Happy to announce that @USDOT is providing $12.5M in federal infrastructure funds for bus improvements for the great people of Alabama. @huntsvillecity,f,f,Twitter for iPhone,32889,6687,2020-08-12 18:42:27,f
1278099002345619462,"As I watch the Pandemic spread its ugly face all across the world, including the tremendous damage it has done to the USA, I become more and more angry at China. People can see it, and I can feel it!",f,f,Twitter for iPhone,293498,59875,2020-06-30 22:52:02,f
1292879824210595842,"Congressman Jim Hagedorn (@JimHagedornMN) is an incredible advocate for Minnesota! He fights for our Farmers, Vets and Small Businesses, and he strongly defends your Second Amendment! Jim has my Complete and Total Endorsement! #MN01 https://t.co/MeuHHh8KFc",f,f,Twitter for iPhone,23174,6039,2020-08-10 17:45:45,f
1291864495648890881,"...At 3pm this afternoon, spoke to President Aoun of Lebanon to inform him that 3 large aircraft are on the way, loaded up with Medical Supplies, Food and Water. Also, First Responders, Technicians, Doctors, and Nurses on the way...",f,f,Twitter for iPhone,67436,12295,2020-08-07 22:31:12,f
1246522958421639168,"....We will get through this together, and bats will be swinging before you know it. In the meantime, take care of mom and dad, and know that this will not be forever! @littleleagueceo",f,f,Twitter for iPhone,86464,14702,2020-04-04 19:40:07,f
1264734501961433088,"...vacationing, relaxing &amp; making shady deals with other countries, &amp; that Barack was always playing golf, doing much of his traveling in a fume spewing 747 to play golf in Hawaii - Once even teeing off immediately after announcing the gruesome death of a great young man by ISIS!",f,f,Twitter for iPhone,75989,17742,2020-05-25 01:46:17,f
1259194224555298816,"Why is it that all of the political pundits &amp; consultants that I beat so easily &amp; badly, people that charged their clients far more than their services were worth, have become so totally “unhinged” when it come to your favorite President, me. These people are stone cold crazy!",f,f,Twitter for iPhone,121554,24859,2020-05-09 18:51:12,f
1225728756456808448,"....he will be successful, especially as the weather starts to warm &amp; the virus hopefully becomes weaker, and then gone. Great discipline is taking place in China, as President Xi strongly leads what will be a very successful operation. We are working closely with China to help!",f,f,Twitter for iPhone,50108,9273,2020-02-07 10:31:23,f
1293869227036811265,"The Fake News Media is giving @KamalaHarris a free pass despite her Radical Left failures and very poor run in the Democrat Primary. There was nobody meaner or more condescending to Slow Joe, not even me, and yet she quickly evaporated down to almost zero in the polls. Bad!",f,f,Twitter for iPhone,115624,28311,2020-08-13 11:17:17,f
1220061617561300994,Will be Great! https://t.co/Ce20fgcM6K,f,f,Twitter for iPhone,38316,7761,2020-01-22 19:12:11,f
1278168948656214018,Congratulations on a really great win! https://t.co/rMpFiV6LvY,f,f,Twitter for iPhone,76749,18846,2020-07-01 03:29:59,f
1306084770300997632,What is this all about? https://t.co/AAmBGgHhyR,f,f,Twitter for iPhone,152643,41042,2020-09-16 04:17:29,f
1299376529672208384,"Succes: Since the National Guard moved into Kenosha, Wisconsin, two days ago, there has been NO FURTHER VIOLENCE, not even a small problem. When legally asked to help by local authorities, the Federal Government will act and quickly succeed. Are you listening Portland?",f,t,Twitter for iPhone,67060,17482,2020-08-28 16:01:20,f
1265011145879977985,"Nobody in 50 years has been WEAKER on China than Sleepy Joe Biden. He was asleep at the wheel. He gave them EVERYTHING they wanted, including rip-off Trade Deals. I am getting it all back!",f,f,Twitter for iPhone,154087,32952,2020-05-25 20:05:34,f
1273620783131250690,"....He didn’t want Bolton anywhere near him. Bolton’s dumbest of all statements set us back very badly with North Korea, even now. I asked him, “what the hell were you thinking?” He had no answer and just apologized. That was early on, I should have fired him right then &amp; there!",f,f,Twitter for iPhone,55825,12827,2020-06-18 14:17:12,f
1273620779645665280,"When Wacko John Bolton went on Deface the Nation and so stupidly said that he looked at the “Libyan Model” for North Korea, all hell broke out. Kim Jong Un, who we were getting along with very well, went “ballistic”, just like his missiles - and rightfully so....",f,f,Twitter for iPhone,72931,17448,2020-06-18 14:17:11,f
1306244076065431552,"Jim, you didn’t make a mistake. It’s true, and that’s why you said it. No pandering! https://t.co/64fFoZvMZc",f,f,Twitter for iPhone,89945,22373,2020-09-16 14:50:31,f
1278299171523637254,“No corroborating evidence to back reports.” Department of Defense. Do people still not understand that this is all a made up Fake News Media Hoax started to slander me &amp; the Republican Party. I was never briefed because any info that they may have had did not rise to that level,f,f,Twitter for iPhone,96574,25905,2020-07-01 12:07:26,f
1227958133550649346,DRAIN THE SWAMP! We want bad people out of our government!,f,f,Twitter for iPhone,224797,46552,2020-02-13 14:10:08,f
1278304961143734273,"Biden was asked questions at his so-called Press Conference yesterday where he read the answers from a teleprompter. That means he was given the questions, just like Crooked Hillary. Never have seen this before!",f,f,Twitter for iPhone,190613,47153,2020-07-01 12:30:27,f
1247858593740832772,“The number of New Yorkers admitted to hospitals has dropped.” @ainsleyearhardt @foxandfriends  Good news!,f,f,Twitter for iPhone,109584,18853,2020-04-08 12:07:27,f
1220107185276907521,"Sorry, if you come you will be immediately sent back! https://t.co/Ba9kmD6HD0",f,f,Twitter for iPhone,95821,23603,2020-01-22 22:13:16,f
1247897591611682818,"...the Fake News Media into not covering them, but that effort failed because the ratings are through the roof according to, of all sources, the Failing New York Times, “Monday Night Football, Bachelor Finale” type numbers (&amp; sadly, they get it $FREE). Trump Derangement Syndrome!",f,f,Twitter for iPhone,67210,14249,2020-04-08 14:42:25,f
1228435668159926274,"....Today, @FLOTUS and I encourage all Americans to cherish and honor the memory of those we have lost through acts of love and service. We will hold Parkland forever in our hearts.",f,t,Twitter for iPhone,11297,2665,2020-02-14 21:47:41,f
1259451044834217984,True! https://t.co/kgH1z23HhO,f,f,Twitter for iPhone,42988,10411,2020-05-10 11:51:43,f
1299679618111242243,"Great crowd, great people! https://t.co/ugL8yuvPrF",f,f,Twitter for iPhone,60869,13385,2020-08-29 12:05:42,f
1220326789182033920,"Attorney Generals from 21 States are urging the Senate to reject Impeachment. They say the Articles have legal &amp; factual problems, and the Democrats case sets a dangerous historical precedent. “EVEN AN UNSUCCESSFUL EFFORT TO IMPEACH THE PRESIDENT UNDERMINES THE INTEGRITY.....",f,f,Twitter for iPhone,73428,18461,2020-01-23 12:45:53,f
1220328518288052225,"The Democrat House would not give us lawyers, or not one witness, but now demand that the Republican Senate produce the witnesses that the House never sought, or even asked for? They had their chance, but pretended to rush. Most unfair &amp; corrupt hearing in Congressional history!",f,f,Twitter for iPhone,120284,26270,2020-01-23 12:52:46,f
1228446619500150784,"Thank you Arnold, very nice. https://t.co/didAAHILFk",f,f,Twitter for iPhone,64457,13178,2020-02-14 22:31:12,f
1306664076546838531,"Want to register to vote? Request an Absentee Ballot or vote early - simply click the below link. My campaign has made it incredibly easy! #Vote #TrumpPence2020
https://t.co/u25yI5T7E8",f,f,Twitter for iPhone,33246,11605,2020-09-17 18:39:27,f
1228449937211392000,".@LouieGohmertTX1 is a Fantastic Republican from the Great State of Texas! He fully supports our #MAGA and #KAG Agenda, Border WALL, Military, Vets, and your Second Amendment. Louie is my friend and has my Complete and Total Endorsement! https://t.co/7MWH000IbI",f,f,Twitter for iPhone,40244,13973,2020-02-14 22:44:23,f
1248026598860881921,"This morning, 450,000 protective suits landed in Dallas, Texas. This was made possible because of the partnership of two great American companies—DuPont and FedEx—and our friends in Vietnam. Thank you! @DuPont_News @FedEx https://t.co/8yhG6tYnQW",f,f,Twitter for iPhone,93282,19079,2020-04-08 23:15:03,f
1299688064969854977,"I saved the Iron Range from the Obama Closure. We opened it up again, proudly. Also sent the National Guard the Minneapolis to squelch a big problem. It worked, and quickly!!! https://t.co/v8mkiawBy5",f,f,Twitter for iPhone,50808,13983,2020-08-29 12:39:16,f
1210345748933595137,"“Nancy Pelosi is trying to usurp the Constitutional role of the Senate. The longer this goes on, the more petty, partisan &amp, political it all looks.” @KarlRove @FoxNews Just more of the same from the Do Nothing Dems. Nancy should be helping the record number of homeless in her D!",f,f,Twitter for iPhone,56503,14091,2019-12-26 23:44:48,f
1210183406904074240,"Nancy Pelosi’s District in California has rapidly become one of the worst anywhere in the U.S. when it come to the homeless &amp, crime. It has gotten so bad, so fast - she has lost total control and, along with her equally incompetent governor, Gavin Newsom, it is a very sad sight!",f,f,Twitter for iPhone,110642,27185,2019-12-26 12:59:42,f
1228666350635290624,"“Ralph Waldo Emerson seemed to foresee the lesson of the Senate Impeachment Trial of President Trump. ‘When you strike at the King, Emerson famously said, “you must kill him.’ Mr. Trump’s foes struck at him but did not take him down. A triumphant Mr.Trump emerges from the.....",f,f,Twitter for iPhone,95945,22594,2020-02-15 13:04:20,f
1299750156519129095,"Now that Biden’s Polls are dropping fast, he has agreed to get out of his basement and start campaignin,“in ten days.” Sadly, that is a very slow reaction time for a President. Our beloved USA needs a much faster, smarter, and tougher response than that. Get out there today, Joe!",f,f,Twitter for iPhone,157558,34829,2020-08-29 16:46:00,f
1306728886902968321,Happy #ConstitutionDay! https://t.co/DoahM18IuK https://t.co/4pdkdqr75c,f,f,Twitter for iPhone,43862,13234,2020-09-17 22:56:59,f
1299684861171687426,Dan has my Complete and Total Endorsement. We need Dan in Washington! https://t.co/yWCD1ALgpY,f,f,Twitter for iPhone,28450,7453,2020-08-29 12:26:32,f
1274080589310824450,Joe Biden’s rally. ZERO enthusiasm! https://t.co/IB2BrrmTPH,f,f,Twitter for iPhone,191465,41347,2020-06-19 20:44:18,f
1274170612110540806,"....as to whether they want help in taking back Seattle. Ready to move quickly! Damage to various Democrat run Cities &amp; States, including statue demolition, should not be allowed to happen. Ready to solve problem quickly! Federal Government is Ready, Willing &amp; Able!@TuckerCarlson",f,f,Twitter for iPhone,66971,14655,2020-06-20 02:42:01,f
1265819308699070464,"Big Tech is doing everything in their very considerable power to CENSOR in advance of the 2020 Election. If that happens, we no longer have our freedom. I will never let it happen! They tried hard in 2016, and lost. Now they are going absolutely CRAZY. Stay Tuned!!!",f,f,Twitter for iPhone,169231,43245,2020-05-28 01:36:55,f
1259538752327897092,"Wow, this is BIG! https://t.co/cC9NlHWdfl",f,f,Twitter for iPhone,57502,18467,2020-05-10 17:40:14,f
1265827032707072000,Texas Supreme Court: Lack of immunity to COVID-19 alone not enough to vote by mail https://t.co/rAZVRF4nkj  Big win in Texas on the dangerous Mail In Voting Scam!,f,f,Twitter for iPhone,54849,16162,2020-05-28 02:07:37,f
1294397381073678339,"I promised YOU I would not take a dime of salary as your President. I donate the entire $400,000! It is my honor to give $100,000 to @NatlParkService to help repair and restore our GREAT National Monuments. So important to our American History! Thank You!! https://t.co/4ETkUZ9yUf",f,f,Twitter for iPhone,262238,63002,2020-08-14 22:15:59,f
1259667289252790275,"He got caught, OBAMAGATE! https://t.co/oV6fum0zIS",f,f,Twitter for iPhone,181849,62314,2020-05-11 02:10:59,f
1265976095209373696,The greatest political crime in USA History! https://t.co/kyPZwHsBDQ,f,f,Twitter for iPhone,39437,11398,2020-05-28 11:59:56,f
1248578583225872385,"Congress must go back to DEDUCTIBILITY by businesses if Restaurants, Clubs &amp; Entertaiment is expected to flourish (like never before)!",f,f,Twitter for iPhone,69392,14528,2020-04-10 11:48:26,f
1229756038469079040,"....badly tainted and, in my opinion, should be thrown out. Even Mueller’s statement to Congress that he did not see me to become the FBI Director (again), has been proven false. The whole deal was a total SCAM. If I wasn’t President, I’d be suing everyone all over the place...",f,f,Twitter for iPhone,43784,11163,2020-02-18 13:14:21,f
1240355985673392128,"I want all Americans to understand: we are at war with an invisible enemy, but that enemy is no match for the spirit and resolve of the American people...",f,f,Twitter for iPhone,256018,45517,2020-03-18 19:14:46,f
1274066597892820997,"Congressman Hal Rogers is doing a tremendous job for the people of Kentucky! He is Strong on the Border, Life and always Protects your Second Amendment. Hal has my Complete and Total Endorsement! #KY05
https://t.co/01BQd9ekLO",f,f,Twitter for iPhone,28931,7371,2020-06-19 19:48:42,f
1275210912077680640,WOW! The Trump Rally gives @FoxNews the “LARGEST SATURDAY NIGHT AUDIENCE IN ITS HUSTORY”. Isn’t it amazing that virtually nobody in the Lamestream Media is reporting this rather major feat!,f,f,Twitter for iPhone,151644,34204,2020-06-22 23:35:48,f
1259867421676109824,"Because it was OBAMAGATE, and he and Sleepy Joe led the charge. The most corrupt administration in U.S. history! https://t.co/PTzFvvITh3",f,f,Twitter for iPhone,125259,41558,2020-05-11 15:26:15,f
1229791557110435840,THANK YOU! #MAGA #KAG2020 https://t.co/rpJa1nxCLm,f,t,Twitter for iPhone,32858,8102,2020-02-18 15:35:30,f
1307021711930544135,Happy Birthday to our GREAT @USAirforce! #USAF73🇺🇸 https://t.co/ANVlqKB36u,f,f,Twitter for iPhone,62625,14569,2020-09-18 18:20:34,f
1275479652140822529,"Hogan Gidley will be leaving the White House on July 1 and heading over to my campaign to be the National Press Secretary.  He is a strong, loyal and trusted member of the team that I know will do an outstanding job! We must WIN this election! Follow him at @JHoganGidley.",f,f,Twitter for iPhone,81393,17987,2020-06-23 17:23:40,f
1300041598449917953,LAW &amp; ORDER!!!,f,f,Twitter for iPhone,333641,59482,2020-08-30 12:04:05,f
1266711221191020544,"Great job last night at the White House by the U.S. @SecretService. They were not only totally professional, but very cool. I was inside, watched every move, and couldn’t have felt more safe. They let the “protesters” scream &amp; rant as much as they wanted, but whenever someone....",f,f,Twitter for iPhone,145771,29809,2020-05-30 12:41:04,f
1206955356280279040,Would be sooo great if the Fed would further lower interest rates and quantitative ease. The Dollar is very strong against other currencies and there is almost no inflation. This is the time to do it. Exports would zoom!,f,f,Twitter for iPhone,80169,18133,2019-12-17 15:12:35,f
1206950027148582912,Impeachment Poll numbers are starting to drop like a rock now that people are understanding better what this whole Democrat Scam is all about!,f,f,Twitter for iPhone,96900,20504,2019-12-17 14:51:25,f
1206812317809143808,Congressman Jeff Van Drew is very popular in our great and very united Republican Party. It was a tribute to him that he was able to win his heavily Republican district as a Democrat. People like that are not easily replaceable!,f,f,Twitter for iPhone,76049,14970,2019-12-17 05:44:12,f
1260155029253771264,Fake Journalists! https://t.co/fdFWf95Zz1,f,f,Twitter for iPhone,86016,18523,2020-05-12 10:29:06,f
275717584127676416,I am watching the New York mayoral race very closely...,f,f,Twitter Web Client,25,40,2012-12-03 21:46:09,f
1249103831994118146,"The Wall Street Journal Editorial Board doesn’t have a clue on how to fight and win. Their views on Tariffs &amp; Trade are losers for the U.S., but winners for other countries, including China. If we followed their standards,  we’d have no Country left. They should love Sleepy Joe!",f,f,Twitter for iPhone,68165,15494,2020-04-11 22:35:35,f
1310219962024439808,"Obamacare will be replaced with a MUCH better, and FAR cheaper, alternative if it is terminated in the Supreme Court. Would be a big WIN for the USA!",f,f,Twitter for iPhone,214780,44398,2020-09-27 14:09:16,f
1249422044564992001,The big Oil Deal with OPEC Plus is done. This will save hundreds of thousands of energy jobs in the United States. I would like to thank and congratulate President Putin of Russia and King Salman of Saudi Arabia. I just spoke to them from the Oval Office. Great deal for all!,f,f,Twitter for iPhone,154471,36466,2020-04-12 19:40:03,f
1230285216217886720,"I AM ON MY WAY, SEE YOU SOON! https://t.co/EgUBqPNlYh",f,f,Twitter for iPhone,109744,21296,2020-02-20 00:17:07,f
1280115980090380288,"If you want your 401k’s  and Stocks, which are getting close to an all time high (NASDAQ is already there), to disintegrate and disappear, vote for the Radical Left Do Nothing Democrats and Corrupt Joe Biden. Massive Tax Hikes - They will make you very poor, FAST!",f,f,Twitter for iPhone,99806,24629,2020-07-06 12:26:47,f
1216961142867681280,Thank you! https://t.co/4Qe7fb6r3K,f,f,Twitter for iPhone,184999,27246,2020-01-14 05:52:01,f
1260407831137828865,Fake @PulitzerPrizes must be taken back. These “journalists” got everything wrong. Give them to the real journalists who got it right! https://t.co/at2oRBwdOS,f,f,Twitter for iPhone,66988,20926,2020-05-13 03:13:38,f
1308008758031904768,"“The Trump Century, How Our President Changed the Course of History Forever”. On sale tomorrow. A great book by an even greater author. Make Lou NUMBER ONE! Much better than the boring, no new info., Woodward book. Besides, Lou is much smarter and sharper than Bob, by a lot!",f,f,Twitter for iPhone,99337,22545,2020-09-21 11:42:44,f
1249505062554144768,"The @nytimes story is a Fake, just like the “paper” itself. I was criticized for moving too fast when I issued the China Ban, long before most others wanted to do so. @SecAzar told me nothing until later, and @PeterNavarroUSA memo was same as Ban (see his statements). Fake News!",f,t,Twitter for iPhone,33854,9077,2020-04-13 01:09:56,f
1280328830218051584,"The highly respected Henry Ford Health System just reported, based on a large sampling, that HYDROXYCHLOROQUINE cut the death rate in certain sick patients very significantly. The Dems disparaged it for political reasons (me!). Disgraceful. Act now @US_FDA @TuckerCarlson @FoxNews",f,f,Twitter for iPhone,159429,47428,2020-07-07 02:32:35,f
1310791096138706945,"Now Fake News @CNN is actually reporting that I wanted my daughter, Ivanka, to run with me as my Vice President in 2016 Election. Wrong and totally ridiculous. These people are sick!",f,f,Twitter for iPhone,185889,39478,2020-09-29 03:58:45,f
1249712404260421633,"For the purpose of creating conflict and confusion, some in the Fake News Media are saying that it is the Governors decision to open up the states, not that of the President of the United States &amp; the Federal Government. Let it be fully understood that this is incorrect....",f,f,Twitter for iPhone,148348,32864,2020-04-13 14:53:50,f
1308152685707710466,I agree 100%. https://t.co/9lgiXcdlC5,f,f,Twitter for iPhone,131131,29192,2020-09-21 21:14:39,f
1230557232615444482,“The decision not to prosecute Andy McCabe is utterly inexplicable.” @Judgenap  @HARRISFAULKNER @FoxNews,f,f,Twitter for iPhone,56335,14912,2020-02-20 18:18:01,f
1276625240341307398,"I was going to go to Bedminster, New Jersey, this weekend, but wanted to stay in Washington, D.C. to make sure LAW &amp; ORDER is enforced. The arsonists, anarchists, looters, and agitators have been largely stopped...",f,f,Twitter for iPhone,142717,28646,2020-06-26 21:15:50,f
1280857657365200902,"I disagree with @CDCgov on their very tough &amp; expensive guidelines for opening schools. While they want them open, they are asking schools to do very impractical things. I will be meeting with them!!!",f,f,Twitter for iPhone,171686,35485,2020-07-08 13:33:57,f
1230637051520794625,"Wow, thank you — on my way!! https://t.co/iGs4UQKLfF",f,f,Twitter for iPhone,85619,17480,2020-02-20 23:35:11,f
1276837074298122240,"....We will win the Election against Corrupt Joe Biden, Nancy Pelosi, and Schumer. We will save the Supreme Court, your 2nd Amendment, permanent damage from the ridiculous Green New Deal, and you from massive Tax Hikes. Also, our Heritage, History and LAW &amp; ORDER!",f,f,Twitter for iPhone,85195,21044,2020-06-27 11:17:35,f
1295792202526973952,"...Meanwhile, I gave America energy independence in fact, so much energy we could never use it all. The Bernie/Biden/AOC Green New Deal plan would take California’s failed policies to every American!",f,f,Twitter for iPhone,65818,17389,2020-08-18 18:38:30,f
1260912207027675136,"I don’t know the so-called Whistleblower Rick Bright, never met him or even heard of him, but to me he is a disgruntled employee, not liked or respected by people I spoke to and who, with his attitude, should no longer be working for our government!",f,f,Twitter for iPhone,125192,25682,2020-05-14 12:37:51,f
1250063051182747651,"Cuomo’s been calling daily, even hourly, begging for everything, most of which should have been the state’s responsibility, such as new hospitals, beds, ventilators, etc. I got it all done for him, and everyone else, and now he seems to want Independence! That won’t happen!",f,f,Twitter for iPhone,183330,34515,2020-04-14 14:07:11,f
949070800417640454,MAKING AMERICA GREAT AGAIN! https://t.co/iONbr1DkVk,f,f,Twitter for iPhone,79061,17547,2018-01-05 00:11:26,f
1281071885887975424,"THANK YOU! #MAGA2020 
https://t.co/Eecj1gGGHS",f,f,Twitter for iPhone,162977,37341,2020-07-09 03:45:13,f
950507353094356993,"We are fighting for our farmers, for our country, and for our GREAT AMERICAN FLAG. We want our flag respected - and we want our NATIONAL ANTHEM respected also! https://t.co/16eOLXg6Fi",f,f,Twitter for iPhone,89774,17493,2018-01-08 23:19:47,f
1221423557722431489,Rep. Jim Jordan Delivers Knockout Blow to Schiff’s Reputation https://t.co/tVBdWMrAjn,f,f,Twitter for iPhone,39860,11115,2020-01-26 13:24:03,f
1221438768256823296,Why didn’t Schiff release this? https://t.co/ngxEqAIJU9,f,f,Twitter for iPhone,48076,15339,2020-01-26 14:24:30,f
1300914658337910784,True! https://t.co/Lmvkguz8N6,f,f,Twitter for iPhone,80703,16997,2020-09-01 21:53:19,f
1241739447122776064,Working very well with States and our Nation’s Governors. #TEAMWORK,f,f,Twitter for iPhone,87619,14846,2020-03-22 14:52:09,f
1277204969561755649,Thank you to the great people of The Villages. The Radical Left Do Nothing Democrats will Fall in the Fall. Corrupt Joe is shot. See you soon!!! https://t.co/4Gg1iGOhyG,f,t,Twitter for iPhone,41376,11283,2020-06-28 11:39:28,f
1230982069301329920,"Republicans are fighting for citizens from every background, every community, &amp; every walk of life. We are the party of boundless optimism, excitement, energy &amp; enthusiasm. We are welcoming Americans of all parties &amp; political persuasions to join our incredible movement to #MAGA! https://t.co/KeSW3yR4Mq",f,f,Twitter for iPhone,62514,17317,2020-02-21 22:26:10,f
1308537177903521792,"Congratulations to @JudgeJeanine on the release of her new book, “DON’T LIE TO ME” which is now available. Get your copy today! https://t.co/ObHQ9b4ymu",f,f,Twitter for iPhone,44148,10064,2020-09-22 22:42:29,f
1281556745211523072,"Mail-In Ballot fraud found in many elections. People are just now seeing how bad, dishonest and slow it is. Election results could be delayed for months. No more big election night answers? 1% not even counted in 2016. Ridiculous! Just a formula for RIGGING an Election....",f,f,Twitter for iPhone,121575,34452,2020-07-10 11:51:52,f
1231064642514030594,"Simply put, he choked! https://t.co/4GeJMvTO2j",f,f,Twitter for iPhone,40156,8828,2020-02-22 03:54:17,f
1296198517573201923,Will be having a Press Conference at 5:45 P.M. See you in 15 minutes!,f,f,Twitter for iPhone,96469,12425,2020-08-19 21:33:03,f
1296219101623459841,"Welcome, Barack and Crooked Hillary. See you on the field of battle! https://t.co/ZrTKXcc6aU",f,f,Twitter for iPhone,205223,75040,2020-08-19 22:54:51,f
1267809721458753537,"Congressman Mike Simpson (@MikeSimpson4ID) is a tremendous champion for Idaho! Mike is working hard for our incredible Farmers, and he strongly supports our Military, Vets and the Second Amendment. Mike has my Complete and Total Endorsement! #ID02
 https://t.co/vthaNF7s9f",f,f,Twitter for iPhone,32679,8324,2020-06-02 13:26:07,f
1277426062922842112,"Corrupt Joe Biden’s team is running false ads. Almost everything in them is a knowing lie, just the opposite of what they are saying, &amp; very much like their Fake News partners!",f,f,Twitter for iPhone,149997,33118,2020-06-29 02:18:01,f
1277429217190428673,"Absentee Ballots are fine. A person has to go through a process to get and use them. Mail-In Voting, on the other hand, will lead to the most corrupt Election is USA history. Bad things happen with Mail-Ins. Just look at Special Election in Patterson, N.J. 19% of Ballots a FRAUD!",f,f,Twitter for iPhone,149268,42183,2020-06-29 02:30:33,f
1231651294042972160,"Are any Democrat operatives, the DNC, or Crooked Hillary Clinton, blaming Russia, Russia, Russia for the Bernie Sanders win in Nevada. If so I suggest calling Bob Mueller &amp; the 13 Angry Democrats to do a new Mueller Report, Democrat Edition. Bob will get to the bottom of it!",f,f,Twitter for iPhone,102111,25224,2020-02-23 18:45:26,f
1293619264973414401,"Good news for Florida! I’m awarding $27.8M from @USDOT in federal infrastructure funds to five areas including Orlando, Jacksonville, Ft. Myers/Naples, St. Petersburg, and Tampa. Happy to support bus service for the people in beautiful Florida!",f,f,Twitter for iPhone,40978,9162,2020-08-12 18:44:01,f
1301165073583534081,"Will soon be heading to Wilmington, North Carolina, and then will be going to Battleship North Carolina. Look forward to seeing all of my friends!",f,f,Twitter for iPhone,90293,16521,2020-09-02 14:28:22,f
1268033455360786436,"Burgess Owens, Utah. “We weren’t to sure in 2016, but we voted for the right person to take us through this process.” @IngrahamAngle @FoxNews  Thank you Burgess. Working hard!",f,f,Twitter for iPhone,79547,15103,2020-06-03 04:15:09,f
1261606781979168771,So true! https://t.co/3QS54LCaYR,f,f,Twitter for iPhone,45671,12598,2020-05-16 10:37:51,f
1282113922523435008,2016? HERE WE GO AGAIN!,f,f,Twitter for iPhone,278985,41667,2020-07-12 00:45:54,f
1261672792484917248,"I’m not running against Sleepy Joe Biden. He is not even a factor. Never was, remember 1% Joe? I’m running against the Radical Left, Do Nothing Democrats &amp; their partner, the real opposition party, the Lamestream Fake News Media! They are vicious &amp; crazy, but we will WIN! https://t.co/ltdHSmaMYT",f,f,Twitter for iPhone,93289,30733,2020-05-16 15:00:09,f
1232067592086487043,Spelled @GiannoCaldwell!,f,f,Twitter for iPhone,30136,5859,2020-02-24 22:19:39,f
1268136470415540224,The knew it was Fake and went with it anyway. Lamestream Media is CORRUPT! https://t.co/LHIYoo92zx,f,f,Twitter for iPhone,57016,14068,2020-06-03 11:04:30,f
1242422012682919937,This is not about the ridiculous Green New Deal. It is about putting our great workers and companies BACK TO WORK!,f,f,Twitter for iPhone,196797,41561,2020-03-24 12:04:25,f
1301638082484150272,"Joe Hiden’ gets off his airplane, grabs and shakes a rather stunned man’s hand (like in the old days), then touches his (Joe’s) face and mask with the same hand. No crowd, no enthusiasm for Joe today. Law &amp; Order!",f,f,Twitter for iPhone,123435,26167,2020-09-03 21:47:56,f
1268396601405513728,Great job Ted. Country is proud of you!!! https://t.co/6Mb6wp4n6C,f,f,Twitter for iPhone,107385,28174,2020-06-04 04:18:10,f
1222907250383245320,“Schiff blasted for not focusing on California homeless.” @foxandfriends  His District is in terrible shape. He is a corrupt pol who only dreams of the Impeachment Hoax. In my opinion he is mentally deranged!,f,f,Twitter for iPhone,113884,25258,2020-01-30 15:39:43,f
1232664415637471234,Big Rally in the Great State of South Carolina on Friday. See you there!,f,f,Twitter for iPhone,84047,16664,2020-02-26 13:51:13,f
1243343475799719938,Will be interviewed on @seanhannity at 9:10 P.M. @FoxNews,f,t,Twitter for iPhone,42206,7419,2020-03-27 01:05:59,f
1252591306028785667,We will never let the great U.S. Oil &amp; Gas Industry down. I have instructed the Secretary of Energy and Secretary of the Treasury to formulate a plan which will make funds available so that these very important companies and jobs will be secured long into the future!,f,f,Twitter for iPhone,151486,29981,2020-04-21 13:33:34,f
1252640538647506947,"I urge the Senate and House to pass the Paycheck Protection Program and Health Care Enhancement Act with additional funding for PPP, Hospitals, and Testing. After I sign this Bill, we will begin discussions on the next Legislative Initiative with fiscal relief....",f,f,Twitter for iPhone,108337,23037,2020-04-21 16:49:12,f
1268552570617901058,"Please let this serve as my Complete and Total Endorsement of a great fighter and ally in North Carolina, @LyndaBennettNC. She is strong on Crime, Borders, Military, our Great Vets &amp; 2A. She will be a great help to me in DC. EARLY VOTING STARTS TODAY. We need Lynda Bennett! #NC11",f,f,Twitter for iPhone,95564,23669,2020-06-04 14:37:56,f
1311377298822705153,Should be arrested on the spot! https://t.co/x81s8npZEF,f,f,Twitter for iPhone,60356,18742,2020-09-30 18:48:06,f
1268683083852779520,"John Kelly didn’t know I was going to fire James Mattis, nor did he have any knowledge of my asking for a letter of resignation. Why would I tell him, he was not...",f,f,Twitter for iPhone,78170,16271,2020-06-04 23:16:32,f
1268686977320263681,“Police Groups Break With Biden” @politico His handlers want him to “Defund the Police.” I want more money for Law Enforcement!,f,f,Twitter for iPhone,117047,28971,2020-06-04 23:32:01,f
1253295683836219393,Thank you to Harvard and all others! https://t.co/UH15FJ5SqV,f,f,Twitter for iPhone,43038,8042,2020-04-23 12:12:30,f
1311123274579861505,"“The Fraternal Order of Police endorsed President Trump’s reelection, saying he has the ‘full and enthusiastic support’ of its more than 355,000 members.” https://t.co/ce8DjFNkHt",f,f,Twitter for iPhone,46640,13495,2020-09-30 01:58:42,f
1311310383781679107,"Biden REFUSED to use the term, LAW &amp; ORDER! There go the Suburbs.",f,f,Twitter for iPhone,244513,43678,2020-09-30 14:22:13,f
1233788838755151872,"THANK YOU SOUTH CAROLINA! 
https://t.co/7i5BYCQfg8",f,f,Twitter for iPhone,76392,16189,2020-02-29 16:19:16,f
1268870744538320898,We just landed Wisconsin a massive Navy shipbuilding contract. Beautiful designs! https://t.co/Zoli4BlNOC,f,f,Twitter for iPhone,36445,8470,2020-06-05 11:42:14,f
1253465846376280066,"Congressman @Troy_Balderson is doing a GREAT job for the People of Ohio! He will always Protect your #2A, Defend our Borders, and Support Small Business – a great supporter of the #MAGA Agenda. Troy has my Complete and Total Endorsement! https://t.co/ybcfR5rOOd",f,f,Twitter for iPhone,23631,6233,2020-04-23 23:28:40,f
1234107011614285824,"Mini Mike Bloomberg’s consultants and so-called “advisors”(how did that advice work out? Don’t ask!), are on the “gravy train” and all making a fortune for themselves pushing Mini hard, when they knew he never had what it takes. Don’t pay them anymore Mike, they led you down....",f,f,Twitter for iPhone,63854,13193,2020-03-01 13:23:34,f
1253467642431705091,"Congressman @SteveStivers is doing a terrific job for the People of Ohio! He defends our Borders, Supports our Veterans, Strong on Crime, and the Second Amendment. Steve has my Complete and Total Endorsement!
https://t.co/iX0VBJ44sT",f,f,Twitter for iPhone,27669,7107,2020-04-23 23:35:48,f
1234222094210211846,"“Who better than @RepRatcliffe, who got to the bottom of the FISAGATE &amp; RUSSIAGATE HOAX. It makes a lot of sense to put John Ratcliffe in there (DNI).The Senate should quickly approve him. @DevinNunes @MariaBartiromo  John will do a great job for the American people!",f,f,Twitter for iPhone,50571,13575,2020-03-01 21:00:52,f
1302946213608685568,A so-called peaceful protest! https://t.co/RYchH5x5cS,f,f,Twitter for iPhone,90503,27180,2020-09-07 12:25:59,f
1253690189144379392,"Just spoke to President Nayib Bukele of El Salvador. Will be helping them with Ventilators, which are desperately needed. They have worked well with us on immigration at the Southern Border!",f,f,Twitter for iPhone,91827,16465,2020-04-24 14:20:08,f
1253699430819250176,"Great conversation with President Lenin Moreno of the Republic of Equador. We will be sending them desperately needed Ventilators, of which we have recently manufactured many, and helping them in other ways. They are fighting hard against CoronaVirus!",f,t,Twitter for iPhone,1825,435,2020-04-24 14:56:51,f
1284899438591451137,"So we catch Obama &amp; Biden, not to even mention the rest of their crew, SPYING on my campaign, AND NOTHING HAPPENS? I hope not! If it were the other way around, 50 years for treason. NEVER FORGET!!!!",f,f,Twitter for iPhone,288266,70631,2020-07-19 17:14:33,f
1285196013020610562,"Congratulations Allen, great job! https://t.co/jjeUk1SwGm",f,f,Twitter for iPhone,102574,19563,2020-07-20 12:53:01,f
1253762674137149446,"I will never let our Post Office fail. It has been mismanaged for years, especially since the advent of the internet and modern-day technology. The people that work there are great, and we’re going to keep them happy, healthy, and well!",f,f,Twitter for iPhone,167894,28488,2020-04-24 19:08:09,f
1285538283892748288,Strong Stock Market Numbers. You want to see them dive? Vote for the Radical Left with their BIG Tax Hikes!,f,f,Twitter for iPhone,142107,28697,2020-07-21 11:33:05,f
1311333207254728704,Heading to Minnesota today. Saved Minneapolis after the Dem LEFT almost let it be TOTALLY destroyed! #MAGA,f,f,Twitter for iPhone,106373,21226,2020-09-30 15:52:54,f
1234519726702956545,".@FoxNews is working hard pushing the Radical Left, Do Nothing Democrats. They want to be, unlike their competitors, @CNN &amp; MSDNC (Comcast), Fair &amp; Balanced. When will they ever learn. The Radical Left never even gave @FoxNews permission to partake in their low rated debates!",f,f,Twitter for iPhone,49167,11885,2020-03-02 16:43:33,f
1303105851130081280,"The Fake News knows that Sleepy Joe doesn’t have a clue, and they want to protect his Radical Left Democrat enablers. He is so bad for the USA! https://t.co/saiRilw6xi",f,f,Twitter for iPhone,35937,10778,2020-09-07 23:00:20,f
1312442195509563392,"Doctors, Nurses and ALL at the GREAT Walter Reed Medical Center, and others from likewise incredible institutions who have joined them, are AMAZING!!!Tremendous progress has been made over the last 6 months in fighting this PLAGUE. With their help, I am feeling well!",f,f,Twitter for iPhone,649260,100144,2020-10-03 17:19:38,f
1286266178789310465,"Liz Cheney is only upset because I have been actively getting our great and beautiful Country out of the ridiculous and costly Endless Wars. I am also making our so-called allies pay tens of billions of dollars in delinquent military costs. They must, at least, treat us fairly!!!",f,f,Twitter for iPhone,110355,25079,2020-07-23 11:45:29,f
1269069041626484737,Great! https://t.co/uORB98BVvk,f,f,Twitter for iPhone,69892,17050,2020-06-06 00:50:12,f
1303293439296053249,Thanks Curt. Great pitcher!!! https://t.co/pMq197KahK,f,f,Twitter for iPhone,46639,11844,2020-09-08 11:25:44,f
1303301299816013824,Thank you Natalie! https://t.co/YVCZqo256D,f,f,Twitter for iPhone,27018,6166,2020-09-08 11:56:58,f
1311498845860196355,"In just 3 and a half years, we have secured America’s Borders, rebuilt the awesome power of the U.S. Military, obliterated the ISIS caliphate, fixed our disastrous Trade Deals, and brought JOBS back home to America – and back to MINNESOTA! #MAGA https://t.co/nX2oU5IWL0",f,f,Twitter for iPhone,70211,18737,2020-10-01 02:51:05,f
1269630609883910144,"Not only will Sleepy Joe Biden DEFUND THE POLICE, but he will DEFUND OUR MILITARY! He has no choice, the Dems are controlled by the Radical Left.",f,f,Twitter for iPhone,196240,44792,2020-06-07 14:01:40,f
1303404366687240194,Democrats and Sleepy Joe’s Peaceful Protestors! https://t.co/weQBW7xKic,f,f,Twitter for iPhone,89964,28100,2020-09-08 18:46:31,f
1269705225285361666,"We need @KarenHandel back in Congress to fight for the incredible people of Georgia! She is a tremendous advocate for our Military, Vets, Border Security and the Second Amendment. Karen has my Complete and Total Endorsement! #GA06
https://t.co/5JOaLlvZE0",f,f,Twitter for iPhone,34394,9204,2020-06-07 18:58:10,f
1287373747180244992,"The Trump Campaign has more ENTHUSIASM, according to many, than any campaign in the history of our great Country - Even more than 2016. Biden has NONE! The Silent Majority will speak on NOVEMBER THIRD!!! Fake Suppression Polls &amp; Fake News will not save the Radical Left.",f,f,Twitter for iPhone,120513,29507,2020-07-26 13:06:34,f
1287470740237946882,"There is NO WAY a place like Pennsylvania can vote for the Radical Left and their puppet, Joe Biden, when they are against fracking, steel production, and just about everything else that Pennsylvania stands for. Likewise, Texas, and many other states!!!",f,f,Twitter for iPhone,118850,27630,2020-07-26 19:31:59,f
1269974605059555328,"CNN Polls are as Fake as their Reporting. Same numbers, and worse, against Crooked Hillary. The Dems would destroy America!",f,f,Twitter for iPhone,140667,29293,2020-06-08 12:48:35,f
1303678141173575680,Thank you! https://t.co/S2kgsPh77l,f,f,Twitter for iPhone,114159,19544,2020-09-09 12:54:24,f
1270333484528214018,"Buffalo protester shoved by Police could be an ANTIFA provocateur. 75 year old Martin Gugino was pushed away after appearing to scan police communications in order to black out the equipment. @OANN  I watched, he fell harder than was pushed. Was aiming scanner. Could be a set up?",f,f,Twitter for iPhone,181705,43589,2020-06-09 12:34:39,f
1270335574533169152,"Poll: Trump Better Than Biden On Economic Growth, 55% to 34%. That’s all? Who are the 34%?",f,f,Twitter for iPhone,134435,23050,2020-06-09 12:42:57,f
1303835269343346688,"These are my real words about our GREAT HEROES, not made up lies by the enemy. THANK YOU and God Bless You All! https://t.co/oFgQXzpJHU",f,f,Twitter Media Studio,92088,33928,2020-09-09 23:18:46,f
1288966119676616704,"As the Wall goes up, illegal crossings go down. This past week we built over 10 miles of Wall at our Southern Border. We now have 256 miles of NEW Wall and we are on track to have 300 miles completed by the end of August! https://t.co/AWl0dYfY1w",f,f,Twitter for iPhone,137752,30016,2020-07-30 22:34:05,f
1313861656766820352,Undecided Voters at Concast Town Hall Previously Told Network They Were Voting Biden...https://t.co/NDaiFaxmmU,f,f,Twitter for iPhone,55621,18024,2020-10-07 15:20:03,f
1304036421980893184,Governor Cuomo has completely lost control. Sad! https://t.co/Dd2ALPn8aj,f,f,Twitter for iPhone,37172,10254,2020-09-10 12:38:05,f
1313863059019051009,THE FAKE NEWS MEDIA IS THE REAL OPPOSITION PARTY!,f,f,Twitter for iPhone,440197,80333,2020-10-07 15:25:38,f
1304235190571597824,"When we win I, as your President, will totally forgive ALL deferred payroll taxes with money from the General Fund. I will ALWAYS protect Seniors and your Social Security! Sleepy Joe Biden will do the opposite, he will raise your taxes and DESTROY our Country!",f,f,Twitter for iPhone,163382,42056,2020-09-11 01:47:55,f
1304511871152795650,"Pelosi and Schumer want Trillions of Dollars of BAILOUT money for Blue States that are doing badly, both economically and in terms of high crime, as a condition to making a deal on stimulus - But the USA is coming back strong!",f,f,Twitter for iPhone,116302,27382,2020-09-11 20:07:21,f
1314362808281321472,I will be interviewed by @seanhannity tonight at 9:00 P.M. @FoxNews  Enjoy!,f,f,Twitter for iPhone,107209,17049,2020-10-09 00:31:27,f
1314372012735959040,"Biden is against Oil, Guns and Religion, a very bad combination to be fighting in the Great State of Texas. We are Winning Big, in the Real Polls, all over the Country!!! NOVEMBER 3rd. VOTE!!!",f,f,Twitter for iPhone,254227,51759,2020-10-09 01:08:02,f
1304605913874128900,Really Sad! https://t.co/AogCo9aAQc,f,f,Twitter for iPhone,56109,13417,2020-09-12 02:21:02,f
1304609690983321600,A must watch for the good of our DEMOCRACY! https://t.co/dVE6z7SShW,f,f,Twitter Media Studio,49572,21556,2020-09-12 02:36:03,f
1289873585318899712,"Madison is a star who loves the USA and his Great State, North Carolina. Will fight for Military, Vets, 2nd Amendment, Lower Taxes &amp; Regulations. He is a winner who has my Complete &amp; Total Endorsement! https://t.co/EXGrLh9dQt",f,f,Twitter for iPhone,30721,7914,2020-08-02 10:40:02,f
1289997897723863040,Great to have NASA Astronauts return to Earth after very successful two month mission. Thank you to all!,f,f,Twitter for iPhone,231659,29158,2020-08-02 18:54:00,f
284760895064784896,@phillykayman The Art of the Deal is a good start.,f,f,Twitter Web Client,5,4,2012-12-28 20:41:02,f
284753032640593921,"Once again Obama is going to lose on another prospective nomination. Chuck Hagel will not be named Sec. of Defense--&amp, probably shouldn't be.",f,f,Twitter Web Client,24,59,2012-12-28 20:09:48,f
282135748667387904,@PSU_Brush @Zigmanfreud  Thanks Matt.,f,f,Twitter Web Client,1,4,2012-12-21 14:49:38,f
281466686547316736,"Back by popular demand, @GiulianaRancic and @BravoAndy are co-hosting tonight's #MissUniverse pageant.  They are great!",f,f,Twitter Web Client,13,43,2012-12-19 18:31:02,f
278974490120171520,Thousands of fans have been sending letters to Trump Tower in anticipation of @CelebApprentice.  Really good show.,f,f,Twitter Web Client,23,43,2012-12-12 21:27:56,f
278595479015653376,"“Fans like winners. They come to watch stars – great, exciting players who do great exciting things.” - The Art of The Deal",f,f,Twitter Web Client,99,127,2012-12-11 20:21:52,f
278583370378792960,"""""""Mogul Donald Trump has many powerful friends. And it turns out one of them is Anna Wintour.” http://t.co/PD6RxccF via @FoxNews""",f,f,Twitter Web Client,14,22,2012-12-11 19:33:45,f
278550683056222209,@hopewellcody Thanks Cody,f,f,Twitter Web Client,9,7,2012-12-11 17:23:52,f
278269256657956865,The Ground Zero Mosque should not go up where planned. It is wrong.  My offer still stands to buy the property.  Good deal for everyone.,f,f,Twitter Web Client,729,751,2012-12-10 22:45:35,f
276812555337494529,"We are way over the fiscal cliff.  And with Obama Care being fully implemented in less than 14 months, it may be too late.",f,f,Twitter Web Client,68,224,2012-12-06 22:17:10,f
276806884583936000,"... and many others. Drop to your knees, Sugar, and say thank you, Mr. Trump.",f,f,Twitter Web Client,2649,3413,2012-12-06 21:54:38,f
276083807898173440,The stock of my shirt and tie maker just hit an all-time high--great going--great product!,f,f,Twitter Web Client,41,73,2012-12-04 22:01:23,f
274246345395671040,It’s Thursday.  How much did OPEC steal from all of us today?,f,f,Twitter Web Client,58,143,2012-11-29 20:19:58,f
274206090869235712,Scottish government having  huge backlash on wind turbines. @AlexSalmond is becoming very unpopular.,f,f,Twitter Web Client,9,45,2012-11-29 17:40:01,f
274164059258109952,"My son, @EricTrump, is in Memphis at St. Jude Children’s Research Hospital...",f,f,Twitter Web Client,53,57,2012-11-29 14:53:00,f
273520503090733056,The Muslim Brotherhood dictator in Egypt is bad news.  He will never be our true ally!,f,f,Twitter Web Client,88,218,2012-11-27 20:15:44,f
271289105105707009,"""""""A pessimist is one who makes difficulties of his opportunities...""",f,f,Twitter Web Client,212,560,2012-11-21 16:28:57,f
270638658078535680,Petraeus is already negotiating a book deal.  http://t.co/ZKJexYr9  Smart.  Always negotiate when you are a hot commodity!,f,f,Twitter Web Client,50,132,2012-11-19 21:24:18,f
269122660531855362,@rcthompson01 @cher I agree,f,f,Twitter Web Client,162,57,2012-11-15 17:00:16,f
268785553212854273,Celebrate 2013 @TrumpSoHo with downtown's nicest #NYE party. Get your tickets now: http://t.co/UgBCAMck,f,f,Twitter Web Client,9,23,2012-11-14 18:40:44,f
268416910595600384,"After Friday’s Twilight release, I hope Robert Pattinson will not be seen in public with Kristen--she will cheat on him again!",f,f,Twitter Web Client,4734,5110,2012-11-13 18:15:53,f
268358671174627328,".@davidaxelrod  David--Thank you, my great honor for a very worthy cause!",f,f,Twitter Web Client,13,23,2012-11-13 14:24:27,f
268086256750178304,"How come every time I show anger, disgust or impatience, enemies say I had a tantrum or meltdown—stupid or dishonest people?",f,f,Twitter Web Client,615,600,2012-11-12 20:21:59,f
266972430638137344,Robert Pattinson is putting on a good face for the release of Twilight. He took my advice on Kristen Stewart...I hope!,f,f,Twitter Web Client,1986,2231,2012-11-09 18:36:02,f
266292313863626752,Thank you to Joe Passov (Travelin’ Joe) of Golf Magazine for the great article... http://t.co/DQSHBWvw http://t.co/gt1eaZgv,f,f,Facebook,53,35,2012-11-07 21:33:29,f
266228570198777856,"""Brian, if I'm """"well past the last exit to relevance"""" how come you spent so much time reading my tweets last night? @NBCNightlyNews""",f,f,Twitter Web Client,275,293,2012-11-07 17:20:12,f
265926855016718337,"I have had the pleasure of getting to know @AnnDRomney &amp, @MittRomney this past year. They love America. Let's push them over the top today.",f,f,Twitter Web Client,329,752,2012-11-06 21:21:17,f
265897915204128769,The New Black Panthers are back at the same Philly polling station from '08 http://t.co/LIBmCVDs  Don't let them intimidate you!,f,f,Twitter Web Client,137,474,2012-11-06 19:26:17,f
265560730441498626,"""Obama just stated """"It's always good to ignore Donald Trump."""" I state he is right, especially when the truth is against him.""",f,f,Twitter Web Client,347,736,2012-11-05 21:06:26,f
264884389639491584,We don’t want to have a recount in any of the battleground states. Obama will steal it. Make sure all your friends and family vote.,f,f,Twitter Web Client,141,692,2012-11-04 00:18:54,f
264415457858183169,People are struggling to get gasoline for their cars--we are like a third world country.,f,f,Twitter Web Client,128,499,2012-11-02 17:15:32,f
264375651975458816,How could Obama leave those American heroes out to die in Benghazi?  And he continues to lie to the public!,f,f,Twitter Web Client,285,682,2012-11-02 14:37:21,f
264044128134893568,Press release. Video response to follow. http://t.co/3Xz74ipi,f,f,Facebook,75,206,2012-11-01 16:40:00,f
263724431451504641,"There is nothing I would be happier to do than to donate the $5M to a charity of Obama’s choice, once he releases all of his records.",f,f,Twitter Web Client,124,308,2012-10-31 19:29:38,f
263650077283872769,Watch the clip from @Late_Show where the crowd cheers after I explain that my offer is about transparency http://t.co/02ABDshA,f,f,Twitter Web Client,50,107,2012-10-31 14:34:11,f
263356437315588096,Fans shouldn't worry.  We have adjusted the filming schedule of the upcoming 13th season of @CelebApprentice appropriately due to the storm.,f,f,Twitter Web Client,34,140,2012-10-30 19:07:22,f
263286265934381058,"I am the best builder but if that were my building with the crane mishap, I would have been lambasted from coast to coast.",f,f,Twitter Web Client,124,343,2012-10-30 14:28:32,f
262996863777636352,"All weights are on crane's wrong side ---  very precarious below, move out!",f,f,Twitter Web Client,35,152,2012-10-29 19:18:33,f
262996426458546178,"Direct view of crane from apartment window. Crane was never properly secured, blowing in the breeze. http://t.co/fHVEFZd9",f,f,Facebook,56,323,2012-10-29 19:16:48,f
262557984817823744,"""A lot changed when David Letterman said """" he was probably born in this country""""--- the word probably is a total disaster for Obama.""",f,f,Twitter Web Client,114,308,2012-10-28 14:14:36,f
262277584568606721,@Bernard McGuirk Thanks for being so nice and defending me on O'Reilly...you're terrific!,f,f,Twitter Web Client,8,6,2012-10-27 19:40:23,f
261925589936648192,Barack Obama has everything to gain. Why would anyone ever deny $5M to charity?,f,f,Twitter Web Client,572,774,2012-10-26 20:21:41,f
261917839865286656,Where's the transparency? Despite Obama's denial @sfchronicle stands by report he just talked with Jeremiah Wright.,f,f,Twitter Web Client,19,100,2012-10-26 19:50:53,f
261909039238217728,Pretty audacious for Obama to call @MittRomney a BSer when he has lied about so much we don't have room to write.,f,f,Twitter Web Client,214,645,2012-10-26 19:15:55,f
261842687370612736,The Letterman show really turned things around- people finally understand my $5 million dollar offer to charity.... http://t.co/FjVYwWR4,f,f,Facebook,56,123,2012-10-26 14:52:16,f
260842555070115841,"""Thank you to @DailyTelegraph reviewer @NeilMidgley who stated """"'You've Been Trumped' was so biased in favour of the protesters...""",f,f,Twitter Web Client,10,25,2012-10-23 20:38:06,f
260488335003377664,I look forward to @MittRomney hitting Obama hard tonight for lying about Benghazi. CIA told Obama it was a terrorist attack after 24 hrs.,f,f,Twitter Web Client,129,525,2012-10-22 21:10:33,f
259367543196758017,"@stu120 No, sadly, not even close!",f,f,Twitter Web Client,120,65,2012-10-19 18:56:55,f
259324859623030784,.@MittRomney did a great job last night. Watch the clip! http://t.co/a1muA6zj,f,f,Twitter Web Client,67,160,2012-10-19 16:07:19,f
259035953161715713,"@waycooljr37 @Nationals Bob Kraft &amp, Coach Bill are far too smart!",f,f,Twitter Web Client,236,69,2012-10-18 20:59:18,f
259031638380527616,@crazymom28 I have a friend that wants to meet your sister.,f,f,Twitter Web Client,6084,5983,2012-10-18 20:42:09,f
258373635822215168,Why has Obama let China and others take our jobs?,f,f,Twitter Web Client,131,544,2012-10-17 01:07:29,f
258671417581780992,.@ashleycam2883 Re: Libya--Hillary took the blame for Obama.,f,f,Twitter Web Client,17,53,2012-10-17 20:50:46,f
258642133098049536,Can you imagine how embarrassing it would have been for the country if the candidates actually did get into a fist fight?,f,f,Twitter Web Client,177,301,2012-10-17 18:54:24,f
258566750071824384,"I still love Derek, he is a winner!",f,f,Twitter Web Client,33,87,2012-10-17 13:54:51,f
258263681945706496,"Because Obama was so pathetic in the first debate, tonight's audience will be humongous--people want to see if he is for real.",f,f,Twitter Web Client,42,180,2012-10-16 17:50:34,f
256836413914488832,"""""""What we are watching on our TV screens is the unraveling of the Obama foreign policy."""" --@PaulRyanVP""",f,f,Twitter Web Client,33,196,2012-10-12 19:19:07,f
256823035716325376,I'm going to the @Yankees game tonight to root them on--they always win when I am there.,f,f,Twitter Web Client,114,250,2012-10-12 18:25:57,f
256111919491084288,Receiving thousands of thank you letters from @LibertyU students for my convocation speech. The honor was all mine!  Great people.,f,f,Twitter Web Client,35,50,2012-10-10 19:20:14,f
255738703052435456,Looking forward to live tweeting during the rest of the debates. Will be a lot of fun.,f,f,Twitter Web Client,51,77,2012-10-09 18:37:12,f
255680998069633025,.@jack_welch is correct--these reporters would not have been so brave while Jack was running GE.,f,f,Twitter Web Client,19,46,2012-10-09 14:47:54,f
255397854347157505,How long did it take for Obama to call Hugo Chavez and congratulate him on his 'reelection?' Who do you think Chavez supports in ours?,f,f,Twitter Web Client,689,959,2012-10-08 20:02:48,f
253944806739439616,"Scary &amp, Unsustainable: On Monday the US added more debt than from 1776 through Pearl Harbor http://t.co/fZGWVH5E",f,f,Twitter Web Client,40,292,2012-10-04 19:48:54,f
253575964603342848,@escobedoantonio Thank you,f,f,Twitter Web Client,1,4,2012-10-03 19:23:15,f
253231150535942144,I'll be on @gretawire tonight on @foxnews at 10 pm.,f,f,Twitter Web Client,16,37,2012-10-02 20:33:05,f
253119663570055169,"""""""I've learned that mistakes can often be as good a teacher as success."""" --Jack Welch""",f,f,Twitter Web Client,159,512,2012-10-02 13:10:05,f
252854124905897984,Only 36 days until the election. @MittRomney needs to stay on offense. Make Obama's terrible record the issue. #TimeToGetTough,f,f,Twitter Web Client,45,250,2012-10-01 19:34:55,f
252850650784882688,"""In debate, @MittRomney should ask Obama why autobiography states """"born in Kenya, raised in Indonesia.""""""",f,f,Twitter Web Client,632,882,2012-10-01 19:21:07,f
251673779099545600,Are you a young professional getting ready for a big meeting? Pick up a #Trump suit @Macys http://t.co/ils4Ysod  Look your best!,f,f,Twitter Web Client,33,55,2012-09-28 13:24:39,f
251382918960783361,"""Does Madonna know something we all don't about Barack? At a concert she said """"we have a black Muslim in the White House.""""""",f,f,Twitter Web Client,1690,1301,2012-09-27 18:08:53,f
251130494291410945,"Jerry Falwell, Jr. stated speech was best in University's history...my great honor.",f,f,Twitter Web Client,31,61,2012-09-27 01:25:50,f
250960421287260160,Andy Williams has died. He was a friend of mine and a great guy.,f,f,Twitter Web Client,17,72,2012-09-26 14:10:01,f
250311855229255680,The Emmys were horrendous...the absolute worst show!,f,f,Twitter Web Client,74,196,2012-09-24 19:12:51,f
250282366248030208,"Just left Liberty University. Chancellor Jerry Falwell Jr.&amp, his father have done an amazing job...great school &amp, the students were fantastic",f,f,Twitter Web Client,209,564,2012-09-24 17:15:40,f
248882168431009793,"""""""The important thing is not to stop questioning. Curiosity has its own reason for existing."""" --Albert Einstein""",f,f,Twitter Web Client,300,620,2012-09-20 20:31:47,f
248490010599370752,"Have you seen the new #Trump fall collection exclusively available @Macys? Top selling brand nationwide.Ties, shirts, fragrance-great gifts.",f,f,Twitter Web Client,11,40,2012-09-19 18:33:29,f
248471159803363328,"China has been unfairly subsidizing the export of cars &amp, auto parts. I've been saying this for 3 years...",f,f,Twitter Web Client,110,145,2012-09-19 17:18:35,f
248466008841539585,"""Via @washingtonpost: """"The Donald's video should have trumped Eastwood"""" by @CapehartJ  http://t.co/nxz1dYLb""",f,f,Twitter Web Client,10,28,2012-09-19 16:58:07,f
248157840500469762,Our soldiers can't even have any more joint exercises with Afghan soldiers because they are getting shot in the (cont) http://t.co/lae0dJlK,f,f,TwitLonger Beta,15,87,2012-09-18 20:33:34,f
248143084666376192,It's Tuesday. How many more non-stories will the liberal media try to manufacture so everyone ignores Obama's record?,f,f,Twitter Web Client,132,445,2012-09-18 19:34:56,f
246661164782723072,"""Via @starpulse: """"Donald Trump Calls Barack Obama 'Incompetent'"""" http://t.co/Z5HjJFqj""",f,f,Twitter Web Client,47,108,2012-09-14 17:26:19,f
246253814880038913,"If Obama was smart, he would cancel the Muslim Brotherhood's WH visit later this month. He won't.",f,f,Twitter Web Client,163,443,2012-09-13 14:27:39,f
245962060964454400,"It's Wednesday, how many more of our embassies will be stormed by Islamists?",f,f,Twitter Web Client,20,152,2012-09-12 19:08:19,f
245956504191131649,"The Middle East is blowing up--we didn't back Egypt and now they riot against us. Iran is using Iraqi airspace, (cont) http://t.co/HVtjKSNN",f,f,TwitLonger Beta,13,144,2012-09-12 18:46:14,f
245902265922224128,We fight to free Libya and they kill our Ambassador and other Americans. Obama's foreign policy is a joke.,f,f,Twitter Web Client,208,1221,2012-09-12 15:10:43,f
245587044523462656,"The onus of the Chicago teachers' strike falls squarely on the teachers &amp, their union. Inexcusable to leave children without school.",f,f,Twitter Web Client,34,168,2012-09-11 18:18:08,f
244123358638247937,If @BarackObama had to use the same labor participation he had when he entered office then the unemployment number would be 11.2%,f,f,Twitter Web Client,30,222,2012-09-07 17:21:58,f
243369048040144896,"Why does US doping agency destroy an American icon, @lancearmstrong, for events that took place years ago in France?",f,f,Twitter Web Client,68,220,2012-09-05 15:24:37,f
241584383235088384,We have all the cards. Now is the time to make a great deal with Iran.,f,f,Twitter Web Client,89,84,2012-08-31 17:13:00,f
239009177790459904,I am very surprised that @lancearmstrong gave up. I never thought he was a quitter...,f,f,Twitter Web Client,28,194,2012-08-24 14:40:03,f
236537149070143488,US government's foreign indebtedness has grown over 72% under @BarackObama. He is bleeding us dry to China.,f,f,Twitter Web Client,115,286,2012-08-17 18:57:05,f
236184441146449920,I still hold the all-time attendance and pay per view record at @WWE.,f,f,Twitter Web Client,591,787,2012-08-16 19:35:33,f
236161065497550848,"My interview with Don Imus on @77WABCradio discussing my @RNC convention surprise &amp, @MittRomney's China policy http://t.co/kWK49NuX",f,f,Twitter Web Client,4,18,2012-08-16 18:02:40,f
235800598237286400,"""Watch @PaulRyanVP explain how """"'It's irrefutable' that President Obama is damaging Medicare'"""" http://t.co/TeWHwTTP""",f,f,Twitter Web Client,20,92,2012-08-15 18:10:18,f
235124033232990208,"Congratulations to our Olympic team for by far winning the most medals, including first place gold.",f,f,Twitter Web Client,34,140,2012-08-13 21:21:52,f
232898573228990464,Now China 'calls in' US diplomats to lecture them on their illegal escapades. http://t.co/LWhbf4ml  The new reality. @BarackObama is weak.,f,f,Twitter Web Client,8,83,2012-08-07 17:58:41,f
232830924675481600,"Wrong--@BarackObama's '08 campaign manager &amp, current Senior WH Advisor collected $100G fee from Iranian affiliate http://t.co/azS83eAN",f,f,Twitter Web Client,35,109,2012-08-07 13:29:52,f
232573681736503298,An 'extremely credible source' has called my office and told me that @BarackObama bought his house with the help of Tony Rezko.,f,f,Twitter Web Client,145,363,2012-08-06 20:27:41,f
232552901824901120,Congratulations to Gabby Douglas on winning the Gold for the USA in gymnastics. She is terrific!,f,f,Twitter Web Client,47,119,2012-08-06 19:05:07,f
230660130126057472,Consumer spending is continuing to fall with weak June numbers. @BarackObama's policies have created a climate (cont) http://t.co/GA2MwpVg,f,f,TwitLonger Beta,13,47,2012-08-01 13:43:55,f
230339069580820480,"Great job to Missy Franklin. She's got a smile that can take over the world. She's also a major talent. Great going, Missy!",f,f,Twitter Web Client,21,98,2012-07-31 16:28:08,f
225667355617935361,What recovery? JP Morgan has readjusted Q2 growth down from 1.7% to 1.4% and Q3 to 1.5% with 2012 on a whole at 1.7% http://t.co/c9PYimWh,f,f,Twitter Web Client,9,67,2012-07-18 19:04:24,f
225251110494027776,Outrageous--@BarackObama is trying to unilaterally gut welfare reform http://t.co/gd9UgcQZ  He doesn't believe in a strong work ethic.,f,f,Twitter Web Client,23,95,2012-07-17 15:30:24,f
225244643837751296,"""""""The Supreme Art of war is to subdue the enemy without fighting."""" -- Sun Tzu""",f,f,Twitter Web Client,12304,6393,2012-07-17 15:04:42,f
223825720869273600,America's Olympic uniforms are manufactured in China. Burn the uniforms!#U.S.OlympicCommittee,f,f,Twitter Web Client,80,493,2012-07-13 17:06:24,f
223800861430775810,"Seth Meyers was terrible co-hosting with Kelly. Marbles in his mouth-&amp, he must stop picking at his hands--insult to the great Regis Philbin!",f,f,Twitter Web Client,93,108,2012-07-13 15:27:38,f
223137365768671234,"""""""There's no bigger name in America than Donald Trump, political or nonpolitical."""" --Sarasota GOP Chair Joe Gruters""",f,f,Twitter Web Client,68,90,2012-07-11 19:31:08,f
223092795760574465,"How can @BarackObama invoke Richard Nixon against @MittRomney when Obama just used Executive Privilege on Fast &amp, Furious?!",f,f,Twitter Web Client,132,198,2012-07-11 16:34:02,f
222685591639310336,.@MittRomney should not give any other further information until @BarackObama releases the things that everyone wants to see----,f,f,Twitter Web Client,21,129,2012-07-10 13:35:57,f
218759048596684801,It seems that Justice Scalia originally wrote the majority on ObamaCare and Roberts then switched his position. http://t.co/09769AIk,f,f,Twitter Web Client,21,80,2012-06-29 17:33:16,f
218419153114116098,"""A list from @Heritage: """"Top 10 Most Expensive Obamacare Taxes and Fees"""" http://t.co/7xUAxXOq""",f,f,Twitter Web Client,52,180,2012-06-28 19:02:38,f
218072340737687553,"Preliminary talks have begun for next season's #CelebrityApprentice. As usual, we will have another great season.",f,f,Twitter Web Client,18,47,2012-06-27 20:04:32,f
217676790586552320,Welcome to the new Egypt Muslim Brotherhood representatives who won't take questions from Israeli journalists http://t.co/OilIIIub,f,f,Twitter Web Client,26,131,2012-06-26 17:52:45,f
216221815314452480,"Watch the WH spokesman try to spin @BarackObama's rationale for using exec. priv. on Fast &amp, Furious http://t.co/MYGebRJq",f,f,Twitter Web Client,29,88,2012-06-22 17:31:12,f
213309742343397376,Today is my birthday. My wish is for our country to be great and prosperous again.,f,f,Twitter Web Client,1859,1149,2012-06-14 16:39:40,f
211584485081354240,Miss Pennsylvania is just looking for free publicity at the expense of the real winner of Miss USA Olivia Culpo.,f,f,Twitter Web Client,21,67,2012-06-09 22:24:06,f
210388131432759298,".@BillClinton was very nice to me, as I am to him, on the Piers Morgan Show (CNN). He is loyal to his friends. @piersmorgan",f,f,Twitter Web Client,533,809,2012-06-06 15:10:14,f
210096130204241920,"""""""A market is never saturated with a good product, but it is very quickly saturated with a bad one."""" -- Henry Ford""",f,f,Twitter Web Client,96,330,2012-06-05 19:49:55,f
208666207589642241,The stock market is having a horrendous day- bad employment numbers.,f,f,Twitter Web Client,474,388,2012-06-01 21:07:55,f
207884765616013313,"Rush is right. @limbaugh and I have both created more jobs than @BarackObama...in fact, far more jobs!",f,f,Twitter Web Client,52,263,2012-05-30 17:22:45,f
207861226779328512,Perhaps @BarackObama's biggest shortcoming as President is he failed to unite the country.,f,f,Twitter Web Client,3794,2425,2012-05-30 15:49:12,f
207565458109509632,So @BarackObama will attack @MittRomney's career at Bain Capital but won't return donations from Bain executives http://t.co/kXrifY31,f,f,Twitter Web Client,24,199,2012-05-29 20:13:56,f
207561234428604416,Now @BarackObama has decided there are 5 million Palestinian refugees http://t.co/iAOgMPI1  He always goes against @Israel's interest.,f,f,Twitter Web Client,14,112,2012-05-29 19:57:09,f
207545348581896192,"In '08, @BarackObama said that Bush adding $4T to the debt was unpatriotic.http://bit.ly/pEd2Ww @BarackObama has already added $6T.",f,f,Twitter Web Client,38,382,2012-05-29 18:54:01,f
205736889683161089,Pictures of @melaniatrump and me from the Men In Black III premiere in New York City http://t.co/I66Z4pI2 We loved the movie!,f,f,Twitter Web Client,8,28,2012-05-24 19:07:51,f
205389967432757249,"""Interesting.@BarackObama's 1981 transfer class to Columbia """"declined"""" in """"quality"""" according to the Columbia Spectator http://t.co/9ypDUY7v""",f,f,Twitter Web Client,73,111,2012-05-23 20:09:18,f
205057394588401664,The @BarackObama administration is pressuring contractors to fix job loss estimates from environmental regulations http://t.co/VOu2MZm1,f,f,Twitter Web Client,16,88,2012-05-22 22:07:47,f
205012982453899264,Hmmm...can you imagine me speaking at the RNC Convention in Tampa?http://t.co/SDZUsknQ  That's a speech everyone would watch.,f,f,Twitter Web Client,5,54,2012-05-22 19:11:18,f
204964575920144388,In today's #trumpvlog I talk about how well Will Smith handled the situation with the reporter- http://t.co/f1pTaR0C,f,f,Twitter Web Client,9,19,2012-05-22 15:58:57,f
202427743810494464,"I hope Mark Zuckerberg signs a prenup with his current girlfriend- perhaps soon to be wife. Otherwise, she can walk away with 9 billion.",f,f,Twitter Web Client,513,1096,2012-05-15 15:58:29,f
202384807970357248,"Worired that the USC will strike down ObamaCare, @BarackObama is trying to implement his debacle in public schools http://t.co/A5fGcL6m",f,f,Twitter Web Client,15,55,2012-05-15 13:07:53,f
200951648179322880,Watch Celebrity Apprentice on Sunday at 9 pm on NBC--we're winding up for a terrific finale. What a season! http://t.co/y6Qsh1uv,f,f,Twitter Web Client,12,37,2012-05-11 14:13:01,f
199329010474426368,#CelebrityApprentice Listening to the advice from @johnrich and @marleematlin adds another insight into the Final 4. #sweepstweet,f,f,Twitter Web Client,8,31,2012-05-07 02:45:14,f
199317812416745474,#CelebrityApprentice @arsenioofficial “trying to be invisible”?  No way that’s going to happen. #sweepstweet,f,f,Twitter Web Client,2,20,2012-05-07 02:00:44,f
198505316290281474,According to @BarackObama the War on Terror is over  http://t.co/7SRYZNQ1but global warming is a national (cont) http://t.co/icVj8CTJ,f,f,TwitLonger Beta,13,53,2012-05-04 20:12:10,f
197769080843939840,Snowboarder/Skateboarder @Shaun_White stopped by to visit this week....http://t.co/1dxKg2kc,f,f,Twitter Web Client,10,24,2012-05-02 19:26:37,f
195176395364761600,"""""""The fact is, right now and for the foreseeable future, the planet runs on oil--and that means we need to get (cont) http://t.co/VjwvpoYk""",f,f,TwitLonger Beta,16,98,2012-04-25 15:44:13,f
194486167251591168,"""Via @BBCNews, """"Trump begins renewables mission in Scotland"""" http://t.co/QsylYhtU""",f,f,Twitter Web Client,5,15,2012-04-23 18:01:30,f
299518162339246080,@BarkyJason  Thanks.,f,f,Twitter Web Client,0,0,2013-02-07 14:01:09,f
190167442809565184,"I developed the Wollman Rink under budget and in record time http://t.co/PTXWJhHv If I hadn't gotten involved, it would still be unused.",f,f,Twitter Web Client,7,30,2012-04-11 20:00:26,f
187229181044723712,"My #TrumpTuesday @SquawkCNBC interview discussing golf, VP choices, the real estate market & healthcare reform http://t.co/28lg4Mgp",f,f,Twitter Web Client,7,13,2012-04-03 17:24:49,f
183254512335724544,He @BarackObama is incapable of admitting that he is a complete and utter failure. He is 100% responsible for Solyndra. http://t.co/895NgsYh,f,f,Twitter Web Client,26,185,2012-03-23 18:10:55,f
183218442365706241,The Chinese want to steal our jobs and technology--that includes so called green energy which they make but (cont) http://t.co/pAhyD1tT,f,f,TwitLonger Beta,10,58,2012-03-23 15:47:35,f
182122995031089152,I am deeply disturbed by what I have read in the case of @TrayvonMartin. I support a full investigation and justice.,f,f,Twitter Web Client,56,311,2012-03-20 15:14:40,f
180284502147469312,"""""""The illegal immigrant crime problem is far more serious and threatening than most people understand. Along our (cont) http://t.co/UAAIAKdS""",f,f,TwitLonger Beta,40,96,2012-03-15 13:29:09,f
178120715575369728,The only candidate who can get 1145 delegates is @MittRomney. The primary is over.,f,f,Twitter Web Client,15,123,2012-03-09 14:11:02,f
174960819795267584,"""""""Imagine how much stronger economic shape we would be in if we made the Iraqi government agree to a cost-sharing (cont) http://t.co/Zf2pEO80""",f,f,TwitLonger Beta,10,69,2012-02-29 20:54:44,f
174911009042079744,"After Super Tuesday, every GOP candidate should take a long hard look at their prospects and drop out if they can't get the nomination.",f,f,Twitter Web Client,6,45,2012-02-29 17:36:48,f
169854622117265408,Flattering. Over 500 upset people called Mar-a-Lago disappointed I am not running for President--but Mitt Romney will do a great job.,f,f,Twitter Web Client,31,70,2012-02-15 18:44:32,f
169089903173439488,Whitney Houston was a great friend and an amazing talent. We will all miss her and send our prayers to her family.,f,f,Twitter Web Client,25,109,2012-02-13 16:05:49,f
168064739690295296,@MittRomney will give a great speech at CPAC today. He understands the threat from China.,f,f,Twitter Web Client,4,33,2012-02-10 20:12:11,f
167327747625066497,"@bats67 As a parent, education has a high priority, it is very important. I went to one of the best schools and (cont) http://t.co/3PNhfjhw",f,f,TwitLonger Beta,1,6,2012-02-08 19:23:38,f
167324581118488579,"I see my friend @FlaGovScott is speaking at CPAC. Solid guy, wonderful job. #sayfie @marcaputo",f,f,Twitter Web Client,3,15,2012-02-08 19:11:03,f
166550944002220032,Congrats @MittRomney on a huge NV victory. Let’s make @BarackObama a one term president http://t.co/2Xm9TRtk #OneTermFund,f,f,Twitter Web Client,19,141,2012-02-06 15:56:54,f
162248868459851776,"""Tom Brokaw keeps calling Mitt Romney """"George"""" (Mitt's father). Sadly, time is up for Tom.""",f,f,Twitter Web Client,10,71,2012-01-25 19:01:59,f
161476612582412289,My @Newsmax_Media interview from Friday where I predicted that @newtgingrich in South Carolina would change the race.http://bit.ly/xoFMs6,f,f,Twitter Web Client,5,19,2012-01-23 15:53:19,f
160415176754081792,"""""""In all my years in business and participating in politics I've never seen the country as divided as it is right (cont) http://t.co/ktuG7LtP""",f,f,TwitLonger Beta,20,106,2012-01-20 17:35:33,f
159772392590295040,"“China presents three big threats to the United States in its outrageous currency manipulation, its systematic (cont) http://t.co/6hW0AcJE",f,f,TwitLonger Beta,29,78,2012-01-18 23:01:21,f
157930590560194560,Newly released documents show Geithner to be laughing as the financial crisis loomed  http://t.co/g58AxsTQ,f,f,Twitter Web Client,11,67,2012-01-13 21:02:41,f
156398048526868480,Be sure to watch my interview on @Gretawire tonight!,f,f,Twitter Web Client,8,22,2012-01-09 15:32:55,f
155014799909064704,President @BarackObama's vacation is costing taxpayers millions of dollars----Unbelievable!,f,f,Twitter Web Client,684,1541,2012-01-05 19:56:22,f
154952126567694337,"""""""Obama's plan to have Russia stand up to Iran was a horrible failure that turned America into a laughingstock.""""  #TimeToGetTough""",f,f,Twitter Web Client,176,184,2012-01-05 15:47:20,f
415553026078683136,“Push yourself again and again. Don't give an inch until the final buzzer sounds.” - Larry Bird,f,f,Twitter Web Client,306,406,2013-12-24 18:42:16,f
415507105836060672,"""""""@MrsDFRizzo7 good thing about Trump..NOT a snob. A straight-arrow w/street sense. Appeals to the masses..a leader all can appreciate"""" Thx.""",f,f,Twitter Web Client,47,27,2013-12-24 15:39:48,f
414872330180231168,@HerschelWalker  GREAT interview with Tim McCarver! Have a fantastic Christmas and New Year.,f,f,Twitter for Android,27,3,2013-12-22 21:37:26,f
414052967101108224,"Rated Toronto's #1 hotel, @TrumpTO has 261 guest rooms &amp, suites furnished in elegant, cosmopolitan style.  http://t.co/fogCH2mx2c",f,f,Twitter Web Client,30,18,2013-12-20 15:21:34,f
413661700068745216,"""""""@TheChrisRooney: @realDonaldTrump my bro lives at your Charlotte property and said the club is fantastic!"""" Great, thanks!""",f,f,Twitter for Android,10,5,2013-12-19 13:26:49,f
413055760810012672,ObamaCare Story of the Day: “Florida Cancer Patient Loses Insurance During Treatment B/C of ObamaCare” http://t.co/zNGTuhJat6,f,f,Twitter Web Client,69,200,2013-12-17 21:19:02,f
411595374780903424,"@PolitiFact’s #LieOfTheYear is Obama’s if you like your health care plan, you can keep it. Wrong. It’s the lie of the decade.",f,f,Twitter Web Client,18,26,2013-12-13 20:35:59,f
411567976375418881,"The talk in Albany is that JCOPE &amp, Moreland Commissions are taking my complaint against lightweight (cont) http://t.co/TChMrJcqMA",f,f,Twitlonger,10,8,2013-12-13 18:47:06,f
410812210839973889,Let Pete into the Hall of Fame- http://t.co/6ksLuFzRHw @PeteRose_14,f,f,Twitter Web Client,466,299,2013-12-11 16:43:58,f
410673729421975552,@TrumpDoral  The Blue Monster at Trump National Doral opens for play on Saturday morning after a massive rebuilding - brand new course!,f,f,Twitter for Android,1,13,2013-12-11 07:33:41,f
410608304348741632,"""""""@kasek_craig: Can someone please explain how my obamacare insurance is twice as expensive as my cancelled insurance.. can't afford this""""""",f,f,Twitter for Android,80,84,2013-12-11 03:13:43,f
410516483601477632,"After climbing a great hill, one only finds that there are many more hills to climb.-- Nelson Mandela",f,f,Twitter Web Client,268,450,2013-12-10 21:08:51,f
410511810886770688,“Know from the inside out that you have the power to succeed and you will.” – Think Like a Champion,f,f,Twitter Web Client,241,321,2013-12-10 20:50:17,f
410423785443966978,"""""""@koos32  @realDonaldTrump Donald, you also belong in the same category as a great leader. The US needs you!"""" Thanks.""",f,f,Twitter Web Client,17,11,2013-12-10 15:00:30,f
410138922367201280,"Congrats to @JoeTorre, @TonyLaRussa &amp, Bobby Cox on all being unanimously elected to @MLB’s @BaseballHall! Great leaders &amp, managers.",f,f,Twitter Web Client,60,90,2013-12-09 20:08:33,f
409006133659963392,".@BillBratton was a great choice for NYC Police Commissioner. He will make us proud, and safe!",f,f,Twitter Web Client,26,23,2013-12-06 17:07:15,f
408677134446493696,"Leaving today for California to inspect my fantastic golf course &amp, club on the Palos Verdes peninsula. Big success. http://t.co/JcbyQCIcH2",f,f,Twitter Web Client,49,31,2013-12-05 19:19:56,f
407866128921559040,"""With few exceptions, only really smart people are able to make a lot of money. Hard work is also important, but """"brains"""" will supersede.""",f,f,Twitter for Android,270,336,2013-12-03 13:37:17,f
406872393236611072,I hope you buy my shirts and ties at @Macys,f,f,Twitter for Android,159,173,2013-11-30 19:48:32,f
406153662562844672,"HAPPY THANKSGIVING EVERYONE, ENJOY YOUR DAY!",f,f,Twitter for Android,649,341,2013-11-28 20:12:33,f
405562162867105792,"President Obama said, over and over again, if you like your plan, you can keep your plan, PERIOD! This turned out to be a total lie-90 mill.",f,f,Twitter for Android,195,295,2013-11-27 05:02:09,f
404927712755974144,"I know it has been many years since our country made great deals, but isn't it about time we start, right now. MAKE AMERICA GREAT AGAIN!",f,f,Twitter for Android,204,172,2013-11-25 11:01:04,f
403187690562019328,Emin from Russia--a very talented guy. All proceeds go to help the Philippines. @eminofficial #missuniverse http://t.co/Y6TJL7znRD,f,f,Twitter Web Client,105,187,2013-11-20 15:46:50,f
402545285793996800,"""""""The ones who are crazy enough to think that they can change the world, are the ones who do."""" -- Steve Jobs""",f,f,Twitter Web Client,1113,1025,2013-11-18 21:14:09,f
402391333182373888,I will be going to Trump National Doral in Miami early today to check on the construction of the hotel and the new Blue Monster. AMAZING!,f,f,Twitter for Android,45,33,2013-11-18 11:02:24,f
401410185278672896,"“Winning is habit. Unfortunately, so is losing.” - Vince Lombardi",f,f,Twitter Web Client,221,414,2013-11-15 18:03:40,f
401278949277577217,"@grouponegav Yes, online through Macy's.",f,f,Twitter for Android,0,3,2013-11-15 09:22:11,f
401018400907866112,Breaking news--negotiations with Iranians broke down because Obama insisted that they use ObamaCare.,f,f,Twitter Web Client,210,268,2013-11-14 16:06:51,f
400253263263825920,"""""""@AarranMcPherson: @realDonaldTrump Good luck in your case against the wind turbines in Aberdeen Bay, most sensible Scots agree with you!""""""",f,f,Twitter for Android,15,10,2013-11-12 13:26:28,f
399743970445893633,"""""""@joeyb134: I hope @realDonaldTrump will invite me to golf with him @TrumpDoral when it is all complete. It looks like an awesome place""""""",f,f,Twitter for Android,13,6,2013-11-11 03:42:44,f
398106466722119680,@dnewman83 Thank you.,f,f,Twitter Web Client,1,1,2013-11-06 15:15:52,f
397831685498089473,"Sen. @DavidVitter  &amp, @David_Bossie w/@seanhannity http://t.co/tuNjdZIGLq  demand 'Congress Live By Your Laws'  http://t.co/37qiBlkoWe",f,f,Twitter Web Client,18,61,2013-11-05 21:03:59,f
395716131958566913,Looks like a very good World Series game!,f,f,Twitter for Android,241,297,2013-10-31 00:57:32,f
395267850807410688,"Won’t be a buyer’s market for long. If you can, purchase a home but remember, I told you this three years ago.",f,f,Twitter Web Client,70,130,2013-10-29 19:16:14,f
394917341219151872,"Thanks to ObamaCare’s device tax, Boston Scientific plans to cut 1,500 jobs http://t.co/AUxXIKuq26 ObamaCare will kill ingenuity.",f,f,Twitter Web Client,34,169,2013-10-28 20:03:26,f
394246256501198849,@ManagersDiary Thank you-always a good thought.,f,f,Twitter for Android,3,3,2013-10-26 23:36:46,f
393483717563273216,The Audacity of Ineptitude – ObamaCare website will cost over $1B  http://t.co/w71bC1ryzy  When will someone finally be held accountable?,f,f,Twitter Web Client,77,266,2013-10-24 21:06:43,f
393079624814432256,It was just determined that the woman who passed out at Obama’s press conference had just seen what her new premiums would be!,f,f,Twitter Web Client,215,395,2013-10-23 18:21:00,f
393052221245386752,I’ll soon be leaving for Washington where @AmSpec will give me the T. Boone Pickens Entrepreneur Award. Very exciting!,f,f,Twitter Web Client,46,30,2013-10-23 16:32:06,f
392062236275249152,"""""""@Orangeone4: @Carrie_Wofford @realDonaldTrump Website designer HUGE Obama campaign donor. Can we say kickbacks?""""""",f,f,Twitter for Android,37,62,2013-10-20 22:58:15,f
391058093733605376,"""""""@bwiss24: @realDonaldTrump is the post office building in DC the way the US is going to pay your salary when you become the President in 16""",f,f,Twitter for Android,7,9,2013-10-18 04:28:09,f
389934233848135680,"@Roc_Cayard So nice, thank you.",f,f,Twitter for Android,1,1,2013-10-15 02:02:20,f
389756166244278273,"Ranked a top course @GolfMagazine &amp, 6 Star Diamond Award, Trump Int’l Palm Beach has been expanded to 27 holes http://t.co/ykloZgMUEx",f,f,Twitter Web Client,13,14,2013-10-14 14:14:46,f
388763250583564288,@KeithR69 @Giants True!,f,f,Twitter Web Client,1,0,2013-10-11 20:29:16,f
388645172642582528,"""""""@DEMEGL10: @realDonaldTrump Everyone should start their twitter day with TRUMP FOR PRESIDENT....lets start the movement""""  Wow!""",f,f,Twitter for Android,87,87,2013-10-11 12:40:04,f
388641997797724160,"""""""@wykkdlilchit: @realDonaldTrump @piersmorgan We need more than 10 min with Donald. Was inspired. Get gov't in assembly and make them watch.""",f,f,Twitter for Android,7,8,2013-10-11 12:27:27,f
387880711212269568,"""""""@OHOUD555: """"@realDonaldTrump: """" Amazing day in Dubai! Launch of the #Trump Estates with @Damacakoya""",f,f,Twitter for Android,8,18,2013-10-09 10:02:22,f
387196313991118848,"""""""@TheGINE3000: @realDonaldTrump We need someone with some business sense in the White House. This administration doesn't have a clue.""""""",f,f,Twitter for Android,50,92,2013-10-07 12:42:49,f
387195964723048449,"""""""@GeneMcVay: @realDonaldTrump The Donald says the Republicans absolutely can win if they will STAND FIRM. @SpeakerBoehner""",f,f,Twitter for Android,29,63,2013-10-07 12:41:26,f
385912903435841536,"""""""@TonyCinMo: “@realDonaldTrump: Obama administration had 4 years to prepare for the ObamaCare rollout. And of course they failed miserably.”""",f,f,Twitter for Android,50,134,2013-10-03 23:43:00,f
385466724562116608,@IsraeliPM @netanyahu’s UN address was a strong statement to the world that @Israel will not allow Iran to get nuclear weapons.,f,f,Twitter Web Client,8,10,2013-10-02 18:10:03,f
384765652235341824,@growingupbryce Happy Birthday!,f,f,Twitter Web Client,4,3,2013-09-30 19:44:14,f
384124985725681664,"""""""@rosschisholm10: @realDonaldTrump Dad got his first hole in 1 today on the 16th at Trump International Links. Can I get a rt for him please""",f,f,Twitter for Android,27,54,2013-09-29 01:18:27,f
383804227992453120,"""""""@adammatruski: @realDonaldTrump stop investing in hotels and focus on our structure and your campaign for presidency"""" Good point!""",f,f,Twitter for Android,23,28,2013-09-28 04:03:53,f
381935160041959424,Is it the Neil Patrick Harris show or the Emmy Awards?How was he ever put in this position to start with? CRAZY!,f,f,Twitter for Android,43,60,2013-09-23 00:16:52,f
381912825746444288,"""""""@KrissyGasbarre: To @realDonaldTrump: the service, food and rooms at Trump Intl. are OUTSTANDING. I've finally found my Las Vegas hotel.""",f,f,Twitter for Android,9,9,2013-09-22 22:48:07,f
381749561599197184,"""""""@DELAVEGAPROPHET: @realDonaldTrump Always great working with you. You are a true modern master. Thank you.""",f,f,Twitter for Android,12,8,2013-09-22 11:59:22,f
381558067676348416,"""""""@Miranda__Diplo: @realDonaldTrump is much more than just a Republican. He is a brilliant entrepreneur and individual."""" Thank you.""",f,f,Twitter for Android,20,22,2013-09-21 23:18:27,f
381546985121406976,"""""""@joshjame: Best Twitter follow I ever made: The Donald. Random 24/7 MT @realDonaldTrump: I believe that @MileyCyrus is a really good person""",f,f,Twitter for Android,12,18,2013-09-21 22:34:24,f
380496283393597440,@seanhannity  #Defund Obamacare!,f,f,Twitter for Android,23,39,2013-09-19 00:59:17,f
380007269187866624,"“Keep focusing on doing what you love, even if times are tough.” – Think Big",f,f,Twitter Web Client,377,722,2013-09-17 16:36:07,f
379873224735338496,"""""""@DeasWorld: @realDonaldTrump stunning! Wishing you a great success in Mumbai.""""  Thank you.""",f,f,Twitter for Android,6,1,2013-09-17 07:43:29,f
379717298296086529,I predict that President Obama will at some point attack Iran in order to save face!,f,f,Twitter Web Client,4957,5255,2013-09-16 21:23:53,f
379121455809982464,"""""""@ashleybonder: @realDonaldTrump if you had to start all over again, which industry would you choose ?"""" REAL ESTATE, Ashley.""",f,f,Twitter for Android,28,26,2013-09-15 05:56:13,f
378614818527137792,Prayers go out to the victims of the terrible fire in New Jersey. Stay strong and remember it will soon get better.,f,f,Twitter Web Client,83,121,2013-09-13 20:23:01,f
378236334273331201,"China, Russia and Iran are laughing at us. We have weak leaders who are threatening our national security. Dangerous times.",f,f,Twitter Web Client,1113,1506,2013-09-12 19:19:04,f
378223004569706496,"Named best golf course in the world by @RobbReport, Trump Int'l Golf Links Scotland is a 7,400 yd par 72 http://t.co/7FYb3dEQcD",f,f,Twitter Web Client,15,18,2013-09-12 18:26:05,f
377755507790188544,"""""""@kbmc24: @realDonaldTrump my husband and I think you're so awesome!! We can't wait to come to NYC one day and see the Trump towers!"""" Great!""",f,f,Twitter for Android,8,7,2013-09-11 11:28:26,f
377744866803200000,Back to work for the President to try and keep some dignity for the office and himself. The so-called rebels must be thoroughly confused!,f,f,Twitter for Android,39,71,2013-09-11 10:46:09,f
377651024074641408,"""""""@DeanoCT: @realDonaldTrump you sir have the greatest twitter of all time"""" Thank you!""",f,f,Twitter for Android,18,10,2013-09-11 04:33:15,f
377648695837458433,"""""""@TheGreatGedi: @realDonaldTrump In Donald We Trust.""""  Thanks!""",f,f,Twitter for Android,6,13,2013-09-11 04:24:00,f
377599349754433537,Making his case in a nice and articulate manner.,f,f,Twitter for Android,50,70,2013-09-11 01:07:55,f
377570008135897089,"""""""@VDIT13: @realdonaldtrump You are a great American!! Thanks from a Vietnam vet!""",f,f,Twitter for Android,7,15,2013-09-10 23:11:19,f
377513385996218368,"Obama and Kerry are bungling Syria by the hour. They have set America’s deterrence &amp, stature back by years. Amateurs!",f,f,Twitter Web Client,113,198,2013-09-10 19:26:19,f
377254860422651904,"""""""@rgorman33: @realDonaldTrump @MrMarin88 LOL! Way to go Trump!brilliant and funny! Double threat guy!""""""",f,f,Twitter for Android,8,11,2013-09-10 02:19:02,f
377250823086297089,"Icahn, Kravis, Zell, Buffett have all used the bankrutcy law to their benefit. Many of the top business people do.",f,f,Twitter for Android,20,38,2013-09-10 02:02:59,f
376483809921101824,"""""""@joeperella3: @realDonaldTrump @macy I got a suit and 3 ties from you""""  Great Joe!""",f,f,Twitter for Android,7,7,2013-09-07 23:15:09,f
376475751245434880,"""""""@wussydemon: Can I get a RT from @realDonaldTrump for getting three of the best looking shirts @Macys #bigfan http://t.co/fDAYfpkkMe""""Great!""",f,f,Twitter for Android,52,35,2013-09-07 22:43:08,f
376085605844647936,“Do you want to know who you are? Don't ask. Act! Action will delineate and define you.” -  Thomas Jefferson,f,f,Twitter Web Client,429,410,2013-09-06 20:52:50,f
375973587771224064,"""""""@robyncook7: It's sad that @realDonaldTrump knows more about politics than our politicians""""""",f,f,Twitter for Android,38,38,2013-09-06 13:27:43,f
375575931009900544,"President Obama put himself in a very bad position when he talked about Syria crossing the RED LINE. Amazingly, now he denies he said that!",f,f,Twitter for Android,159,266,2013-09-05 11:07:34,f
375291615423643648,Congratulations to @PiersMorgan on winning @BritishGQ TV Personality Of The Year. Piers deserves his success!,f,f,Twitter Web Client,27,41,2013-09-04 16:17:48,f
374983974289801216,Elections have consequences. Obama just published “final regulations for ObamaCare’s individual mandate” http://t.co/zMBx554xdt Enjoy!,f,f,Twitter Web Client,24,63,2013-09-03 19:55:20,f
374712124620406784,"If the U.S. attacks Syria and hits the wrong targets, killing civilians, there will be worldwide hell to pay. Stay away and fix broken U.S.",f,f,Twitter for Android,7955,9224,2013-09-03 01:55:06,f
374356124583342080,Why isn't the Arab League paying for everything and sending troops? They want us to do their dirty work with no involvement by themselves!,f,f,Twitter for Android,96,239,2013-09-02 02:20:29,f
373394856774995968,"""""""@realDBP: @realDonaldTrump A talk show would be the perfect arena for you Mr. Trump. Ratings would soar through the roof!"""" But no time!""",f,f,Twitter for Android,4,10,2013-08-30 10:40:45,f
373212718096211968,"""""""@jasonsweis: @realDonaldTrump agreed, we need our troops on the streets of Chicago, not in Syria""""""",f,f,Twitter for Android,191,242,2013-08-29 22:37:00,f
373060025134374912,"The United States needs to fix its own problems, of which there are many, first!",f,f,Twitter for Android,209,421,2013-08-29 12:30:15,f
373057367321374720,"If we are going to continue to be stupid and go into Syria (watch Russia), as they say in the movies, SHOOT FIRST AND TALK LATER!",f,f,Twitter for Android,205,424,2013-08-29 12:19:42,f
372826911841349633,@TheLanes08 Thanks.,f,f,Twitter Web Client,0,2,2013-08-28 21:03:57,f
372825578673410048,@alphakonstant @RICHNYJETS True.,f,f,Twitter Web Client,0,1,2013-08-28 20:58:39,f
372760066388004864,"""@Ginny14974   """"@realDonaldTrump  the Arab league should be taking care of this, not us.""""  100% correct""",f,f,Twitter Web Client,2,3,2013-08-28 16:38:20,f
372683718521278464,@kimguilfoyle Thanks for your support - I greatly enjoyed your comments on The Five the other day. Best wishes!,f,f,Twitter for Android,8,7,2013-08-28 11:34:57,f
372682426365276160,"As I predicted long ago, the war in Iraq was a disaster for the U.S. Heading for civil war, there are bombings all over the place.Iran happy",f,f,Twitter for Android,50,63,2013-08-28 11:29:49,f
372381431021846528,There has been a systematic targeting of the Tea Party by the Obama administration. Now Schneiderman goes after me. No coincidence.,f,f,Twitter Web Client,132,128,2013-08-27 15:33:46,f
372002505850253312,"I really enjoyed doing the show circuit this AM discussing lightweight AG Eric Schneiderman &amp, the terrible job he has done for NY.",f,f,Twitter Web Client,71,65,2013-08-26 14:28:03,f
298795887893815296,@jeremygreen98 @Yankees   Yes.,f,f,Twitter Web Client,9,3,2013-02-05 14:11:05,f
371380991388291072,"@Obs3shyn  Thanks, it was fun and amazing!",f,f,Twitter for Android,0,3,2013-08-24 21:18:22,f
370364934540247040,"""""""@RichKowalski31: @realDonaldTrump what do you think is the best industry to get into for a young college student about to graduate?""""ENERGY!""",f,f,Twitter for Android,37,44,2013-08-22 02:00:56,f
370235771292110848,"Congress must defund ObamaCare.  It is destroying Medicare and breaking promises to our Seniors, including veterans.",f,f,Twitter Web Client,89,174,2013-08-21 17:27:41,f
369878844917833728,".@MattBevin: As someone well versed in job creation and the Private Sector, if you lie on your resume, You’re Fired!",f,f,Twitter Web Client,64,129,2013-08-20 17:49:23,f
369618844622815232,@J_TJOHNSON Thanks,f,f,Twitter for Android,0,2,2013-08-20 00:36:14,f
369439265446309888,"So, lets get this right. Steve Jobs dies and leaves his wife everything-billions of dollars. Now his wife has a boyfriend (lover). Oh Steve!",f,f,Twitter for Android,3739,3712,2013-08-19 12:42:39,f
369229268712030209,"""""""@AmbeyLambey: I love when @realDonaldTrump tells everyone the truth about America. #RunForPresident""""""",f,f,Twitter for Android,33,39,2013-08-18 22:48:12,f
368934930790629376,"""""""@Sofia_Mozek: @realDonaldTrump My mind would explode with happiness if Donald Trump was elected president.""""""",f,f,Twitter for Android,40,29,2013-08-18 03:18:36,f
368563292823752704,"""""""@thineline4: @realDonaldTrump For a long time I thought you were so nasty. Now after reading your tweets I changed my mind."""" Great!""",f,f,Twitter for Android,21,13,2013-08-17 02:41:51,f
368122598611099648,"NIELSEN RATINGS: 1.@ThisWeekABC, 2.52 viewers, 6 SHR,1.91RTG, .55 25-54  2.@meetthepress 2.24 total viewers, 5 SHR,1.61RTG, .47 25-54",f,f,Twitter Web Client,5,12,2013-08-15 21:30:41,f
368037479615455232,@kelseyalxandraa  Thanks Kelsey.,f,f,Twitter Web Client,0,2,2013-08-15 15:52:27,f
367976526958321664,"""""""@Tommyguns11: @realDonaldTrump stop talking and run in 2016! If your name is on that ballot, you've go my vote! #MakeItHappen #FixAmerica""""""",f,f,Twitter for Android,25,24,2013-08-15 11:50:15,f
367696433798844419,"“When your brand begins to build, you too will be faced with opportunities for greater recognition.” – Midas Touch",f,f,Twitter Web Client,72,152,2013-08-14 17:17:15,f
367563203007766528,"""""""@Americanwoman00: @realDonaldTrump Great interview on Greta. Can I tell you that I think that you are awesome? Thank you!""",f,f,Twitter for Android,3,10,2013-08-14 08:27:51,f
367359861723365376,.@SenMikeLee refuted every point Karl 1.6% Rove made on the need to defund ObamaCare.Must listen http://t.co/b7v6WVy5Kh @TheRightScoop,f,f,Twitter Web Client,17,40,2013-08-13 18:59:50,f
367101721304391680,"""""""@LadyGaydar: @realDonaldTrump you are an important person that's why @HuffingtonPost @ariannahuff can't stop talking about you.""""""",f,f,Twitter for Android,11,11,2013-08-13 01:54:05,f
367025736445460480,"""Thank you Readers' Choice: Trump Int'l Hotel Las Vegas has been nominated by 10 Best for """"Best Pet-Friendly Hotel"""" http://t.co/g30BfQgFE9""",f,f,Twitter Web Client,30,30,2013-08-12 20:52:09,f
366564430667972609,"""""""@DanScavino: @realDonaldTrump @theFAMiLYLEADER just saw last nights speech via DesMoines Register - was amazing Mr. Trump!  Thanks Dan!""",f,f,Twitter for Android,10,14,2013-08-11 14:19:05,f
366559129059332098,"""""""@TheNickSutton: .@realDonaldTrump great job during your interview on @ThisWeekABC! This country needs you.""""  Thank you!""",f,f,Twitter for Android,13,16,2013-08-11 13:58:01,f
365841648430759938,"@SmuMom54 He should meet him &amp, beat him--but that doesn't look like it's going to happen.",f,f,Twitter Web Client,0,2,2013-08-09 14:27:00,f
365529136812408832,Just a few days until I keynote at @bobvanderplaats’ @theFAMiLYLEADER Leadership Summit in Iowa http://t.co/kWP1FV0eY9 Very exciting,f,f,Twitter Web Client,7,18,2013-08-08 17:45:12,f
364972292108853248,"""""""@ilerios97: @realDonaldTrump SIXTEEN is amazing!!!! The best dinner I've ever had in my life!!!""""  Thanks,best in Chicago!""",f,f,Twitter for Android,10,22,2013-08-07 04:52:29,f
364918860794707972,"""""""@JAGOfficial: @realDonaldTrump @ApprenticeNBC has inspired me to have a fundraiser event this Sunday at my home for a bone marrow case.""",f,f,Twitter for Android,14,15,2013-08-07 01:20:10,f
364797336058216448,@BrianRyback Thank you Brian and good luck.,f,f,Twitter Web Client,3,0,2013-08-06 17:17:17,f
364764518083067904,@cloverc8 Great!,f,f,Twitter Web Client,0,2,2013-08-06 15:06:52,f
364475688515936256,"Take your work seriously, take yourself less seriously. It’s a great recipe for some good times &amp, great memories.",f,f,Twitter Web Client,244,447,2013-08-05 19:59:10,f
364178895358013440,"""""""@lauren_boals: Sipping on some Starbucks in the Trump Towers my first day in NYC. Very impressive and inspirational #amazing!""",f,f,Twitter for Android,17,20,2013-08-05 00:19:49,f
363370866484051968,Less than ten days until I keynote @bobvanderplaats’ @theFAMiLYLEADER Leadership Summit. Tix going fast.http://t.co/kWP1FV0eY9,f,f,Twitter Web Client,8,21,2013-08-02 18:49:00,f
363341175727456256,"""Over 35 CIA operatives were on the ground in Benghazi the night of the 9.11 attack http://t.co/gLIQUPbLnV Still a """"phony scandal""""?""",f,f,Twitter Web Client,355,561,2013-08-02 16:51:01,f
363008114582228992,A sad day for America with Snowden being granted asylum in Russia.  Putin is laughing at Obama.,f,f,Twitter Web Client,151,321,2013-08-01 18:47:33,f
362999858317099008,Be sure to keep following announcements on the development of Trump International Golf Club Dubai.  Will be spectacular.,f,f,Twitter Web Client,18,32,2013-08-01 18:14:45,f
362909368674566145,"""""""@ShellySrt0527: @realDonaldTrump what will it take to bring back the made in the USA label?""""  Great leadership!""",f,f,Twitter for Android,24,33,2013-08-01 12:15:10,f
362635601977159681,"""Via @PostSports @barrysvrluga """"Donald Trump has major aspirations for his Trump National Golf Club in Virginia"""" http://t.co/6njHbO5rmM""",f,f,Twitter Web Client,3,14,2013-07-31 18:07:19,f
362546247145504768,@not_that_actor Thank you Andy!,f,f,Twitter for Android,0,3,2013-07-31 12:12:15,f
362541531871186947,"""""""@AronsArmy: @realDonaldTrump dear sir... So can i ask. Hpw can i fuel my passion"""" Only by doing something that you love!""",f,f,Twitter for Android,22,32,2013-07-31 11:53:31,f
362361762252722176,@da1nonlyasulony Thank you so much Adam!,f,f,Twitter for Android,3,5,2013-07-30 23:59:11,f
361873382557495298,"""@MontoyaMania  """"a good 75% of @realDonaldTrump 's tweets get favorited"""" Great!""",f,f,Twitter Web Client,3,3,2013-07-29 15:38:32,f
361857950140211201,"""@Deelaney31 """"@realDonaldTrump Besides hard work, what has made you such an enormous success?"""" I love what I do.""",f,f,Twitter Web Client,2,4,2013-07-29 14:37:12,f
361625294995591169,"""""""@JUrciuoli19: @realDonaldTrump Really hoping NBC will officially announce renewal of show very soon! Apprentice is casting now-season 14.""",f,f,Twitter for Android,13,12,2013-07-28 23:12:43,f
361100644146352130,@vin7768 Thank you-work hard and good luck.,f,f,Twitter for Android,6,6,2013-07-27 12:27:57,f
359867800631787520,"""""""@DStandridge92: @realDonaldTrump family is the US version of the Royal family!"""" No, but thank you so much!""",f,f,Twitter for Android,13,14,2013-07-24 02:49:04,f
359867295364956160,"""""""@chinnis_28: @realDonaldTrump #Trump2016 only one I can think of to fix this spending problem.""""""",f,f,Twitter for Android,2,11,2013-07-24 02:47:03,f
359863574191017987,"""""""@cphily4u: @realDonaldTrump ...you always speak the truth!!! #nobulldonald!!!!""""""",f,f,Twitter for Android,5,4,2013-07-24 02:32:16,f
359836929728065536,"""""""@VOIPDATA: How about Eliot Spitzer? Will you say the same ? """"@realDonaldTrump: On Anthony Wiener, I TOLD YOU SO!"""""""" Eliot is also sick!""",f,f,Twitter for Android,11,14,2013-07-24 00:46:24,f
359829878834601985,"""""""@realjosepineda: @realDonaldTrump on the Fresh Prince!! Classic episode http://t.co/YlDqBo2yrp""""""",f,f,Twitter for Android,144,74,2013-07-24 00:18:23,f
359820642490662913,"Remember, Anthony Wiener continued sending sick pics. long after his resignation from Congress and his apology-zero control over himself!",f,f,Twitter for Android,67,98,2013-07-23 23:41:40,f
359806634563862528,@presidentstevie Not when you are running for Mayor!,f,f,Twitter for Android,64,48,2013-07-23 22:46:01,f
359806216458878979,"""""""@kimekime19: @realDonaldTrump people will someday listen to you""""  I hope it's not too late!""",f,f,Twitter for Android,8,13,2013-07-23 22:44:21,f
359274434492121088,@not_that_actor A terrible situation.,f,f,Twitter for Android,1,2,2013-07-22 11:31:14,f
358282047049052161,@MGSeneca He was a great friend of mine--loyal guy.,f,f,Twitter Web Client,2,1,2013-07-19 17:47:51,f
358002216692482049,"For the disciples of global warming, in 150 summers (years) there have been 20 heat waves as bad or worse than current-this has happened b4!",f,f,Twitter Web Client,86,143,2013-07-18 23:15:54,f
357953025144393730,"“Labor disgraces no man, unfortunately, you occasionally find men who disgrace labor.” - Gen. Ulysses S. Grant",f,f,Twitter Web Client,107,186,2013-07-18 20:00:26,f
357930743286071297,"""@TrumpPhillyGM """"@realDonaldTrump You have truly elevated this club to another level. We thank you!"""" Thanks!""",f,f,Twitter Web Client,1,2,2013-07-18 18:31:53,f
357928308618428416,The Fed’s pumping is great news in the short term but it can’t last forever.  Be prudent in your market investing.,f,f,Twitter Web Client,865,615,2013-07-18 18:22:13,f
357866417607016448,"""""""We all have the capability to read, or sense, what's happening with others. It can often give you the edge (cont) http://t.co/IyxNQdSD6u""",f,f,Twitlonger,22,34,2013-07-18 14:16:17,f
357671634561286145,"Don't talk about Rolling Stone Magazine but, most importantly, don't buy it. This degenerate killed and maimed so many wonderful people!",f,f,Twitter for Android,295,693,2013-07-18 01:22:17,f
357646419701665795,"""""""@JeremyHL: @realDonaldTrump - Your #Chicago tower really sparked a riverwalk revival! #ThankYou""""  Thanks""",f,f,Twitter for Android,9,13,2013-07-17 23:42:05,f
357559732313137152,@CMCoe Have fun!,f,f,Twitter Web Client,4,8,2013-07-17 17:57:37,f
357223342555676672,Weiner and Spitzer are on top of the latest polls.  A sad day for the greatest city on earth! They will spend lots of time together.,f,f,Twitter Web Client,53,72,2013-07-16 19:40:56,f
356189569835728896,"""""""@DJ_DFunk: Can't wait to hear @realDonaldTrump speak at the PGA Jr. Championship in a couple weeks at his course in Washington DC!  Great.""",f,f,Twitter for Android,9,15,2013-07-13 23:13:05,f
355964776591007747,"""""""@UmerRizwan2: @realDonaldTrump Can i get a hello for all the Canadians down in Ottawa, Ontario ?""""  Hello Umer, you sound like a great guy!""",f,f,Twitter for Android,24,19,2013-07-13 08:19:50,f
355037264960700416,@djRandyRan Happy Birthday.,f,f,Twitter Web Client,2,4,2013-07-10 18:54:14,f
354614793010806786,Be sure to check out the new projects @fundanything http://t.co/CMFrwv0P5t Giving away money!,f,f,Twitter Web Client,17,20,2013-07-09 14:55:29,f
354354723136077826,@stenbizzle @Tomdoggy True and thanks.,f,f,Twitter Web Client,1,1,2013-07-08 21:42:04,f
354275378979811329,"@MarcoCompagno You are probably correct, I am too honest to be a good politician!",f,f,Twitter Web Client,5,12,2013-07-08 16:26:47,f
353689604165087232,"""""""@chuckesquivel: RT @realDonaldTrump """"@kormylo: @realDonaldTrump In my opinion you have a duty to run for president in 2016.""",f,f,Twitter for Android,25,22,2013-07-07 01:39:07,f
353604076858122240,"""""""@johnnyboob2: @realDonaldTrump what do you think of the recent job numbers suggesting the economy is back on track?""""  False hope.""",f,f,Twitter for Android,14,26,2013-07-06 19:59:16,f
353603202966487040,@GolfweekMag - Thank you for Trump Scotland honor!,f,f,Twitter for Android,5,3,2013-07-06 19:55:47,f
353466755181592577,@ruffff2    Thanks-a great place!,f,f,Twitter for Android,2,2,2013-07-06 10:53:36,f
352366723724345345,Oil prices just went over $100 per barrel for first time in nine months!,f,f,Twitter for Android,26,141,2013-07-03 10:02:28,f
352354905517854720,"""""""@HawksFanDenver: @realDonaldTrump What is the best way to grow money when not starting with much?""""  Marry a rich person!""",f,f,Twitter for Android,99,158,2013-07-03 09:15:30,f
352142723970633728,"“Get in. Get it done. Get it done right. Get out.” – My father, Fred C. Trump",f,f,Twitter Web Client,345,399,2013-07-02 19:12:22,f
352096103350546434,"Snowden, if you’re such a hero then come back home and face justice.  In reality, you are just another wiseguy traitor.",f,f,Twitter Web Client,134,247,2013-07-02 16:07:07,f
351148389473333248,"""""""@queenof72: @realDonaldTrump u should have run for president. our country is in a mess""""  Much bigger than you know!""",f,f,Twitter for Android,65,39,2013-06-30 01:21:14,f
351123645684400129,@ebrumby   Thank you.,f,f,Twitter for Android,4,5,2013-06-29 23:42:55,f
351121237713494017,@spsmith78   So how is he allowed to get away with the crap he says?,f,f,Twitter for Android,2,4,2013-06-29 23:33:21,f
351119135830327298,"What my father really gave me is a good (great) brain, motivation and the benefit of his experience-unlike the haters and losers (lazy!).",f,f,Twitter for Android,563,518,2013-06-29 23:25:00,f
351113437541175297,@KillngAmerJobs   They will mostly vote for Dems.,f,f,Twitter for Android,0,3,2013-06-29 23:02:21,f
349968298164764672,"Shining over Fifth Avenue, @TrumpTowerNY (a NY icon) offers a full service restaurant, bar, cafe, ice cream parlor and Gucci.",f,f,Twitter Web Client,31,39,2013-06-26 19:11:59,f
349694605421318146,"""""""@emileegorham: @realDonaldTrump I couldn't be a bigger fan! Love all you do!""""  Thanks Emilee!""",f,f,Twitter for Android,8,8,2013-06-26 01:04:25,f
348134696317751296,@KJLLeonard Thanks!,f,f,Twitter Web Client,0,1,2013-06-21 17:45:54,f
346064383086055424,"""""""@hellocory: Oh my god the twitter fight between @dannyzuck and @realDonaldTrump""""  There is no fight with @DannyZuker, he is a nobody!""",f,f,Twitter for Android,21,19,2013-06-16 00:39:13,f
345632733889957889,@AdeleBrumley  Thanks!,f,f,Twitter Web Client,1,4,2013-06-14 20:03:59,f
344907164248322048,"""""""@ArberDoci: @DannyZuker I think you try and make fun of @realDonaldTrump because you're jealous. Try and compare your career to his.""""""",f,f,Twitter for Android,8,13,2013-06-12 20:00:50,f
344764825601196033,"""""""@Yra007Unaj: @realDonaldTrump I most definitely agree with you. Such an inspiration you are""""   Thanks and work hard and smart!""",f,f,Twitter for Android,11,10,2013-06-12 10:35:14,f
344546262839869440,"""""""Always pretend that you're working for yourself. You'll do a wonderful job. It's simple, but it works."""" - Think Like a Billionaire""",f,f,Twitter Web Client,342,610,2013-06-11 20:06:45,f
342320095332294657,@Judare So true!,f,f,Twitter Web Client,1,4,2013-06-05 16:40:45,f
342313853767532545,@tfore4 Our clubhouse on the North Sea. http://t.co/pt4JrevifH,f,f,Twitter Web Client,1,4,2013-06-05 16:15:57,f
342274911173234690,"@Jonzy1523 @TrumpChicago  Thanks, very proud of it.",f,f,Twitter Web Client,0,4,2013-06-05 13:41:12,f
342183558200295424,Thanks to @johnrich for putting on such a great concert fot @Stjude. John was a winner on Celebrity Apprentice and is a fantastic guy.,f,f,Twitter for Android,21,19,2013-06-05 07:38:12,f
341758471445835776,"""""""@jakecbaum: @TrumpChicago @realDonaldTrump I will definitely be there again soon! Save me a nice table with a lovely east view! :D""""""",f,f,Twitter for Android,15,13,2013-06-04 03:29:03,f
341667168494174208,"@ThomasVanhoutte Thanks, 57th and Fifth.",f,f,Twitter Web Client,1,3,2013-06-03 21:26:15,f
341318062148026369,"Thank you to the Robb Report, The Best of the Best issue, for just naming Trump International Golf Links the Best New Golf Course In World!",f,f,Twitter for Android,20,28,2013-06-02 22:19:02,f
340510054304329728,"Today, Judge St. Eve ruled in my favor on the two remaining claims brought by Goldberg in Chicago.  The case is now officially over...",f,f,Twitter Web Client,31,20,2013-05-31 16:48:17,f
340186870401093632,One of the many reasons that @VattenfallGroup dropped out of windfarm project—they couldn’t solve military radar defense problems,f,f,Twitter Web Client,5,9,2013-05-30 19:24:04,f
340077259555753984,"""""""@StockMarket100: @realDonaldTrump correct me if I'm wrong but didnt you give @LilJon charity 20k?""""  Yes, 20k plus 100k for great cause!""",f,f,Twitter for Android,7,5,2013-05-30 12:08:31,f
339986584407519232,"""""""@GuyEndoreKaiser: @realDonaldTrump You are a true American, not like some of these others. Love your Macy's ties!!! Love your books!""""thanks""",f,f,Twitter for Android,32,27,2013-05-30 06:08:13,f
339933638852485120,"""""""@warrencasselljr: You're exactly what America needs Mr. Trump @realDonaldTrump http://t.co/nWYqIvdOfT""""  Thanks!""",f,f,Twitter for Android,17,15,2013-05-30 02:37:49,f
339754207806636033,I have a surprise for a really special kid on Thursday’s episode of @KatieShow with @KatieCouric: http://t.co/7cN2yzp8mN,f,f,Twitter Web Client,25,33,2013-05-29 14:44:50,f
339470579893669888,"@Austile147 U.S.A. is not rich, owes 17 trillion dollars.",f,f,Twitter Web Client,9,5,2013-05-28 19:57:47,f
339165426217000960,"""""""@eliiizabethhhhh: @realDonaldTrump run for president in 2016 so I can vote for you! You would have this country fixed in a month!""",f,f,Twitter for Android,38,36,2013-05-27 23:45:13,f
339156312216715265,"""""""@GilCharles: @realDonaldTrump can I get a RT for @PetsAliveWest in NY. Saving lots of animals.""""""",f,f,Twitter for Android,9,33,2013-05-27 23:09:00,f
338452423448334336,"""""""@kerim322: @realDonaldTrump @msaid10 suddenly I was just motivated with Donald Trump, without any reason.""",f,f,Twitter for Android,4,9,2013-05-26 00:32:00,f
338431147115687936,"""""""@thatBrody: @realDonaldTrump The @SternShow would never have @DannyZuker on. A.) Not funny enough. B.) Not famous enough. C) Hates losers.""",f,f,Twitter for Android,10,9,2013-05-25 23:07:27,f
338427027893923840,"""""""@thatBrody: @realDonaldTrump @billyharry1 @HowardStern @DannyZuker Donald will always be one of Howard's greatest guests.  So true!""",f,f,Twitter for Android,5,5,2013-05-25 22:51:05,f
338103828035538944,"@pusspuss09   Thanks, Country is in trouble.",f,f,Twitter for Android,205,205,2013-05-25 01:26:48,f
338042150812012546,It should be mandatory that all haters and losers use their real name or identification when tweeting - they will no longer be so brave!,f,f,Twitter for Android,1235,1138,2013-05-24 21:21:43,f
338026167296724992,"""""""@MaasMaasWhatup: Nobody does the Twitter thing quite like @realDonaldTrump. That man engages his critics like nobody I've seen before.  T.""",f,f,Twitter for Android,34,21,2013-05-24 20:18:13,f
337710578002980865,"I loved beating these two terrible human beings. I would never recommend that anyone use her lawyer, he is a total loser!",f,f,Twitter for Android,61,83,2013-05-23 23:24:10,f
337394236251074560,"""""""@MC21701: @realDonaldTrump @jeff_lip is it true that it was your idea for Steve to name his company Wynn, or is that urban legend?""""I helped""",f,f,Twitter for Android,7,19,2013-05-23 02:27:09,f
337373987388653568,@DJLoopsFruit  That's because I know him-he's a lowlife!,f,f,Twitter for Android,19,14,2013-05-23 01:06:41,f
337373331022036992,@tubby511   They are dummies!,f,f,Twitter for Android,2,2,2013-05-23 01:04:04,f
337327147326767104,"""""""Trust yourself. Create the kind of self that you will be happy to live with all your life."""" - Golda Meir""",f,f,Facebook,266,457,2013-05-22 22:00:33,f
336527179800264704,".@MELANIATRUMP, @IvankaTrump, @EricTrump, @DonaldJTrumpJr &amp, I  thank our loyal fans for another great season of @ApprenticeNBC!",f,f,Twitter Web Client,57,32,2013-05-20 17:01:46,f
336459518424776704,"""""""@mr_al_131: Was glued to@ApprenticeNBC all season one of my favourites @realDonaldTrump Great ending Amazing show! Thx Sir.""""  Thank you.""",f,f,Twitter for Android,6,11,2013-05-20 12:32:54,f
333050909447815168,Leightweight @Lord Sugar virtually begged my reps to have me stop mocking him. Every time this dope goes on Apprentice I make money-too easy,f,f,Twitter for Android,155,99,2013-05-11 02:48:19,f
332528353716355072,"I watched @todayshow this AM re: @MarthaStewart &amp, dating. She looks terrific, better than ever, any guy would be lucky to be with her.",f,f,Twitter Web Client,121,130,2013-05-09 16:11:52,f
332331185051156485,"""""""@samflaherty_: @realDonaldTrump I'd bet my life savings Obama has a higher IQ than you""""  You would lose!""",f,f,Twitter for Android,121,109,2013-05-09 03:08:23,f
332310159340752896,"Man, we had a great day today at Trump Tower - lots of money was given to many people who really needed it - good feelings and happiness!",f,f,Twitter for Android,127,98,2013-05-09 01:44:50,f
327459422039326720,@HowardSternJohn @DonaldJTrumpJr  No!,f,f,Twitter Web Client,169,70,2013-04-25 16:29:44,f
331950013452275712,"@BobKurlander   Thanks Bob, it is one of the best and will only get better-I will be spending lots of money this Summer!",f,f,Twitter for Android,0,4,2013-05-08 01:53:45,f
331948815722631168,"""""""@Heaveenly: @realDonaldTrump how does it feel to have 2.1 million followers""""  Great-like owning The New York Times without the lo$$es! .""",f,f,Twitter for Android,50,51,2013-05-08 01:48:59,f
331720269553098752,Head of Air Force's anti-sexual assault unit arrested for sexual assault! It just seems that our Country is not what it used to be.,f,f,Twitter for Android,134,371,2013-05-07 10:40:49,f
331484261720915969,.@TheRealMarilu was very impressive and is a great person. The All Star Celebrity @ApprenticeNBC viewers loved her.,f,f,Twitter Web Client,15,18,2013-05-06 19:03:01,f
330341945916411904,It's crunch time. This Sunday's All-Star Celebrity @ApprenticeNBC's task will separate the winners from the losers.,f,f,Twitter Web Client,11,17,2013-05-03 15:23:52,f
330155179779448832,"""""""@s__nguyen: @realDonaldTrump Thank you for being a great inspiration to us in the younger generation. We need more leaders like you!""""Thanks""",f,f,Twitter for Android,36,42,2013-05-03 03:01:43,f
329804843659165697,"""""""@broadflameec: @dblsolo7 @hdiallo @BarrieLouise @ForQ2 @realDonaldTrump Small man. Large ego.""""  No, large man 6'3"""". Large ego!""",f,f,Twitter for Android,30,13,2013-05-02 03:49:36,f
328965921395851265,".@DannyZuker Don't lie, @ApprenticeNBC was #1 in all major demos at 10. Do not lie!",f,f,Twitter Web Client,17,15,2013-04-29 20:16:02,f
328965494159843328,".@DannyZuker I'm in front of the camera and behind the camera- just looked at your picture, you'll never be in front of the camera!",f,f,Twitter Web Client,29,39,2013-04-29 20:14:20,f
328956039577882624,"""""""Failed show @DannyZuker"""" season 1 of @apprenticenbc had 28 million viewers and 41.5 million watching.....""",f,f,Twitter Web Client,18,20,2013-04-29 19:36:46,f
328702926887464960,Mechanical dog is going to be trending tonight. #MechanicalDog #CelebApprentice,f,f,Twitter Web Client,358,243,2013-04-29 02:50:59,f
328680419476246528,Looks like Plan B is stuck with the mechanical dog. @THEGaryBusey has latched on and won’t let go. #CelebApprentice,f,f,Twitter Web Client,19,39,2013-04-29 01:21:33,f
328672137101586434,"""""""@ClevelandGuy70: @realDonaldTrump Sunday 9pm-11pm on NBC is the best TV of the week...Love the show Mr Trump #CelebApprentice""""  Thanks!""",f,f,Twitter for Android,5,7,2013-04-29 00:48:38,f
328364109869490177,@DBradleyRI   You are a great looking guy who is really smart - you can do much better than your current girlfriend - she's nothing!,f,f,Twitter for Android,65,94,2013-04-28 04:24:39,f
327398771564630016,"@TatorJuice   Wow, so nice! Thanks, I wish I could have met him.",f,f,Twitter for Android,0,0,2013-04-25 12:28:44,f
327154080617218048,The sub-station in Blackdog is very dangerous on unregulated landfill—fire hazard! @AlexSalmond @pressjournal,f,f,Twitter Web Client,6,8,2013-04-24 20:16:25,f
326982277034831872,"""""""@Fun_Foy: @realDonaldTrump Didn't some other guy admit to actually committing this brutal crime?"""" Yes, but they committed other attacks!""",f,f,Twitter for Android,7,4,2013-04-24 08:53:44,f
326972596581191680,"""""""@Jenil93_: @realDonaldTrump No melting of ice caps in the degree that global warming predicted. On the contrary increased ice in Antarctica""",f,f,Twitter for Android,81,43,2013-04-24 08:15:16,f
321807157156777984,.@JerryLawler was terrific. #WWEHOF http://t.co/0pOoh6ixWC,f,f,Twitter Web Client,27,37,2013-04-10 02:09:39,f
326884217785024512,"@GinaCHaley   They devalue everything, stupid!",f,f,Twitter for Android,9,9,2013-04-24 02:24:05,f
326315217363554304,"""""""@tdudz5: @realDonaldTrump you r the most honest and real person on twitter. Twitter was invented for Trump!"""" Thanks, very nice!""",f,f,Twitter for Android,35,39,2013-04-22 12:43:05,f
325971381823082496,Didn't the Boston killer even run over his own brother with a car in order to get away?  We are not dealing with an innocent baby here-DEATH,f,f,Twitter for Android,247,364,2013-04-21 13:56:48,f
325471948941434881,"""""""@_ayooPRINCESS: . Many people dislike @realDonaldTrump but the man is the man and I can't lie 👍 .""""  So true!""",f,f,Twitter for Android,29,40,2013-04-20 04:52:14,f
325403673599545346,"""""""@mikeohio2323: @rob_bieber @realdonaldtrump Tell the victims and their families about this guy's rights.  Terrible!""",f,f,Twitter for Android,50,52,2013-04-20 00:20:56,f
324678418883047424,"""""""@LRod421: @realDonaldTrump @MLB @Yankees what do you think the yankees will end up doing with his contract. Pay it or contess it""""  Contest?""",f,f,Twitter for Android,3,6,2013-04-18 00:19:01,f
323622747433496576,Do you know how many years @TheRealMarilu starred on Taxi? #CelebApprentice,f,f,Twitter Web Client,2,12,2013-04-15 02:24:10,f
323602000115814401,It’s true—@dennisrodman gets the comeback of the year award. I didn’t like having to fire him. #CelebApprentice,f,f,Twitter Web Client,12,26,2013-04-15 01:01:43,f
323563277915410432,"""""""@Kyle_j91: @realDonaldTrump If the US asked for reimbursement for defense and the Koreans declined, then what?  Let's rebuild the U.S.!""",f,f,Twitter for Android,9,28,2013-04-14 22:27:51,f
322798240913313793,The only American who has met with the North Korean man child is Dennis Rodman.  Isn’t that frightening and sad?,f,f,Twitter Web Client,488,742,2013-04-12 19:47:52,f
322384761379225600,"@MdAhGOD Not much, it's too easy!",f,f,Twitter Web Client,20,15,2013-04-11 16:24:51,f
321951842244378625,"""""""@mersjm1: @realDonaldTrump Why did you get this tattoo?!!!? http://t.co/SGI4oBcWp6""""  I never got a tattoo and never would!""",f,f,Twitter for Android,25,38,2013-04-10 11:44:35,f
320881258144096256,"""""""@luwfcrule: @realDonaldTrump When will Apprentice USA be back on UK TV? jealous of not being able to watch it like you are in the USA. SOON""",f,f,Twitter for Android,7,9,2013-04-07 12:50:28,f
320863085466353664,"""""""@GiovaChris: """"@SammartinoBruno: @realDonaldTrump and I backstage at WWE Hall of Fame. A great man and good friend. http://t.co/8FMQzJbwZQ""""""""""",f,f,Twitter for Android,76,43,2013-04-07 11:38:15,f
320672843702607872,When is South Korea going to start paying us for the massive amounts of money we are spending to protect them from the North?,f,f,Twitter for Android,166,346,2013-04-06 23:02:18,f
320166227744014338,"""""""@Mr_Asuaiko: one day i'll be rich and powerful like my mentor @realDonaldTrump""""  Great!""",f,f,Twitter for Android,12,15,2013-04-05 13:29:11,f
318846641505452032,"In the 10:30 PM ET lead-in to local news, @ApprenticeNBC delivered a 31 percent margin of victory...",f,f,Twitter Web Client,13,15,2013-04-01 22:05:37,f
318826970139983872,Sacrificing our nation’s bravest for  ungrateful Iraqis = great for China. China is taking majority of the oil http://t.co/U94jvw9pGT,f,f,Twitter Web Client,48,104,2013-04-01 20:47:27,f
318808732211503105,Immigration reform is all risk for the @GOP. Their base doesn’t want it and the 12M illegals will all vote Democrat.,f,f,Twitter Web Client,1877,920,2013-04-01 19:34:59,f
318662380265541632,"""""""@mcs3289: Who is the better boss? Mr. or Mrs. Trump? Can't wait to find out next week! @realDonaldTrump @ApprenticeNBC""""""",f,f,Twitter for Android,14,12,2013-04-01 09:53:26,f
317962835974053888,North Korea is reliant on China. China could solve this problem easily if they wanted to but they have no respect for our leaders.,f,f,Twitter for Android,163,324,2013-03-30 11:33:42,f
317936116428840960,"""""""@Thaddalicious: @realDonaldTrump should be president, he knows what he is talking about #rolemodel""""  Thank you!""",f,f,Twitter for Android,19,28,2013-03-30 09:47:31,f
317679210602827777,"Achievers go for the challenge, so the next deal is what they're thinking about. They have an obligation to best themselves.",f,f,Twitter Web Client,142,265,2013-03-29 16:46:40,f
317247479793995776,"""""""@pdattolo79: @realDonaldTrump was amazing on Letterman. When are you officially going to announce you are running for President in 2016?""",f,f,Twitter for Android,15,21,2013-03-28 12:11:08,f
293812663287414784,@ghosttoast99  I do--and say hello to Carson.,f,f,Twitter Web Client,1,1,2013-01-22 20:09:32,f
317223699482808320,"""""""@Greener17wing: @realDonaldTrump ya hit it out of the park. #preztrump from a Canadian #yourhired""""  Thanks!""",f,f,Twitter for Android,2,1,2013-03-28 10:36:38,f
317220275320127488,"""""""@Higgie0: @realDonaldTrump @Late_Show... watched you Letterman.. Good Job! Your Hired!"""" Thanks!""",f,f,Twitter for Android,2,6,2013-03-28 10:23:01,f
317215426549526528,"""""""@KennethLaguer: @realDonaldTrump you did great on letterman""""  Thanks Kenneth!""",f,f,Twitter for Android,3,2,2013-03-28 10:03:45,f
316976332040970240,@thedealszone @washtimes Thank you.,f,f,Twitter Web Client,1,1,2013-03-27 18:13:41,f
316947058667958272,"In case you missed it, last week's @extratv interview  with @AJCalloway discussing Tiger Woods &amp, much more http://t.co/2WrbUpiP0W",f,f,Twitter Web Client,8,7,2013-03-27 16:17:22,f
316282709154619392,"Obama has now become the weakest POTUS against China, yuan just hit record high against dollar http://t.co/sEbQQycPmf  Very sad!",f,f,Twitter Web Client,43,161,2013-03-25 20:17:28,f
315925956864901120,"""""""@Slim_Shady2o3: @realDonaldTrump yay i cant wait mr trump! You have the best show on tv on sunday nights!""""  THANKS!""",f,f,Twitter for Android,13,10,2013-03-24 20:39:52,f
314489249787420672,@RealHotwaffles Thanks.,f,f,Twitter Web Client,1,4,2013-03-20 21:30:54,f
314480088857059328,. @OMAROSA is smart and strategic. People should cut her some slack and respect the way she works on @ApprenticeNBC.,f,f,Twitter Web Client,78,124,2013-03-20 20:54:30,f
314131124454559744,".@mcuban  Mark, okay with me but don't start your bullshit again!",f,f,Twitter Web Client,193,185,2013-03-19 21:47:51,f
314085754307497985,.@RNC report was written by the ruling class of consultants who blew the election. Short on ideas. Just giving excuses to donors.,f,f,Twitter Web Client,195,211,2013-03-19 18:47:33,f
314085307882561536,"""""""One of the most obvious lessons on @ApprenticeNBC is for the candidates to learn to think quickly."""" - Think Like a Champion""",f,f,Twitter Web Client,25,38,2013-03-19 18:45:47,f
313971952526168065,@mcuban is very short off the tee - and his basketball sucks also!,f,f,Twitter for Android,211,156,2013-03-19 11:15:21,f
313970051453710336,Golf match? I've won 18 Club Championships including this weekend. @mcuban swings like a little girl with no power or talent. Mark's a loser,f,f,Twitter for Android,1519,1295,2013-03-19 11:07:48,f
313734916737204224,"Vattenfall, the company behind a proposed asinine windfarm off the coast of Aberdeen, Scotland, is having serious financial difficulty.",f,f,Twitter Web Client,8,32,2013-03-18 19:33:27,f
313459978348404738,"There’s no love lost between @latoyajackson  &amp, @OMAROSA Disrespectful? Who is being disrespectful? #CelebApprentice",f,f,Twitter Web Client,13,31,2013-03-18 01:20:57,f
313351360529694721,"""""""@RealJonJenkins: @realDonaldTrump I spent my honeymoon in 2010 at the Trump Intl Las Vegas. Amazing place you've created.""""  Thanks!""",f,f,Twitter for Android,6,11,2013-03-17 18:09:20,f
313232072586178560,Don't forget to watch Celebrity Apprentice tonight at 9 on NBC - GREAT EPISODE!,f,f,Twitter for Android,36,68,2013-03-17 10:15:20,f
312708181480591360,Thanks for all of the accolades on my speech today - it's all about the truth!,f,f,Twitter for Android,30,48,2013-03-15 23:33:34,f
312679920474144768,"""""""Donald Trump CPAC Speech: U.S. Is Run By 'Very Stupid People'"""" http://t.co/O2JLKmoNnh via @HuffPostPol by @elisefoley""",f,f,Twitter Web Client,22,54,2013-03-15 21:41:17,f
312273419775385600,Good move by @MSNBC in downgrading @WeGotEd to a dead weekend spot. This is truly a guy who shouldn't be on tv.,f,f,Twitter Web Client,31,49,2013-03-14 18:45:59,f
312248500085727233,"To show you how shallow politicians can be, many are jealous of my @CPACnews speaking slot &amp, also their fellow Republicans! Not good!",f,f,Twitter Web Client,14,20,2013-03-14 17:06:58,f
311571131968667648,"Ashley Judd's candidacy was created by Karl Rove's terrible ads, even before she thought seriously about running...",f,f,Twitter Web Client,6,20,2013-03-12 20:15:21,f
310932283240632320,What?!  LaToya is saying Omarosa is one of the nicest people she's met?,f,f,Twitter Web App,38,47,2013-03-11 01:56:47,f
310893194919428097,There's definitely no love lost between Piers and Omarosa.,f,f,Twitter Web App,38,51,2013-03-10 23:21:28,f
310126694558232576,Resolve to be bigger than your problems. Who’s the boss? Realize that fear is the exact opposite of faith.,f,f,Twitter Web Client,457,593,2013-03-08 20:35:40,f
310081061948362753,"""Via @MiamiHerald: """"Donald Trump aims to bring luxury to Doral Golf Resort &amp, Spa"""" http://t.co/fUZujcYRsn @DoralResort""",f,f,Twitter Web Client,9,21,2013-03-08 17:34:20,f
309875549357101056,"""""""@No_Average_Joee: @realDonaldTrump you should run for president #genius #Trump2016""""  Thanks!""",f,f,Twitter for Android,34,29,2013-03-08 03:57:42,f
309411391301877760,@Raul_Esquire  Thanks Raul.,f,f,Twitter Web Client,4,5,2013-03-06 21:13:18,f
309386110805626880,"""Via @FOXSports: """"Trump 'blowing up' @DoralResort after WGC-@CadillacChamp"""" http://t.co/Vjhtx9CXjZ by @AP""",f,f,Twitter Web Client,2,11,2013-03-06 19:32:51,f
309031481345466368,It’s important to promote an image of yourself each and every day. It’s part of having a sense of self and a sense of purpose.,f,f,Twitter Web Client,286,605,2013-03-05 20:03:41,f
308409950143672320,Even @PiersMorgan is impressed by @THEGaryBusey. #CelebApprentice,f,f,Facebook,14,40,2013-03-04 02:53:56,f
308409193126318080,.@OMAROSA as a cashier- a big mistake by @BrandenRoderick. #CelebApprentice,f,f,Facebook,18,32,2013-03-04 02:50:56,f
308396883217375233,Looks like @OMAROSA is up to the challenge. #CelebApprentice,f,f,Facebook,11,15,2013-03-04 02:02:01,f
308056075343650816,"""""""@NicoleWallace04: @realDonaldTrump youre responding to everyone else BUT me don😢💔""""   Not anymore Nicole, thanks.""",f,f,Twitter for Android,16,10,2013-03-03 03:27:46,f
308053683407560704,"""""""@joshdefreitas1: @realDonaldTrump needs to next US president!!"""" Thanks Josh.""",f,f,Twitter for Android,29,19,2013-03-03 03:18:16,f
307965247917006848,"""""""@stevesms1960: @realDonaldTrump just purchased a few Trump ties. Great styling!""""""",f,f,Twitter for Android,6,6,2013-03-02 21:26:51,f
307480401910312960,Thanks Matthew!,f,f,Twitter for Android,29,64,2013-03-01 13:20:15,f
307130010412646401,@NattilyAttired @Pontifex I fully understand that side of the argument.,f,f,Twitter Web Client,68,10,2013-02-28 14:07:55,f
306905834468814849,".@DeeSnider, @StephenBaldwin7, and the rest of your favorites are back! All-Star @ApprenticeNBC premieres Sunday... http://t.co/HgtY00PY4Q",f,f,Facebook,16,26,2013-02-27 23:17:07,f
306889406411845632,Karl Rove’s ads are the worst in political history!,f,f,Twitter Web Client,20,37,2013-02-27 22:11:50,f
306826998637019136,"""""""Must-see morning clip: Donald Trump addresses Lil Wayne tweet and 'Celebrity Apprentice'""""http://t.co/ozoAePwPeL  via @Salon""",f,f,Twitter Web Client,15,12,2013-02-27 18:03:51,f
306673134231248897,"""""""@my_deeary: I wish @realDonaldTrump would teach me all his little secrets to success""""  Good idea!""",f,f,Twitter for Android,11,15,2013-02-27 07:52:27,f
306657971990065152,"""""""@EliTheFourth: .@realDonaldTrump, I emulated you for a speech in 8th grade. I look up to you. #htm #purduecal #accredited""""  Thanks.""",f,f,Twitter for Android,9,9,2013-02-27 06:52:12,f
306521703624880128,@preewbrfu1  Wind turbines are a disaster!,f,f,Twitter Web Client,2,3,2013-02-26 21:50:43,f
306465882220146688,""".....you keep forgetting to mention the fragrance, """"Success""""!""",f,f,Twitter Web Client,16,40,2013-02-26 18:08:54,f
306207483238703106,Shark Tank is a dead Friday night filler compared to the Apprentice which has been number one show for week in the T. V. ratings!,f,f,Twitter for Android,119,100,2013-02-26 01:02:07,f
306079927931895808,@JUrciuoli19 Very good!,f,f,Twitter Web Client,0,2,2013-02-25 16:35:16,f
305998507662254080,@5thmcfly. In April - thanks.,f,f,Twitter for Android,2,2,2013-02-25 11:11:44,f
305113282417680384,@BillWhiteNY. Thanks Bill!,f,f,Twitter for Android,0,4,2013-02-23 00:34:09,f
305067765318955010,@Ukfan71  Thanks.,f,f,Twitter Web Client,1,2,2013-02-22 21:33:17,f
305029100999938048,Enjoyed my visit to Trump Doral in Miami yesterday. Looking forward to returning for the WGC-@Cadillac Championship on March 6th-10th...,f,f,Twitter Web Client,4,10,2013-02-22 18:59:39,f
305029068993200128,"... Will be there front &amp, center along with the 70 greatest players in the world. WGC-@Cadillac Championship",f,f,Twitter Web Client,4,7,2013-02-22 18:59:31,f
304376373282234370,@RickyTheBitch. Thanks.,f,f,Twitter for Android,114,94,2013-02-20 23:45:57,f
304364212862451712,@CATHCO9. Thanks.,f,f,Twitter for Android,1,0,2013-02-20 22:57:37,f
304327332993302529,.@DianneG @WCNC  To the “news bigs” --  elevate Dianne Gallagher  immediately—she is terrific!,f,f,Twitter Web Client,21,10,2013-02-20 20:31:04,f
303975557434064896,"Idiot @billmaher always forgets to mention that I am suing him to collect the $5M for charity, that he expressly offered.",f,f,Twitter Web Client,141,175,2013-02-19 21:13:15,f
303930995789398016,"""""""I love the Lakers and when you love the Lakers, you want them to win so badly that you will work tirelessly."""" - Dr. Jerry Buss""",f,f,Twitter Web Client,106,191,2013-02-19 18:16:10,f
302145599191523329,@foodnfocus Happy Valentine's Day!,f,f,Twitter Web Client,31,37,2013-02-14 20:01:39,f
302063403407650817,It is important to think positively. Negative thinking will kill your focus and destroy any chance you have of being successful.,f,f,Twitter Web Client,566,1259,2013-02-14 14:35:02,f
301790315013087232,@yadapup I will try!,f,f,Twitter Web Client,4,3,2013-02-13 20:29:52,f
301740340421992448,@nydave77 Good luck!,f,f,Twitter Web Client,1,2,2013-02-13 17:11:17,f
301736351995424768,@amelionaire69 Thanks Amelia!,f,f,Twitter Web Client,5,4,2013-02-13 16:55:26,f
301445083746676736,"@BCDorris @piersmorgan @ApprenticeNBC Well, Trace will now have a second chance.",f,f,Twitter Web Client,0,1,2013-02-12 21:38:03,f
301427567754354688,@Millionayer  Hi and thanks.,f,f,Twitter Web Client,3,2,2013-02-12 20:28:27,f
301425610163646464,"Have confidence, work hard, and keep your focus on the small things that matter while keeping the big picture in mind.",f,f,Twitter Web Client,577,1029,2013-02-12 20:20:40,f
299899545788219392,@EdwardAshton30  Thanks.,f,f,Twitter Web Client,3,3,2013-02-08 15:16:38,f
299634763109642240,@citychik_  Thanks Andrea and good luck.,f,f,Twitter Web Client,0,2,2013-02-07 21:44:29,f
299604146984738817,@Russ_Steinberg  Be careful!,f,f,Twitter Web Client,6024,6846,2013-02-07 19:42:49,f
299245121982038017,@RicardoHernanG @CelebApprentice  Thanks Ricardo.,f,f,Twitter Web Client,1,3,2013-02-06 19:56:11,f
299174562749366273,@HaiderMadHatter Speak to Vince.,f,f,Twitter Web Client,2,2,2013-02-06 15:15:48,f
298896845952929792,.@BrandenRoderick returns in All-Star @ApprenticeNBC  2001 Playmate of the Year is a determined competitor. She is terrific!,f,f,Twitter Web Client,7,12,2013-02-05 20:52:15,f
298874399396884482,@e_hig  Hi Erica...and thanks.,f,f,Twitter Web Client,7,2,2013-02-05 19:23:04,f
298846966853545984,"Ask: Is there anyone else who can do this better than I can?That’s just another way of saying know yourself &amp, know your competition.",f,f,Twitter Web Client,177,274,2013-02-05 17:34:03,f
298537009700556800,.@marklevinshow has been saying very nice things about me on his show recently. He has a fantastic radio show that I always enjoy!,f,f,Twitter Web Client,49,56,2013-02-04 21:02:24,f
298529172584800256,"If Karl Rove &amp, @GOP Establishment continue to attack the Tea Party, who delivered in 2010, then there will be a 3rd Party in 2016.",f,f,Twitter Web Client,211,333,2013-02-04 20:31:15,f
298517681898934272,@PRW_StaysFresh That's good news!,f,f,Twitter Web Client,1,1,2013-02-04 19:45:36,f
298461755930210304,.@BillMaher didn’t come through with his promised $5 million for charity so today I will sue him.,f,f,Twitter Web Client,372,658,2013-02-04 16:03:22,f
297055380985499650,@NYCTiggy  3 minutes.,f,f,Twitter Web Client,1,3,2013-01-31 18:54:56,f
296665722761924608,“Remember people’s names and small details about them. Use both in conversation...,f,f,Twitter Web Client,282,435,2013-01-30 17:06:34,f
296365534985994240,@largemarv74 @Yankees  Not even close but that doesn't matter!,f,f,Twitter Web Client,5,1,2013-01-29 21:13:44,f
296359912576004096,"Just as I predicted, people are going to be shocked by the rise in premium prices thanks to Obama Care http://t.co/V7Wzlv3b  Enjoy!",f,f,Twitter Web Client,53,216,2013-01-29 20:51:23,f
295999352290291712,Still waiting to hear from @billmaher. Every day he dodges me is one less day that $5M is being used for charity.,f,f,Twitter Web Client,59,110,2013-01-28 20:58:39,f
294894585287700481,Wind turbine syndrome is affecting tremendous numbers of people in their wake—stop ugly turbines.,f,f,Twitter Web Client,85,112,2013-01-25 19:48:42,f
294869330443780097,@InTheHere  True!,f,f,Twitter Web Client,0,1,2013-01-25 18:08:21,f
294192216136630273,Almost every television network wants me badly—but I stay loyal to @NBC.,f,f,Twitter Web Client,139,143,2013-01-23 21:17:44,f
294174826535477248,.@billmaher has not yet sent me the $5M he owes which I am giving to various charities. Come on Bill—you made a deal.,f,f,Twitter Web Client,85,189,2013-01-23 20:08:38,f
294111611482931201,... in order to occupy space in a truly ugly office building in a much worse location!,f,f,Twitter Web Client,8,13,2013-01-23 15:57:27,f
294094883394838528,"I cannot believe the Republicans are extending the debt ceiling—I am a Republican &amp, I am embarrassed!",f,f,Twitter Web Client,1812,2242,2013-01-23 14:50:58,f
293802410965614592,@hmachann  Thanks Heidi.,f,f,Twitter Web Client,2,0,2013-01-22 19:28:48,f
293801832503971840,@JediJerad  Thanks Jedi.,f,f,Twitter Web Client,12,11,2013-01-22 19:26:30,f
293765115105398784,Here I am with @RodStewart at Mar-a-Lago. http://t.co/CxYc0moW,f,f,Facebook,20,14,2013-01-22 17:00:35,f
292340532259213312,@northsydgirl  Yes.,f,f,Twitter Web Client,1,0,2013-01-18 18:39:48,f
291939243419389953,...or mentally troubled (or a con).,f,f,Twitter Web Client,40,105,2013-01-17 16:05:14,f
291302432489742336,"“Go as far as you can see, when you get there, you'll be able to see farther.” -- J. P. Morgan",f,f,Twitter Web Client,376,948,2013-01-15 21:54:46,f
290950264821788672,“I don't measure a man's success by how high he climbs but how high he bounces when he hits bottom.” -- George S. Patton,f,f,Twitter Web Client,531,1145,2013-01-14 22:35:23,f
290881766162579457,The Republicans have been played into a trap by the President--they forgot the 14th amendment.....,f,f,Twitter Web Client,33,88,2013-01-14 18:03:12,f
289802158218567680,@pellscuse11  Happy Birthday,f,f,Twitter Web Client,1,0,2013-01-11 18:33:13,f
289744825681604608,@LaDaleBuggs  Thanks!,f,f,Twitter Web Client,0,4,2013-01-11 14:45:24,f
289744022921179136,@Melbelle96  Thanks Melanie.,f,f,Twitter Web Client,5,4,2013-01-11 14:42:12,f
289481811623571456,@MStuart1970 @foxandfriends  True!,f,f,Twitter Web Client,0,0,2013-01-10 21:20:16,f
289458542837104640,Scary. President Obama told Boehner that the government doesn't have a spending problem  http://t.co/MArtBvAp,f,f,Twitter Web Client,126,445,2013-01-10 19:47:49,f
288751812171952128,@CJohnson623 @billmaher  Stay tuned!,f,f,Twitter Web Client,8,8,2013-01-08 20:59:31,f
288746481358344192,@KevinM_Mielke  True!,f,f,Twitter Web Client,8,5,2013-01-08 20:38:20,f
288738817647718402,@381days  Thank you.,f,f,Twitter Web Client,2,0,2013-01-08 20:07:53,f
288723024771956737,We are going to ask Katherine Webb to be a judge at the Miss USA Pageant coming up in Las Vegas.,f,f,Twitter Web Client,291,505,2013-01-08 19:05:07,f
288674028472901633,@TonifReardon @foxandfriends  Thanks.,f,f,Twitter Web Client,0,0,2013-01-08 15:50:26,f
288315330596581376,@jkaburu Work hard!,f,f,Twitter Web Client,5,4,2013-01-07 16:05:06,f
286961448045912065,@jmendowns  True!,f,f,Twitter Web Client,0,0,2013-01-03 22:25:15,f
286960442851594241,@pauljosephjr  Doral is doing great!,f,f,Twitter Web Client,0,1,2013-01-03 22:21:15,f
286948042739970049,@ahm1038  They just acted but it was Obama that promised!,f,f,Twitter Web Client,0,0,2013-01-03 21:31:59,f
286914039559368704,"@jamesche85  Dopey, I never went bankrupt.",f,f,Twitter Web Client,1,13,2013-01-03 19:16:52,f
286882676605087744,"""“In the end, you’re measured not by how much you undertake but what you finally accomplish."""" - The Art of the Deal""",f,f,Twitter Web Client,362,636,2013-01-03 17:12:14,f
286869801387847680,Via @politicalwire: “Trump Not Happy with Republicans” http://t.co/iNQYwBSS,f,f,Twitter Web Client,14,24,2013-01-03 16:21:05,f
286486041836265473,This is a terrible deal for the country and an embarrassment for Republicans!,f,f,Twitter Web Client,159,417,2013-01-02 14:56:09,f
550440752254562304,"""""""@JobSnarechs: Negotiation tip #1: The worst thing you can possibly do in a deal is seem desperate to make it. - @realDonaldTrump"""" So true!""",f,f,Twitter for Android,45,38,2014-12-31 23:57:56,f
550135310420815872,"""""""@SellingVA: """"@realDonaldTrump: Sometimes by losing a battle you find a new way to win the war.""""""""""",f,f,Twitter for Android,88,55,2014-12-31 03:44:13,f
549528880609230851,"""""""@995mu: No once respect is lost, it's gone forever, always suspicion in any relationship @realDonaldTrump @foxandfriends""""""",f,f,Twitter for Android,28,19,2014-12-29 11:34:29,f
548993128133586944,"""""""@HeidiAlbertsen: #holidays #friends #palmbeach #maralago  @mrsvanessatrump @laraleatrump @erictrump @donaldjtrumpjr http://t.co/jAgKvgDaCV""""""",f,f,Twitter for Android,97,43,2014-12-28 00:05:36,f
548991035528196096,"""""""@LillyWinfree: @realDonaldTrump You are so wise!! I cant wait until youre president!! ❤️🎉😍#TrumpWinfree2016""""""",f,f,Twitter for Android,80,29,2014-12-27 23:57:17,f
548990989411831810,"""""""@VladimirRussia7: @realDonaldTrump and @mcuban and @WarrenBuffett are my favorite billionaires and heroes.""""""",f,f,Twitter for Android,53,106,2014-12-27 23:57:06,f
548428096735830017,"""""""@RachaelMarieabl: I refuse to vote in 2016 unless @realDonaldTrump is running &amp, if he's not I'm getting a one way ticket outta here""""""",f,f,Twitter for Android,51,18,2014-12-26 10:40:22,f
548425993351081985,"""""""@garyleelogan1: @realDonaldTrump ...I HEARD YA MIGHT RUN IN 2016....WE THE PEOPLE NEED A PRESIDENT..NOT ONE LIKE OWEBUMMA !""""""",f,f,Twitter for Android,33,21,2014-12-26 10:32:00,f
548425070801342464,"""""""@itsRyanHilton: @realDonaldTrump Marry Christmas to the future President of the United States!  Well, America would be great again. Thanks.""",f,f,Twitter for Android,33,32,2014-12-26 10:28:20,f
548421599456948224,"""""""@SassyPantsjj: Merry CHRISTMAS! Can't wait 4 Celebrity Apprenctice my favorite show on TV, need more than 1 a year! I will EP it for you!""""""",f,f,Twitter for Android,22,8,2014-12-26 10:14:33,f
547895723032064001,"""""""@alangnahz: @realDonaldTrump @mooovin_on I have been waiting for the day to vote you for president, ever since I read The Art of The Deal""""""",f,f,Twitter for Android,18,10,2014-12-24 23:24:54,f
547860331197132800,"""""""@nickzizzo77: I'm not calling @realDonaldTrump out or anything but how about you run for president?!""""  Watch!""",f,f,Twitter for Android,44,18,2014-12-24 21:04:16,f
547190356165795840,"""""""@LanaEdwards77: @KenyaMoore @realDonaldTrump I can't wait for #CelebrityApprentice to begin! Should be interesting...""""""",f,f,Twitter for Android,40,30,2014-12-23 00:42:01,f
547021666103357440,"""""""@rick_royer: @realDonaldTrump on point as always""""""",f,f,Twitter for Android,19,10,2014-12-22 13:31:43,f
547005779904327680,"""""""@DRJAMESCABOT: @lovusa4: 6 psychiatrists all from HARVARD... TRUMP on verge of genius... Perry average or below IQ..CAN'T absorb data fast""""""",f,f,Twitter for Android,259,169,2014-12-22 12:28:35,f
546425957536780288,"""""""@GClass914: thanks for the good word @realdonaldtrump http://t.co/nAH5RpMVnb""""""",f,f,Twitter for Android,26,16,2014-12-20 22:04:35,f
546048780106489856,"Be sure to set exceptional goals for your 2015 resolutions. Push yourself, you can do it. Think Big!",f,f,Twitter Web Client,445,402,2014-12-19 21:05:48,f
546032002437513216,#FlashbackFriday Just after I did my renovation in Central Park of @TrumpRink -http://t.co/TJlwPJ891H,f,f,Twitter Web Client,32,13,2014-12-19 19:59:08,f
546013001233743874,Should have settled ... Ft Lauderdale plaintiffs must pay me close to $400k in legal fees after Trump trial victory.,f,f,Twitter Web Client,66,37,2014-12-19 18:43:38,f
546012950277136385,Pigs get slaughtered ... again.  Ft Lauderdale plaintiffs must pay me close to $400k in legal fees after Trump trial victory.,f,f,Twitter Web Client,81,56,2014-12-19 18:43:26,f
545698858148581376,Must watch @IvankaTrump interview on @gma discussing #Girlpower http://t.co/wVCbaJyl8S,f,f,Twitter Web Client,80,48,2014-12-18 21:55:21,f
545603019799535616,Congratulations @TrumpSoHo for making @CNTraveler's #GoldList2015! http://t.co/XUgYRjyy6T,f,f,Twitter Web Client,53,35,2014-12-18 15:34:31,f
545499720773550080,"""""""@rebelgirl1213: @realDonaldTrump @Carrienguns America cannot survive another Bush! #NoMoreBush""""""",f,f,Twitter for Android,26,19,2014-12-18 08:44:02,f
544869889606184961,“See yourself as victorious! That will focus you in the right direction.” – Trump Never Give Up,f,f,Twitter Web Client,327,256,2014-12-16 15:01:19,f
544573067503370240,Looking forward to tonight's conversation w/ David Rubenstein @TheEconomicClub. Airing live on @cspan at 7PM EST http://t.co/ONttU3oixF,f,f,Twitter Web Client,26,20,2014-12-15 19:21:51,f
544470877413588992,"""""""@TimboWoods: @realDonaldTrump outstanding insight on Fox this morning #trumpforpresidemt""""""",f,f,Twitter for Android,15,7,2014-12-15 12:35:47,f
543702327396679680,"""""""@onecherfan: @realDonaldTrump @BB1fanTambra never thought I'd say this but Mr Trump ur right!""""""",f,f,Twitter for Android,25,8,2014-12-13 09:41:51,f
543701468008960001,"""""""@JackWitty: I don't want a party as My President, I want a decisive,confident Leader. @realDonaldTrump will """"fire"""" China. Give US a spark""""""",f,f,Twitter for Android,58,39,2014-12-13 09:38:26,f
543701129960628224,"""""""@MaximizeNetwork: @realDonaldTrump #Inspiration Thank you!""""""",f,f,Twitter for Android,26,11,2014-12-13 09:37:05,f
543698177921409025,"""""""@toptv005: @VikkiTB he was thé Very First one to warn people about Barack Hussein Obama &amp, people blamed him? Well, he was right!""""""",f,f,Twitter for Android,38,19,2014-12-13 09:25:21,f
543138096922243073,"""""""@BenTrawlins: @realDonaldTrump Hitting the Ice over at @TrumpRink ! World Class!!""""""",f,f,Twitter for Android,24,8,2014-12-11 20:19:47,f
542863047938027521,"""""""@KillianZane: I'll be the vp for @realDonaldTrump when he is president"""" You would be better than what we have now!""",f,f,Twitter for Android,58,15,2014-12-11 02:06:51,f
534825100114407424,The #WomenWhoWork campaign from @IvankaTrump  http://t.co/vsAAiOXHIe ...,f,f,Twitter Web Client,95,66,2014-11-18 21:46:55,f
542687255216029696,"""""""@RealSQUEZZ: AMERICA WILL COME ALIVE AGAIN, IF ONLY @REALDONALDTRUMP IS VOTED IN. #PresidentTrump2016""""""",f,f,Twitter for Android,27,21,2014-12-10 14:28:18,f
542517381998718976,"""""""@murphysociety: @realDonaldTrump @Tyler_Allreddd and you wonder why everyone wants you as President?""""""",f,f,Twitter for Android,26,8,2014-12-10 03:13:18,f
542135034984284160,"Sorry, @Rosie is a mentally sick woman, a bully, a dummy and, above all, a loser. Other than that she is just wonderful!",f,f,Twitter for Android,1699,1007,2014-12-09 01:53:59,f
541797598815059968,"""""""@victahh11: """"@realDonaldTrump: Entrepreneurs: Believe in yourself! If you don't, no one else will either.""""""""""",f,f,Twitter for Android,67,59,2014-12-08 03:33:08,f
541097272428474371,"""""""@MMayer87: @BrandiGlanville @realDonaldTrump @ApprenticeNBC I can't wait to watch the show!"""" January 4th.""",f,f,Twitter for Android,95,29,2014-12-06 05:10:17,f
541078673328459776,"""""""@Chris_R_2014: I will step over them to buy a @realDonaldTrump tie.""""""",f,f,Twitter for Android,28,15,2014-12-06 03:56:23,f
539983616525500416,"""""""@EnlighTea: The Celeb Apprentice is the Best of Both Worlds...Real Business Lessons plus Very Entertaining Celebrity Stars! Can't Wait""""""",f,f,Twitter for Android,30,10,2014-12-03 03:25:01,f
539983140933337088,"""""""@Salvato231Janet: @realDonaldTrump @tlrchrstphrbrsn you got my vote""""""",f,f,Twitter for Android,14,5,2014-12-03 03:23:07,f
539380189558751233,I will be on @foxandfriends at 7:00 A.M.  Enjoy!,f,f,Twitter for Android,62,26,2014-12-01 11:27:13,f
538266524818374656,"""""""@InTheElections: @realDonaldTrump @southheastt Awwww, what a wonderful thing to say about our fearless leader. TRUMP 2016!""""""",f,f,Twitter for Android,12,11,2014-11-28 09:41:54,f
536657946265268224,"Tom Brady played great today. He is a total champ and a really nice guy, a rare combination!",f,f,Twitter for Android,808,380,2014-11-23 23:09:59,f
534458281901948930,Obama’s China ‘climate’ deal binds America with language of ‘will’ curb emissions now while China only ‘intends’ to curb in 2030. Bad deal!,f,f,Twitter for BlackBerry,136,103,2014-11-17 21:29:18,f
534428612913790976,“How to travel like a billionaire! Inside Donald Trump's £63m private jet” http://t.co/hjj179KyaR via @travelmail by @AndreaMagrath,f,f,Twitter Web Client,81,68,2014-11-17 19:31:25,f
534386198102671360,"My @WMUR9 ‘Close Up’ int. with @JoshMcElveen discussing the midterms, the new Congress, travelling to NH &amp, 2016 http://t.co/cggm7UTfep",f,f,Twitter Web Client,24,13,2014-11-17 16:42:52,f
534202168015085568,"""""""@miorlano_14: If Donald Trump ran for president, i would vote for him in a heartbeat.""""""",f,f,Twitter for Android,148,55,2014-11-17 04:31:36,f
533299661222969344,“Donald Trump pledges to make Prestwick Airport 'really successful'”  http://t.co/JZ1dnBqwV1 via @STVNews,f,f,Twitter Web Client,574,730,2014-11-14 16:45:22,f
532596427793649664,Flying to New Hampshire to keynote the @LoebSchool First Amendment Award Ceremony. Always great to visit the Granite State!,f,f,Twitter Web Client,62,20,2014-11-12 18:10:58,f
531882802460233729,"""""""@brandoacovski: @realDonaldTrump for president!!!!""""""",f,f,Twitter for Android,37,20,2014-11-10 18:55:16,f
531814628108820480,"""""""@RSmithInc: @realDonaldTrump @hillarysusans @IvankaTrump As long as Ivanka is involved in his cabinet I'm in. #smartwomen""""""",f,f,Twitter for Android,31,18,2014-11-10 14:24:22,f
531792191266766848,.@foxandfriends in five minutes.  Enjoy!,f,f,Twitter for Android,53,22,2014-11-10 12:55:13,f
531782088912281600,"""""""@mountainstate82: @realDonaldTrump Donald, make 2016 happen. Let's do business with countries of financial interest, no more aid on demand.""",f,f,Twitter for Android,39,15,2014-11-10 12:15:04,f
531779211577798656,"""""""@cfogarty1964: #TP tele-prompter president: when will we stop electing presidents whose singular most important quality is reading a TP""""""",f,f,Twitter for Android,61,55,2014-11-10 12:03:38,f
530912361662926848,"Do not go back into Iraq unless they agree, in a signed formal instrument, to give the U.S. 50% of their oil reserves.Make the deal dummies!",f,f,Twitter for Android,485,409,2014-11-08 02:39:05,f
530707392062058496,"""""""@lutherice: @realDonaldTrump you're ties are fantastic""""""",f,f,Twitter for Android,28,7,2014-11-07 13:04:36,f
530707102042701824,"""""""@NeuroticKnight: @realDonaldTrump When are you going to put your cape on and come save this country??? We need you!!!""""""",f,f,Twitter for Android,37,13,2014-11-07 13:03:27,f
530704818239979520,"""""""@p38lightning: Awesome bit on @MikeAndMike with @realDonaldTrump and @FrankCaliendo ! Funny stuff!""""""",f,f,Twitter for Android,12,5,2014-11-07 12:54:23,f
530504612466663424,"""""""@62jerseygirl: @realDonaldTrump @TrumpNationalCN Love to see Pine Hill, NJ, one of the finest""""""",f,f,Twitter for Android,15,7,2014-11-06 23:38:50,f
530491946075422721,"""""""@DeedeeGlaser: @realDonaldTrump @greta Donald..run for president plezzzzzzzz""""""",f,f,Twitter for Android,37,18,2014-11-06 22:48:30,f
530315783667458049,"""""""@FoloAlona: @realDonaldTrump Donald Trump is ruthless. His presidency will make people sweat, but there will be real progress.""""""",f,f,Twitter for Android,32,22,2014-11-06 11:08:30,f
530087065237463040,#TrumpAdvice http://t.co/iqDO4rUNhN,f,f,Instagram,33,27,2014-11-05 19:59:39,f
529364575620456448,"""""""@BaglanHIlls  Going to invest in one of your books tomorrow! Which one would you recommend? #TRUMP"""" Start with The Art of the Deal.""",f,f,Twitter Web Client,46,14,2014-11-03 20:08:44,f
529082211593912322,"""""""@seyjohnny: Obama traded 5 low life's from Gitmo for a soldier who was considered a deserter, but did nothing for the soldier in Mexico""""""",f,f,Twitter for Android,237,186,2014-11-03 01:26:43,f
528957554928652288,Obama/Reid/Nunn's failed economic policies are not working. @PerdueSenate will bring fresh perspective to solving problems. #GASen,f,f,Twitter Web Client,80,85,2014-11-02 17:11:23,f
528956379974078465,Strong debate by @PerdueSenate. No question he won. We need more business leaders with bold vision to fix Washington. #GASen,f,f,Twitter Web Client,75,67,2014-11-02 17:06:43,f
528575798769643520,"""""""@joepilot56: @realDonaldTrump @spidersteve1977 @ronmeier123 @FoxNews @kerrygold1914 @seanhannity Only better!"""" Thanks.""",f,f,Twitter for Android,17,13,2014-11-01 15:54:25,f
528554467307044864,"""""""@bid2buy: When it takes this long to get a Marine back from a country where Americans vacation something is wrong. @realDonaldTrump #Marine""",f,f,Twitter for Android,117,88,2014-11-01 14:29:39,f
528552272197079040,"""""""@ScottSolinger: Thank you for your dilignet effort in the publicizing of the jailed Marine Tahmooressi. Pathetic it didn't happen sooner.""""""",f,f,Twitter for Android,53,30,2014-11-01 14:20:56,f
527869190943014912,"""Via @Investopedia by @swan_investor: """"The Irreplaceable Brand Of Donald Trump"""" http://t.co/Q1YkBlklT4""",f,f,Twitter Web Client,27,22,2014-10-30 17:06:37,f
527627510448934912,"""""""@golf_com: .@DonaldTrump's Ferry Point in NYC will be one of the best public courses in the U.S., says @joepassov. http://t.co/MZK5MXOQo6""""""",f,f,Twitter for Android,28,29,2014-10-30 01:06:16,f
527544512844136448,"""Obama admin. called @netanyahu """"chickenshit."""" Ironic since Bibi was an IDF Special Forces commando while Obama was a community organizer.""",f,f,Twitter Web Client,12417,7587,2014-10-29 19:36:27,f
527293255269236736,"""""""@michelledivv: Donald Trump for president 🇺🇸 @realDonaldTrump""""""",f,f,Twitter for Android,70,43,2014-10-29 02:58:03,f
527247723196862464,President Obama strongly considering a plan to bring non-U.S. citizens with Ebola to the United States for treatment. Now I know he's nuts!,f,f,Twitter for Android,1018,936,2014-10-28 23:57:07,f
527161712118865921,"Mark Udall was the deciding vote for ObamaCare &amp, now 250,000 Coloradans were dropped from their plans. Vote @CoryGardner!",f,f,Twitter Web Client,126,157,2014-10-28 18:15:21,f
526834514321240064,"With our $250M in renovations, @TrumpDoral offers a wide array of courses restored to perfection http://t.co/6fYg5yyoym",f,f,Twitter Web Client,37,19,2014-10-27 20:35:10,f
525615047180320768,"""""""@BBCoachKK: @realDonaldTrump Oh Donald! I love you!""""""",f,f,Twitter for Android,21,8,2014-10-24 11:49:27,f
525223446541004800,"""""""@FreidaWashingt: @realDonaldTrump: I saw the ground breaking ceremony for your DC building. It was you and Ivanka.""""""",f,f,Twitter for Android,11,14,2014-10-23 09:53:22,f
525219514792038401,"""""""@MELANIATRUMP: Good night Washington D.C. 🇺🇸 http://t.co/cS2XfGVjnH""""""",f,f,Twitter for Android,98,42,2014-10-23 09:37:45,f
523528960899284992,I'm leaving for Iowa now - will be great!,f,f,Twitter for Android,173,81,2014-10-18 17:40:05,f
523237015329193984,Obama just appointed an Ebola Czar with zero experience in the medical area and zero experience in infectious disease control. A TOTAL JOKE!,f,f,Twitter for Android,4736,4804,2014-10-17 22:20:00,f
523194743531249664,"The new Ebola czar will report to the WH &amp, NSA adviser Susan Rice. More mismanagement &amp, duplicity with CDC. Obama is terrible executive.",f,f,Twitter Web Client,337,256,2014-10-17 19:32:02,f
523043905630375936,"""""""@NewstalkFM: “I’m going to invest a lot of money in Ireland” - @realDonaldTrump tells Newstalk's @bobbykerr http://t.co/XsumuDPBts #ntfm""""""",f,f,Twitter for Android,19,25,2014-10-17 09:32:39,f
522798794958974977,Read about my victory against sleazebag @AGSchneiderman. More people should fight when they’re right! http://t.co/r1xXUORZo3,f,f,Twitter Web Client,76,47,2014-10-16 17:18:40,f
522556596183134208,"""""""@robertpatrickmc: @realDonaldTrump @TheRedDotGuy Trumps 10000% better then @MittRomney even if he's not from Utah""""""",f,f,Twitter for Android,25,23,2014-10-16 01:16:15,f
522446213090902016,Via @SteveKingIA’s Steve King for Congress Facebook Page: “Donald Trump has a special announcement!”  https://t.co/iAa0AEEhZ3,f,f,Twitter Web Client,22,22,2014-10-15 17:57:38,f
521875347248533505,"So many problems in the U.S. and leadership that is hopeless...and now, on top of everything else, we just hit $18 trillion in debt!",f,f,Twitter for Android,361,383,2014-10-14 04:09:13,f
521470426812542976,"""""""@Bettylovesdogs: @realDonaldTrump @iHunt88 never gonna happen-I'd like it too, but he won't run"""" Keep watching!""",f,f,Twitter for Android,22,18,2014-10-13 01:20:12,f
520726829163094016,"""""""@TheoVynalek: @realDonaldTrump nothing like downtown Chicago! http://t.co/Wa5obiQWZY"""" Great building and sign!""",f,f,Twitter for Android,131,52,2014-10-11 00:05:25,f
520490170349813760,Tens of millions of dollars in airstrikes had no impact because key leaders fled after hearing ON NEWS REPORTS the strikes were coming. DUMB,f,f,Twitter for Android,4402,4798,2014-10-10 08:25:01,f
520154897225105408,"""""""@f9d5l: “Part Of Being A WINNER Is Knowing When Enough Is Enough” By @realDonaldTrump""""""",f,f,Twitter for Android,56,32,2014-10-09 10:12:46,f
519822788732129280,"""""""@moviesharkd: """"Must See"""" Interview! Jim Gardner One on One - Donald Trump - Full Inte...: http://t.co/0TdJJN9rZf @6abc @Jim_Gardner""",f,f,Twitter for Android,21,17,2014-10-08 12:13:05,f
519265838382456832,"""""""@RzcarlsonRuth: @realDonaldTrump just saw you on Greta.... Love listening to you speak. I have so much respect for you.""""  Thank you!""",f,f,Twitter for Android,22,16,2014-10-06 23:19:58,f
519224951703105536,Obama has missed 58% of his intelligence briefings. But our president does make 100% of his fundraisers.,f,f,Twitter Web Client,2391,1944,2014-10-06 20:37:29,f
519167331810168833,“@DonaldJTrumpJr: ‘We want to build everything in Dubai”  http://t.co/VGtEUcMIk8 via @CWO_dotcom,f,f,Twitter Web Client,16,35,2014-10-06 16:48:32,f
517204139982729216,"""""""@Jamaface: @realDonaldTrump THANK YOU! EXACTLY!""""""",f,f,Twitter for Android,20,9,2014-10-01 06:47:30,f
517097817702412288,"President Obama should stay out of the Hong Kong protests, we have enough problems in our own country!Can't even properly police White House",f,f,Twitter for Android,736,557,2014-09-30 23:45:01,f
516616683533115392,.@JustinRose99 The display you put on this weekend was unprecedented. Even the best putters couldn't believe it. You're amazing. See u soon.,f,f,Twitter Web Client,24,16,2014-09-29 15:53:10,f
515594667757678592,My friend Derek is a special athlete and special person--there is nobody like him. @Yankees,f,f,Twitter Web Client,305,151,2014-09-26 20:12:02,f
514927264535175168,"""""""@JoePreni: I've never voted before, but if @realDonaldTrump runs for president I'll vote for him. #trump""""""",f,f,Twitter for Android,39,24,2014-09-25 00:00:01,f
514858532379066369,"The 2013 @NJPGA Course of the Year, Trump Nat’l Bedminster is honored to be hosting the 2022 @PGAChampionship http://t.co/5FPbwMcL0n",f,f,Twitter Web Client,21,18,2014-09-24 19:26:54,f
514556984457461761,"""""""@MathewPrinsen: @realDonaldTrump I was wondering your take on Obama saluting with a coffee in his hand? Big deal or no?"""" Terrible!""",f,f,Twitter for Android,87,64,2014-09-23 23:28:39,f
514506042089435136,Obama administration said that Saudi Arabia was on Syria’s border http://t.co/s4AI85JHSe   Wrong. These are the civilians planning the war.,f,f,Twitter Web Client,50,53,2014-09-23 20:06:14,f
514238272537903104,"Why would the people of Kentucky want a rookie Senator– they have Sen. Mitch @McConnellPress who may be next Leader &amp, bring $’s to KY",f,f,Twitter Web Client,113,95,2014-09-23 02:22:12,f
512246203967619072,"Great article on so-called climate change, formerly known as global warming. http://t.co/fEYAhQ7lGB",f,f,Twitter Web Client,182,184,2014-09-17 14:26:26,f
512213596366204928,"""""""@itguy7305: @realdonaldtrump I can't believe I agree with everything you said on @MikeAndMike #worldisover""""""",f,f,Twitter for Android,6,6,2014-09-17 12:16:52,f
511860898949267456,"Does anybody notice that Atlantic City lost its magic after I left years ago. I had the big boxing, introduced UFC (ask Dana),the best shows",f,f,Twitter for Android,162,112,2014-09-16 12:55:22,f
511608266296922113,Obama’s promise to build an international coalition against ISIS is already broken. No one trusts him at home or abroad.,f,f,Twitter Web Client,341,302,2014-09-15 20:11:30,f
511467346809344000,I will be on Fox and Friends at.7.00 A.M. Enjoy!,f,f,Twitter for Android,123,46,2014-09-15 10:51:32,f
510937629039550465,"""""""@BenTrolling: @realDonaldTrump @EastonWestwood That isn't even a real number! Nice try, you will see Donald Trump by a landslide in 2016!""""""",f,f,Twitter for Android,30,17,2014-09-13 23:46:38,f
510923555710992386,"""""""@BenTrolling: @realDonaldTrump @EastonWestwood Disclosing his finances would make Donald Trump the most wealthy President ever!"""" So true!""",f,f,Twitter for Android,32,25,2014-09-13 22:50:42,f
510038148014178304,I can't believe that the judge in the Oscar Pistorious case has found him not guilty of murder. No one has been more guilty since O.J.!,f,f,Twitter for Android,839,1385,2014-09-11 12:12:25,f
509992486916608000,"""""""@bebe_el_mejor: @realDonaldTrump Mr. Trump you are one of the people I most admire ! Greetings from Venezuela!."""" Thanks.""",f,f,Twitter for Android,28,17,2014-09-11 09:10:58,f
509466361618505728,"""""""@vix3361: @realDonaldTrump you speak the truth"""" True!""",f,f,Twitter for Android,22,18,2014-09-09 22:20:20,f
508223085368324096,"""""""@DEBKANCHAN: @realDonaldTrump Trump is Trump-Card to Success in USA ! Make him President of USA""""""",f,f,Twitter for Android,39,26,2014-09-06 12:00:00,f
507989531745071105,USMC Sgt. Tahmooressi has now been held in Mexican jail for over 150 days. When will Obama call for his release? #FreeOurMarine,f,f,Twitter Web Client,429,460,2014-09-05 20:31:57,f
507546486553706497,So many people who have children with autism have thanked me—amazing response. They know far better than fudged up reports!,f,f,Twitter Web Client,572,479,2014-09-04 15:11:26,f
506822014850850817,"""""""@StFFP We just received a #DoodleForHunger by @realDonaldTrump for our 2014 Celebrity #Art Auction:   http://t.co/Uk4qE20rNN"""" Good cause.""",f,f,Twitter Web Client,21,11,2014-09-02 15:12:39,f
506801879859593216,"""""""AngieApon I think you should try wearing your hair combed back.  It looked good when you slicked it back Mr. Trump ,) #ALS"""" May happen, thx""",f,f,Twitter Web Client,44,20,2014-09-02 13:52:38,f
506307640721674240,"""""""@DeannaSpillyard: @DeannaSpillyard: Successful Business 101: If @realDonaldTrump buys, you buy. If he sells, you sell. Don't ask just do it""",f,f,Twitter for Android,40,25,2014-09-01 05:08:42,f
506057894622953472,"What is happening in Atlantic City, casino closures, is very sad - but does anybody give me credit for getting out before its demise? Timing",f,f,Twitter for Android,330,168,2014-08-31 12:36:18,f
504339523590193154,"With the record $200M renovations on track &amp, budget (a miracle in DC), Trump Int’l Washington DC is being built into a national marvel.",f,f,Twitter Web Client,71,26,2014-08-26 18:48:07,f
503316125405700096,"""""""@damiranz: DonaldTrump: Pls don't run for president. If you do and win, the rest of the world would be screwed"""" So true, (except friends)!""",f,f,Twitter for Android,34695,45465,2014-08-23 23:01:30,f
502045041045803008,ISIS made a big mistake with the beheading of the reporter. Even people against intervention want them blown into oblivion. LEADERSHIP!,f,f,Twitter for Android,448,437,2014-08-20 10:50:39,f
500045347197313024,#TrumpAdvice http://t.co/6ZzkczEObm,f,f,Twitter Web Client,59,52,2014-08-14 22:24:35,f
499295283030016000,Entrepreneurs: Resolve to be bigger than your problems. Who’s the boss?,f,f,Twitter Web Client,224,180,2014-08-12 20:44:06,f
499246506634129408,"“If you are passionate about your endeavors, it will be reflected back to you in your end result.” – Trump Never Give Up",f,f,Twitter Web Client,452,325,2014-08-12 17:30:17,f
498756741140852736,"""""""@Aaron_Yay: Trump is my new idol. His pastor was Norman Vincent Peale?! #NewThoughtPioneer - Can't wait to read the Art of the Deal.""",f,f,Twitter for Android,8,9,2014-08-11 09:04:08,f
498755082335576064,"""""""@TruthGunner: “@realDonaldTrump: """"@dejr5: @realDonaldTrump Donald Trump &amp, Ben Carson 2016"""" Wow!” I LIKE IT !!! Run Donald, RUN !""""""",f,f,Twitter for Android,19,16,2014-08-11 08:57:32,f
497816259267153922,"""""""@scrt22 @realDonaldTrump for all of your faults, whole lot of common sense coming from this twitter account."""" Thanks, sort of!""",f,f,Twitter Web Client,25,16,2014-08-08 18:46:59,f
497801930509668352,"Iraq is more dangerous today than any time under Saddam. War was a mistake, as I said from the very beginning. Bush &amp, Obama should apologize",f,f,Twitter Web Client,404,583,2014-08-08 17:50:03,f
497789495321038848,"One of @GolfWorldUS’ top public courses, @TrumpGolfLA's course stands as a testament to the greatness of golf http://t.co/L3a3vqaoQc",f,f,Twitter Web Client,16,14,2014-08-08 17:00:38,f
497291384580501504,"""""""@johnyboi509: @realDonaldTrump for president #2016""""""",f,f,Twitter for Android,36,23,2014-08-07 08:01:19,f
497284580085628928,"""""""@D1PZ: One of Donald Trump's philosophies: """"If someone screws you, screw them back ten times worse"""" I have heard of far worse!""",f,f,Twitter for Android,107,85,2014-08-07 07:34:17,f
496664892884398081,"Thank you, @elvisduran for dedicating your birthday today to the @EricTrumpFdn for @StJude! Click here to donate: http://t.co/jyoblbjNtJ",f,f,Twitter Web Client,80,36,2014-08-05 14:31:52,f
496614759660548096,"""""""@JayGershbein: I agree! MT  Doctor on @NBCNightlyNews agreed we should not bring #Ebola into country in two patients, bring docs to them.""""""",f,f,Twitter for Android,151,80,2014-08-05 11:12:40,f
496443427647942658,The bigger problem with Ebola is all of the people coming into the U.S. from West Africa who may be infected with the disease. STOP FLIGHTS!,f,f,Twitter for Android,512,508,2014-08-04 23:51:51,f
495776740502142976,"""""""@BerryBrite1: @realDonaldTrump They knew the risk when they went to Africa. They choose it freely.""""""",f,f,Twitter for Android,81,64,2014-08-03 03:42:40,f
495414742102839297,"""""""@Mrs_VGomez: @realDonaldTrump Yes !! The government is bringing them back here so the outbreak can start here too !!""""""",f,f,Twitter for Android,76,59,2014-08-02 03:44:13,f
495414489266008064,"""""""@BarbaraSMayer: @realDonaldTrump You are right about the Ebola patients. It's a deadly virus, and they shouldn't bring them to the US.""""""",f,f,Twitter for Android,110,82,2014-08-02 03:43:13,f
495260564986527745,"Obama’s war on women. “Number of Unemployed Women Increased in July by 227,000” http://t.co/k4jrpL5WJ9",f,f,Twitter Web Client,93,158,2014-08-01 17:31:34,f
494925979429912576,Vera Coking saved me “mucho” money by turning down my offer—thanks Vera!,f,f,Twitter Web Client,48,21,2014-07-31 19:22:03,f
494880504337149952,".@TrumpChicago’s river, lake and skyline views in each of its deluxe 5 Star guestrooms http://t.co/YByppBPPJJ",f,f,Twitter Web Client,23,23,2014-07-31 16:21:21,f
494839666273574916,"""""""@kesjenkins: If @realDonaldTrump seriously takes a stab at presidency, I will find a way to work on his campaign. Thanks!""",f,f,Twitter for Android,20,12,2014-07-31 13:39:04,f
494342637445332993,"""""""@JGwildcard420: You are truely my hero @realDonaldTrump"""" That's great, thanks.""",f,f,Twitter for Android,40,27,2014-07-30 04:44:03,f
494188311922348032,"Along with two championship courses on the Potomac River, @TrumpGolfDC’s also offers limitless social events  http://t.co/gY4ovFlmHp",f,f,Twitter Web Client,17,14,2014-07-29 18:30:49,f
494125550659993600,"""""""@chapmantew  Saw """"@realDonaldTrump 's Las Vegas hotel. The 24-karat gold infused windows are impressive! http://t.co/7bwN5dRSvT""""  Thank you""",f,f,Twitter Web Client,90,48,2014-07-29 14:21:26,f
494043112222650368,"""""""@VikesRealist: @realDonaldTrump Is Obama the worst President ever?"""" Top of the list!""",f,f,Twitter for Android,93,71,2014-07-29 08:53:51,f
494037442660286464,"""""""@BanmalaH: @ProducerGedalia @IvankaTrump @realDonaldTrump what a timeless classic these two are! Class &amp, Beauty!""""  Thank you!""",f,f,Twitter for Android,16,12,2014-07-29 08:31:19,f
493806698063462400,"""""""@RealTracyMyers BIG congrats to @realDonaldTrump on your DC hotel ground breaking.""""  Thank you.""",f,f,Twitter Web Client,20,13,2014-07-28 17:14:25,f
491640412822851585,The Trump Spa @TrumpNewYork is a serene sanctuary featuring luxurious spa treatment rooms saunas and steam rooms http://t.co/r4jCnLYO9x,f,f,Twitter Web Client,39,23,2014-07-22 17:46:23,f
491378608414261248,I believe that President Obama is so overwhelmed by what is happening in the U.S. and throughout the World that he has totally given up!,f,f,Twitter for Android,515,402,2014-07-22 00:26:04,f
487433626921869313,"""""""@jeff_smith7: @realDonaldTrump Maybe Perry can put in a 9 hole golf course on the banks of the Rio Grande to lure Obama to see the border?""""""",f,f,Twitter for Android,150,137,2014-07-11 03:10:07,f
487316463204986880,"When will the U.S. stop sending $'s to our enemies, i.e. Mexico and others.",f,f,Twitter Web Client,808,1276,2014-07-10 19:24:33,f
487297487485829121,"USMC Sgt. Tahmooressi sacrificed for our country. While Obama is welcoming illegals, our Marine is locked in a Mexican jail. #FreeOurMarine",f,f,Twitter Web Client,443,645,2014-07-10 18:09:09,f
486799812663078912,"""""""@noelill: @TMZLive They should get @rosie and @realDonaldTrump on @theviewtv I would watch it everyday."""" Cute!""",f,f,Twitter for Android,33,15,2014-07-09 09:11:34,f
486382318819352577,"""""""@FSMalang: """"Show me a man without an ego and I'll show you a loser"""" - Donald Trump""""""",f,f,Twitter for Android,192,215,2014-07-08 05:32:36,f
485335806794817536,"""""""@BackOnTrackUSA: @realDonaldTrump And we shouldn't help Iraq this time unless we get 2 $trillion in free oil, guaranteed in writing.""""""",f,f,Twitter for Android,84,70,2014-07-05 08:14:08,f
484366107776925697,Via @BBCScotland: “Donald Trump's name 'will boost @TrumpTurnberry '” http://t.co/Inznh7M187,f,f,Twitter Web Client,26,22,2014-07-02 16:00:53,f
483129595940450304,I am in Ireland inspecting my great and very beautiful Atlantic Ocean property. It is one of the most spectacular hotels anywhere! DOONBEG,f,f,Twitter for Android,162,77,2014-06-29 06:07:26,f
481123689644457984,"The dying @NYDailyNews asked me to do an Editorial on the Central Park 5 ripoff  &amp, then they pretend it was my idea. Loser newspaper!",f,f,Twitter Web Client,77,71,2014-06-23 17:16:41,f
481062914653048832,"""""""@mrkhanm87: Everyone wants to be Donald Trump, yet no one knows what he has been through in past. No one wants to accept the hard work.""""""",f,f,Twitter for Android,37,36,2014-06-23 13:15:11,f
480674440854765568,"""""""@CoreyKotowski: @realDonaldTrump they are laughing on their way to the bank.""""""",f,f,Twitter for Android,11,12,2014-06-22 11:31:31,f
479727348234063872,"""""""@aj3fla @realDonaldTrump great job on @HowardStern this week. Always the best radio with the two of you.""""  Thank you.""",f,f,Twitter Web Client,12,12,2014-06-19 20:48:07,f
479320685110890496,"""""""@nikkio Just saw photos of sign at night - looks really nice. Chronic complainers moan about everything --ignore them.""""  Thanks!""",f,f,Twitter Web Client,30,14,2014-06-18 17:52:11,f
479093099621142529,"""""""@Kennokevin: @realDonaldTrump After the pics i've seen, the sign makes the tower look great. Hands down best looking tower in Chicago.""""""",f,f,Twitter for Android,45,17,2014-06-18 02:47:50,f
479090529611677696,"""""""@CatheMazanowicz: We know you will respect the property...and bring new life to it. Putting Turnberry on my bucket list....""""  Great!""",f,f,Twitter for Android,18,9,2014-06-18 02:37:37,f
478933248786321408,"""""""@top40mogul There is never enough Trump on @sternshow! Why not have him on the phone at least once per month? @HowardStern"""" Thanks!""",f,f,Twitter Web Client,38,21,2014-06-17 16:12:39,f
478876706812329984,"""""""@trcyhwlls: @realDonaldTrump I heard the show and am now a fan. You were so honest and real!"""" Thanks.""",f,f,Twitter for Android,14,8,2014-06-17 12:27:58,f
478818485380718592,"""""""@LifeVibeVision: @realDonaldTrump @paranormalfact How about you look inside - because truthfully, you're the solution.""",f,f,Twitter for Android,17,12,2014-06-17 08:36:37,f
478811355273646080,"""""""@Lady_Rin_Kelly: @realDonaldTrump, I love the sign! Please let's make a hashtag, that seems like it solves all world problems.""""""",f,f,Twitter for Android,14,9,2014-06-17 08:08:17,f
478726161871020032,"""""""@jrnicholas8: Love the """"Trump"""" in Chicago. Those who don't like it are jealous! Capitalism is where it's at! We need more signs like it!""""""",f,f,Twitter for Android,54,38,2014-06-17 02:29:45,f
478349441569533954,"""Congratulations to Martin Kaymer for winning the 2014 #USOpen. #USGA"""" Great playing from beginning to end!""",f,f,Twitter for Android,94,49,2014-06-16 01:32:48,f
478325456941223937,"""""""@GunnAndrew: @realDonaldTrump future British open? #TrumpScotland http://t.co/auIl8duNAz""""""",f,f,Twitter for Android,25,9,2014-06-15 23:57:30,f
478307098607247361,I'd bet the horrible look of Pinehurst translates into poor television ratings. This is not what golf is about!,f,f,Twitter for Android,111,94,2014-06-15 22:44:33,f
477972086443343872,"""""""@DougHutchins77: @realDonaldTrump The world just won't be safe until the name Trump is emblazoned on the White House.""""""",f,f,Twitter for Android,69,47,2014-06-15 00:33:20,f
477711643581759488,"""""""@ThePrimeHost: @realDonaldTrump LOVE the new signage. Keep doing what you've always done and continue to inspire others.""""""",f,f,Twitter for Android,21,25,2014-06-14 07:18:25,f
477708426370248704,"""""""@TVmaryd: @realDonaldTrump I love the Trump sign on your Chicago building. It's beautiful and it's your branding of Trump. Keep fighting!""",f,f,Twitter for Android,31,21,2014-06-14 07:05:38,f
477435439909830656,"""""""@JeremyHL: #Chicago River North support for @realDonaldTrump Tower sign. http://t.co/9eRuhkAB4d""""  Thank you Jeremy, great writing!.""",f,f,Twitter for Android,17,13,2014-06-13 13:00:53,f
477369421002838016,"""""""@laura711hender: @realDonaldTrump Live in the suburbs but saw the TRUMP sign on your beautiful building. Really classy! Love it!""""""",f,f,Twitter for Android,25,12,2014-06-13 08:38:33,f
477364556386168832,"""""""@Nickkleutsch: @realDonaldTrump @trumpchicago personally I think the letters should be higher up. Make sure everyone can see that name!""""""",f,f,Twitter for Android,18,12,2014-06-13 08:19:13,f
477179504520359936,"""""""@jamesbregenzer @TrumpChicago was completed during recession, when most other projects failed. Trump deserves Chicago's praise"""" @BlairKamin""",f,f,Twitter Web Client,33,30,2014-06-12 20:03:54,f
477121478866251777,Dopey @chicagotribune critic fails to mention the ugly Sun Times sign.,f,f,Twitter Web Client,53,49,2014-06-12 16:13:19,f
476799528809820160,"Shameful. After trading 5 senior Taliban for a deserter, the White House is now attacking Bergdahl’s platoon http://t.co/MmbfJTEUuP",f,f,Twitter Web Client,166,227,2014-06-11 18:54:00,f
476319641221210113,Five U.S. soldiers killed in Afghanistan by so-called friendly fire. What are we doing?,f,f,Twitter for Android,167,194,2014-06-10 11:07:06,f
476058481611788288,Watch the @nbc video where @realmissnvusa is crowned as the 63rd @MissUSA http://t.co/bFB20eAUYW The Crowning Moment!,f,f,Twitter Web Client,34,25,2014-06-09 17:49:21,f
475653924448665601,"""""""@DonaldTrump2016: @realDonaldTrump if you were in Washington this country would be in better shape""""  Wow, thank you for caring so much!""",f,f,Twitter for Android,58,28,2014-06-08 15:01:47,f
475605011100364800,"""""""@AdverTina: @realDonaldTrump. Would you be aggressive as President?""""  Not aggressive,  smart!""",f,f,Twitter for Android,70,41,2014-06-08 11:47:25,f
475602838727700480,"""""""@tegodreaux: @realDonaldTrump Not on your watch MR. President..."""" 100% true!""",f,f,Twitter for Android,17,11,2014-06-08 11:38:47,f
475599057138638848,"By the end of this year China will be the number one economic power on earth and the U.S. will owe 20 trillion dollars, much of it to China!",f,f,Twitter for Android,190,525,2014-06-08 11:23:46,f
474442564074876928,"""""""@Eriksson: Call it any way you like, but Snowden is a traitor. When our country was great do you know what we did to traitors?” 😑😑😑""""""",f,f,Twitter for Android,464,229,2014-06-05 06:48:16,f
474174197762379777,"""""""If you like to work hard, you will attract people with the same ethic."""" - Think Like a Billionaire""",f,f,Twitter Web Client,490,600,2014-06-04 13:01:53,f
473701061564194816,"""""""@MVPSocialMedia: Great show/guest tonight! @Letterman @realDonaldTrump #legends""""  Thank you!""",f,f,Twitter for Android,14,8,2014-06-03 05:41:48,f
472913311596441601,At some point Sgt. Bergdahl will have to explain his capture. In 2009 he simply wandered off his base without a weapon. Many questions!,f,f,Twitter for Android,147,151,2014-06-01 01:31:34,f
471425882410602496,"""""""@joerusso9: @realDonaldTrump should be the next president""""  Thanks.""",f,f,Twitter for Android,61,33,2014-05-27 23:01:03,f
471407086182858753,The Blue Monster is celebrated in June issue of Robb Report as the Best of the Best winner in Golf Course Category. http://t.co/FVxwNm68ki,f,f,Twitter Web Client,26,23,2014-05-27 21:46:22,f
471321763943813122,“Results are what matter...A series of efforts will add up to experience and achievement.” - Think Like a Champion,f,f,Twitter Web Client,206,283,2014-05-27 16:07:19,f
471026395112427521,"What does.Obama know about the VA or business - nothing, just look at the five billion dollar ObamaCare website. We need a real leader!",f,f,Twitter for Android,484,337,2014-05-26 20:33:38,f
470337239507927041,"""""""@JakeMHS: The guy next to me on the train apparently supports Donald Trump for president""""  And so do many others - our country is a mess!""",f,f,Twitter for Android,147,64,2014-05-24 22:55:11,f
468274195395518464,"""""""@TopSecret_PT: @realDonaldTrump - Ireland, Scotland, Dubai! Do you ever sleep?""""  Not much!""",f,f,Twitter for Android,40,18,2014-05-19 06:17:22,f
468271403490213888,I am in Dubai with Damac.  PLACE IS BOOMING - AMAZING! Major news conference in two hours. Announcing luxury villas and major golf course.,f,f,Twitter for Android,112,96,2014-05-19 06:06:17,f
467014601339838464,"""""""Donald Trump is confident that Ireland is ready for a big comeback"""" http://t.co/NvmSFj5AIp via @independent_ie by @AnitaActually""",f,f,Twitter Web Client,49,41,2014-05-15 18:52:12,f
466600171066126337,"""""""@FrobBedrickson @realDonaldTrump """"Art of The Deal"""" just arrived at my house. Cannot wait to start reading this book.."""" Thanks, enjoy.""",f,f,Twitter Web Client,31,21,2014-05-14 15:25:24,f
466286255056359424,Do your homework. Wasting other people’s time due to poor planning or thoughtlessness leaves a bad impression. – Think Like a Billionaire,f,f,Twitter Web Client,558,575,2014-05-13 18:38:01,f
465935477984727040,"If you can’t handle the hard times that come with business then you will never be able to celebrate the successes. Focus &amp, Stay Positive.",f,f,Twitter Web Client,856,1240,2014-05-12 19:24:09,f
465883583614558208,"""""""@Texxas_Gal @irishabroad @realDonaldTrump @DonaldJTrumpJr @Trump_Ireland @ShannonAirport beautiful family!!! enjoy your trip""""  Thank you.""",f,f,Twitter Web Client,16,10,2014-05-12 15:57:56,f
464798969106034688,A message for Hollywood- http://t.co/cwICuPwsZF,f,f,Instagram,119,79,2014-05-09 16:08:04,f
464787743315607552,Many of life's failures are people who did not realize how close they were to success when they gave up.  --  Thomas A. Edison,f,f,Twitter Web Client,711,670,2014-05-09 15:23:28,f
464598399657193472,"""""""@christsonton: @realDonaldTrump now Cleveland and the country needs you to run for President!!!""""  Thanks.""",f,f,Twitter for Android,104,59,2014-05-09 02:51:04,f
464509465216450561,To be yourself in a world that is constantly trying to make you something else is the greatest accomplishment. -- Ralph Waldo Emerson,f,f,Twitter Web Client,789,677,2014-05-08 20:57:41,f
464248627058057216,"""""""@Da_Brain8: @realDonaldTrump U Mr. Trump cold be the next Ronald Reagan, but u need to seriously announce your Candidacy! Will you?"""" WATCH!""",f,f,Twitter for Android,75,44,2014-05-08 03:41:12,f
463398170660462593,"“Do not underestimate yourself, and know you are able to handle what comes your way.” – Think Like a Champion",f,f,Twitter Web Client,441,594,2014-05-05 19:21:48,f
462489495339020288,"""""""@DrewMadeOFF: RT @realDonaldTrump Does @VanityFair realize that the purpose of a magazine is to sell issues?""""""",f,f,Twitter for Android,20,16,2014-05-03 07:11:02,f
462429762376720384,"""""""@JayBThomas: @realDonaldTrump @WilliamCarneyII Meyers is hard to watch""""  @sethmeyers""",f,f,Twitter for Android,27,15,2014-05-03 03:13:41,f
462333600533606401,"""""""@mrsfrazieraz @realDonaldTrump on our way to Trump International Las Vegas!  It's our favorite place to stay! #trumplasvegas""""  Thanks.""",f,f,Twitter Web Client,21,9,2014-05-02 20:51:34,f
462067259167735810,"""""""@GolfDigestMag: """"Forget Jack and Arnie, Tiger and Phil. The Master of the Golf Universe is now Donald Trump."""" http://t.co/2moKbYMYDa""""  Wow!""",f,f,Twitter for Android,49,46,2014-05-02 03:13:14,f
461218512330326016,"""""""@foxesbA  I knew the mainstream media was going to selectively hear what you were saying as I listened to your interview."""" So did I!""",f,f,Twitter Web Client,21,12,2014-04-29 19:00:37,f
459647254476111872,"""""""@dallasnews: Ex-Cowboys RB Herschel Walker: Like Jerry Jones, Donald Trump would be a great NFL owner.  @nflcommish""",f,f,Twitter for Android,47,30,2014-04-25 10:56:59,f
459043491671465984,"""""""@yosoyroberto @realDonaldTrump Congratulations for taking some time to answer tweets, awesome example of planning and scheduling!"""" Thanks.""",f,f,Twitter Web Client,29,18,2014-04-23 18:57:51,f
459039001278947328,"""""""@ChristineStergi   what's wrong with everyone. Mr Trump will kick ass as president. Economy will flourish.""""  Thanks and true!""",f,f,Twitter Web Client,87,34,2014-04-23 18:40:01,f
458953749810380800,"""""""@PolishPrince21: @realDonaldTrump I think you would be a great president but a better NFL owner...especially the buffalo bills! @nflcommish""",f,f,Twitter for Android,41,20,2014-04-23 13:01:15,f
458710761108291584,"""""""@GolfCarAnnie: @BruceBeck4NY  @MGA1897 Trump Bedminster is truly special. But then again all of Trump's courses are !"""" Thank you Ann Marie!""",f,f,Twitter for Android,14,9,2014-04-22 20:55:42,f
457779999316389888,"""""""@mikevargovich: You see what you’ve gone and done, @BonJovi? I’m rooting for @realDonaldTrump. #Bills #KeepThemInBuffalo"""" @nflcommish""",f,f,Twitter for Android,35,19,2014-04-20 07:17:11,f
457334827432542208,"""""""@wen @realDonaldTrump Why aren't you one of the sharks on #SharkTank? You would be awesome on there!!👍"""" But The Apprentice is much better!""",f,f,Twitter for Android,45,10,2014-04-19 01:48:14,f
457314934473633792,"Snowden is a spy who has caused great damage to the U.S. A spy in the old days, when our country was respected and strong, would be executed",f,f,Twitter for Android,961,881,2014-04-19 00:29:11,f
457310571441184768,"""""""@Humphreychabu: @realDonaldTrump thanx DJT, ua my inspiration! Happy holidays""""""",f,f,Twitter for Android,15,16,2014-04-19 00:11:51,f
457178260791885824,"""""""The harder you work, the harder it is to surrender."""" - @ProFootballHOF @buffalobills Head Coach Marv Levy""",f,f,Twitter Web Client,214,214,2014-04-18 15:26:05,f
456906839960346624,#TBT WrestleMania 23 http://t.co/99dCdxArXm,f,f,Twitter Web Client,90,64,2014-04-17 21:27:34,f
456447746455527424,"In Hudson Valley @TrumpNationalNY’s course has pristine fairways, tour caliber greens &amp, 64 strategic sand bunkers http://t.co/Fz5o9BpkeZ",f,f,Twitter Web Client,22,13,2014-04-16 15:03:17,f
455959585061625856,"""""""@DLDizel: @cspan: RT @cspanPolitics: VIDEO: @realDonaldTrump at #NHFreedomSummit on @cspan http://t.co/Xp3yKxyL1q http://t.co/3lOeIhz2IJ""""""",f,f,Twitter for Android,74,41,2014-04-15 06:43:31,f
455531950774960128,".@bubbawatson  What a great player you have turned out to be but also, what a great guy! Congratulations on another fantastic Masters win.",f,f,Twitter for Android,323,135,2014-04-14 02:24:15,f
454289504359424000,"Into our first week of filming @ApprenticeNBC, the Celebrities are already turning up the heat. Major fireworks!",f,f,Twitter Web Client,89,36,2014-04-10 16:07:12,f
453456431275323392,"@kimkotter  Kim, keep up the great work - you are really doing well!",f,f,Twitter for Android,2,5,2014-04-08 08:56:52,f
453340704165863424,"""""""@GolfSwingShirt @BilldaBeastII Team Golf Swing Shirt just played at Trump LA with Padraig Harrington -great conditions &amp, a beautiful course""",f,f,Twitter for Android,14,17,2014-04-08 01:17:01,f
453138891525337088,"""""""@tiffanypearls: @realDonaldTrump I want to work on The Donald's campaign. He is the only candidate worth the energy. #trump2016""""""",f,f,Twitter for Android,48,29,2014-04-07 11:55:05,f
453053495609131008,"""""""@oversplayer: @realDonaldTrump “Hollywood has unfortunately become a memory. It's nothing but a sign on the side of a hill.”  Mickey Rooney""",f,f,Twitter for Android,85,70,2014-04-07 06:15:45,f
452659942613594112,"""""""@_blakecox: @realDonaldTrump mac miller pay you yet??""""               90 million hits and no payment yet, but he's been dead since Donald T!""",f,f,Twitter for Android,188,146,2014-04-06 04:11:54,f
450753970815135746,"""""""@KanStalwart3  @AlexSalmond @AberdeenCC @Aberdeenshire Truth look to Southern California ugly white poles with bird killing fans""""""",f,f,Twitter Web Client,18,19,2014-03-31 21:58:15,f
450622707340947456,"Sorry, couldn't do @foxandfriends this morning--big meeting. Will double up next week at 7.",f,f,Twitter Web Client,38,24,2014-03-31 13:16:40,f
450067898036682753,"""""""@diverojalv: @realDonaldTrump @chrispilz my only concern w/Trump running for prez is that he could only serve two terms!""""  Very cute!""",f,f,Twitter for Android,51,29,2014-03-30 00:32:03,f
449987370516226048,"""""""@TarrKoziara: @realDonaldTrump @ArsenioHall The Apprentice has started and revived a lot of people's careers.""""  Very true!""",f,f,Twitter for Android,44,17,2014-03-29 19:12:04,f
449331076528615424,If I were President I would push for proper vaccinations but would not allow one time massive shots that a small child cannot take - AUTISM.,f,f,Twitter for Android,2192,1815,2014-03-27 23:44:11,f
449296815436095488,"""""""@eruditetina                      @realDonaldTrump Your parents must have been wonderful people. Thanks for sharing."""" They were--thanks.""",f,f,Twitter Web Client,17,7,2014-03-27 21:28:02,f
446315872102400000,"""""""@FrontRowBrian You also hosted the greatest MMA event of all time... #WRESTLEMANIA... TWICE!!! You are a great American sir.""""  Thanks.""",f,f,Twitter Web Client,130,60,2014-03-19 16:02:50,f
446010190870380545,"""""""@allanschwartz1                     @realDonaldTrump AND YOU LOVE WHAT YOU DO.. RUN  FOR PRESIDENT. YOU WILL LOVE IT""""  Interesting!""",f,f,Twitter Web Client,28,8,2014-03-18 19:48:10,f
446008578319863811,"""""""@70sBaseball A great sports fan &amp, business man! DT &amp, his son w/George &amp, Billy during Spring Training http://t.co/DhUK4RQPxY"""" Good memories!""",f,f,Twitter Web Client,87,29,2014-03-18 19:41:46,f
441312228608704512,"""""""You're never a loser until you quit trying."""" -- Mike Ditka""",f,f,Twitter Web Client,534,743,2014-03-05 20:40:09,f
440468318273953792,"I have always liked Ellen, done her show numerous times, but she was not good last night - fumbling and stumbling!",f,f,Twitter for Android,107,65,2014-03-03 12:46:45,f
439351077960695808,"""Obama just stated """"he didn't take school seriously, made bad choices and GOT HIGH"""" - then how the hell did he get into Columbia &amp, Harvard?""",f,f,Twitter for Android,2634,1512,2014-02-28 10:47:14,f
439048116407635968,Lightweight @AGSchneiderman’s phony lawsuit against Trump U was decimated by the court—he’s a loser!,f,f,Twitter Web Client,110,115,2014-02-27 14:43:22,f
437782114743111680,"""""""@BarrusTJ:  Is it just me or does the idea of a president who knows how to succeed and lead actually seem possible.#Trump2016""""""",f,f,Twitter for Android,84,36,2014-02-24 02:52:44,f
436736478874710016,"""""""@Pekastar: @realDonaldTrump #Trump2016 and that's all i'm going to say!"""" Thanks!""",f,f,Twitter for Android,35,9,2014-02-21 05:37:45,f
436724620746821633,".@MichaelRCaputo Thank you for all of your support, you have been amazing!",f,f,Twitter for Android,49,17,2014-02-21 04:50:38,f
436677858489282560,"""""""@michelleneuf: @realDonaldTrump  We need you and Giuliani in Whitehouse. We need a crime fighter who knows crime!!! And your creativity.""""""",f,f,Twitter for Android,62,36,2014-02-21 01:44:49,f
435959464379056129,I wonder how much money dumb @BuzzFeed and even dumber Ben Smith loooose each year? They have zero credibility - totally irrelevant and sad!,f,f,Twitter for Android,2419,1348,2014-02-19 02:10:10,f
435393088383889408,Don't let the GLOBAL WARMING wiseguys get away with changing the name to CLIMATE CHANGE because the FACTS do not let GW tag to work anymore!,f,f,Twitter for Android,490,417,2014-02-17 12:39:36,f
435174794733305856,"""""""@fitbafan: @neaver82 @realDonaldTrump the majority of people near the course fully support it. Problem is a vocal minority (Scotland).""",f,f,Twitter for Android,18,11,2014-02-16 22:12:10,f
434417514362437632,"""""""@brianfinn96: @realDonaldTrump Will you be coming to Doonbeg ??""""  Yes, very soon.""",f,f,Twitter for Android,16,9,2014-02-14 20:03:01,f
434410477637341186,"""""""@LongetTerer: Donald trump is paid 1.5 million per hr of every speaking engagement""""""",f,f,Twitter for Android,45,39,2014-02-14 19:35:03,f
434363506540818432,I hope that Derek Jeter has such a fantastic year with @Yankees that he changes his mind about retiring. Great guy!,f,f,Twitter Web Client,194,145,2014-02-14 16:28:24,f
434133794325815296,"""""""@PIERPAOLOMONNI: I definitely agree with @T_Sharp4! @realDonaldTrump really hope you will run for President!"""" Thank you!""",f,f,Twitter for Android,37,9,2014-02-14 01:15:37,f
431425887137849344,"How does frumpy &amp, little read @nytimes editorial writer Gail Collins keep her job? She is totally irrelevant! @nytimescollins",f,f,Twitter Web Client,45,33,2014-02-06 13:55:21,f
430158538326167552,"This may be the worst football game ever played by one team, Denver! Hard to watch.",f,f,Twitter for Android,664,768,2014-02-03 01:59:22,f
428705464285921281,"""""""@bahia6085: @realDonaldTrump Success rule-Surround yourself w/successful people. Do it with twitter. Follow Trump=Success.""""""",f,f,Twitter for Android,47,31,2014-01-30 01:45:22,f
428609046468235265,"Always leave your ego at the door during negotiations. Remember, it’s only business and there will always be another day!",f,f,Twitter Web Client,341,452,2014-01-29 19:22:14,f
427000138327134208,"""""""@nandigold13: @realDonaldTrump thanks for all the inspirational tweets ..I like to.learn from the best""""  Thank you!""",f,f,Twitter for Android,41,23,2014-01-25 08:49:00,f
424405179753312256,"""""""@LacroixRoxane: @realDonaldTrump I believe you as all your Children are poised, respectful and genuine. Good job :)""""  Thanks Roxane!""",f,f,Twitter for Android,22,14,2014-01-18 04:57:34,f
423533440386883585,Where is the progress in the state of New York over the last three years? There is none--only backwards.,f,f,Twitter Web Client,87,78,2014-01-15 19:13:35,f
421821998017548288,"""""""@BillDMeyer1971: @gretawire @realDonaldTrump @FoxNews We need him as governor... this state is a mess.....""""""",f,f,Twitter for Android,32,25,2014-01-11 01:52:56,f
421109586004037632,"""""""@Raj_Tut: I'm 22... my company @TutandTut owns $6 million worth of multi-family properties... I started because of you... any advice?""""Great""",f,f,Twitter for Android,32,20,2014-01-09 02:42:03,f
421095759636099072,"""""""@kevinrleyland: @realDonaldTrump Has it been more than you ever expected?"""" Far more and far better!""",f,f,Twitter for Android,15,8,2014-01-09 01:47:07,f
419194714407972864,@fundanything has great campaigns. Support one today http://t.co/W0MDqPckX4,f,f,Twitter Web Client,5,8,2014-01-03 19:53:02,f
419170378439618560,"Try to develop a tempo when you're working--momentum is something you have to work at to maintain, &amp, is an important element of success.",f,f,Twitter Web Client,364,372,2014-01-03 18:16:20,f
682310784563720193,Great poll- thank you Nevada!#MakeAmericaGreatAgain #Trump2016 https://t.co/9Lr1v6vjJb,f,f,Twitter for iPhone,3512,1336,2015-12-30 21:22:22,f
682187393970126849,"""""""@Hashtag1USA: @realDonaldTrump what do you think of Jeb cancelling his Iowa rally last night ? https://t.co/1oe798AAEU"""" I went, he didn't!""",f,f,Twitter for Android,3597,1302,2015-12-30 13:12:03,f
682186402621186049,"Iowa was fantastic last night, amazing crowd and people. I'm now in Florida, getting ready to go to South Carolina. Big crowd, very exciting",f,f,Twitter for Android,3781,1037,2015-12-30 13:08:07,f
681997313925976066,Shows how dumb Joe McQuaid (@deucecrew) of the dying Union Leader is to put out the letter I wrote saying why I didn't do his failed debate!,f,f,Twitter for iPhone,2229,674,2015-12-30 00:36:45,f
681847012304797696,"So, I have spent almost nothing on my run for president and am in 1st place. Jeb Bush has spent $59 million &amp, done. Run country my way!",f,f,Twitter for Android,8268,3288,2015-12-29 14:39:30,f
680947538896252928,"I will do far more for women than Hillary, and I will keep our country safe, something which she will not be able to do-no strength/stamina!",f,f,Twitter for Android,8829,3204,2015-12-27 03:05:19,f
680160249991553024,Why isn't @chucktodd using the much newer @CNN Poll when discussing how well I am doing instead of the older Q Poll? CNN even better!,f,f,Twitter for Android,2838,789,2015-12-24 22:56:55,f
679691783467610113,Why does @FoxNews give @KarlRove so much airtime. He (and other Fox pundits) is so biased. Still thinks Romney won. Unfair coverage of Trump,f,f,Twitter for Android,4022,1273,2015-12-23 15:55:23,f
679538962948571137,It is a shame that the biased media is able to so incorrectly define a word for the public when they know that the definition is wrong. Sad!,f,f,Twitter for Android,5037,1714,2015-12-23 05:48:08,f
679409713226887168,"""""""@daveandlouanns: THANK YOU SIR FOR CARING FOR THE PEOPLE OF AMERICA. I WAS IN NEWMARKET NH. OFFICE. https://t.co/VRBYXBC6I4""""""",f,f,Twitter for Android,2033,630,2015-12-22 21:14:33,f
678904742198820864,"""Hillary said at debate ISIS is """"going to people showing videos in order to recruit more radical jihadistst."""" She made up story-want apology!""",f,f,Twitter for Android,3788,1359,2015-12-21 11:47:58,f
678424819579420672,"""""""@twister2445: @realDonaldTrump all I heard from the debate is a pathway to citizenship for all and taking our guns away. #tryme!!""""""",f,f,Twitter for Android,3325,1477,2015-12-20 04:00:56,f
676163425291116544,"""""""@schnoepoe: @foxnews I find myself more and more drawn to CNN for fairness regarding @realDonaldTrump"""" The Fox News Sunday pundits a joke!""",f,f,Twitter for Android,2049,786,2015-12-13 22:14:57,f
675910224855855104,"Something must be done with dopey @KarlRove - he is pushing Republicans down the same old path of defeat. Don't fall for it, Karl is a loser",f,f,Twitter for Android,4738,1976,2015-12-13 05:28:50,f
675633951709519872,"""""""@Keeblerqueen: @realDonaldTrump Good Lord ... Donald.. Your following went up so much lately ... Crazy love for you and what you stand for!""",f,f,Twitter for Android,2496,687,2015-12-12 11:11:01,f
674737158108946432,"I am interviewed on the  @oreillyfactor tonight at 8:00. Then at 10:00, I am interviewed by @donlemon on @CNN. Enjoy!",f,f,Twitter for Android,3123,1014,2015-12-09 23:47:29,f
674617775697055744,I am signing copies of my book CRIPPLED AMERICA. Makes a great holiday gift. Order yours now!  https://t.co/jg50w3rcnn ... ...,f,f,Twitter Web Client,1697,619,2015-12-09 15:53:06,f
673655438060204032,"Gee, @meetthepress with @chucktodd was getting terrible ratings then, with me,  he set records - I saved his job, but Chuck still not nice!",f,f,Twitter for Android,2181,778,2015-12-07 00:09:07,f
673641058518069250,"May the Festival of Lights bring our Jewish friends from around the world, health &amp, happiness! Happy Hanukkah! https://t.co/03UZBGCswB",f,f,Twitter for iPhone,7461,2927,2015-12-06 23:11:58,f
672768400914055168,".@CNN Poll just came out, amazing numbers for those who want to MAKE AMERICA GREAT AGAIN! TRUMP 36%, a 20 point lead over 2nd place. Thanks.",f,f,Twitter for Android,3926,1828,2015-12-04 13:24:20,f
672488758143549440,"CRIPPLED AMERICA is the perfect gift for friends &amp, family. Order signed copy &amp, join me at 7:30pm, live streaming! https://t.co/TICkBt5xnH",f,f,Twitter for iPhone,988,427,2015-12-03 18:53:08,f
671316172005113856,"""""""@wompol: @realDonaldTrump @CNN we also saw numerous (since scrubbed) videos of celebrations on 9/11""""""",f,f,Twitter for Android,1366,624,2015-11-30 13:13:42,f
671081632422567936,"After my meeting with the pastors, it's off to Georgia for a big rally - many thousands of great people will be there, a beautiful movement!",f,f,Twitter for Android,2841,1114,2015-11-29 21:41:43,f
670381849416482817,"Pollster Trend National GOP Average223 national polls &amp, 33 pollsters.#MakeAmericaGreatAgain #Trump2016 https://t.co/mILAGwjvS2",f,f,Twitter for iPhone,3134,1639,2015-11-27 23:21:02,f
670073898923384833,"""""""@pthebnyc: @realDonaldTrump @Sari_Swensen @nytimes no need to explain, Sir. We've got your back.""""  Thanks!""",f,f,Twitter for Android,1693,572,2015-11-27 02:57:21,f
669508965861036033,"""""""@FranMFarber:  @Morning_Joe @FoxNews @morningmika did not say very nice things about you this morning on her show. Typical liberal!"""" True!""",f,f,Twitter for Android,1494,548,2015-11-25 13:32:30,f
669374049693409280,"A wonderful evening in South Carolina - big crowd, amazing energy!",f,f,Twitter for Android,2826,808,2015-11-25 04:36:24,f
669264228130402308,"""""""@Maryland4T: @SmallBiz4Trump Keep up the good work! Americans of ALL kinds are rallying behind jlDonaldTrump to help #MakeAmericaGreatAgain""",f,f,Twitter for Android,1613,624,2015-11-24 21:20:00,f
668255736758145024,I find that @Reuters is a far more professional operation than @AP.,f,f,Twitter for iPhone,2464,1029,2015-11-22 02:32:37,f
668206317597798400,"""""""@FortuneMagazine: Do successful CEOs sleep less than everyone else? https://t.co/SBkP1QZKEh https://t.co/15ZgyzSr1J""""""",f,f,Twitter for Android,1271,520,2015-11-21 23:16:15,f
668202786417459200,"""""""@GStephanopoulos: I’ll talk to Donald Trump about his comments on Syrian refugees, and much more, Sunday on @ThisWeekABC.""""""",f,f,Twitter for Android,1180,523,2015-11-21 23:02:13,f
668075223443447808,"To show you how politicians act, Bobby Jindal spent $1,000 to register in New Hampshire &amp, dropped out the next day. Such a waste!",f,f,Twitter for iPhone,2464,970,2015-11-21 14:35:20,f
667856744677310465,.@washingtonpost  @BretBaier  Please thank Charles Lane for his new found confidence. He has made a very good bet!,f,f,Twitter for Android,1160,424,2015-11-21 00:07:10,f
667509279507615748,"I loved beating John Kasich in the debates, but it was easy—he came in dead last!",f,f,Twitter for iPhone,2541,936,2015-11-20 01:06:28,f
667454484172312580,"Thank you Worcester, Massachusetts!#MakeAmericaGreatAgain #Trump2016 https://t.co/D6QinyBLW6 https://t.co/sZDJr3Tkd8",f,f,Twitter for iPhone,2201,903,2015-11-19 21:28:44,f
666048881436721152,"""""""@RealReagan0503: If you missed it, here is the most popular link among people I follow https://t.co/lOppBvYMRy by @realDonaldTrump""""""",f,f,Twitter for Android,1155,598,2015-11-16 00:23:22,f
665776320580878336,"""""""@mnrosrnr: @realDonaldTrump the best book I've read in years, Trump is right on every issue and has the best ideas, a true economic genius""""""",f,f,Twitter for Android,2295,956,2015-11-15 06:20:19,f
665286593025036289,"Boy is this guy @ShepNewsTeam tough on me. So totally biased. As a reporter, he should be ashamed of himself! #Trump2016",f,f,Twitter for iPhone,3420,1192,2015-11-13 21:54:18,f
664820082325893121,.@KarlRove is a biased dope who wrote falsely about me re China and TPP. This moron wasted $430 million on political campaigns and lost 100%,f,f,Twitter for Android,3348,1583,2015-11-12 15:00:34,f
664787273184108545,"We, as a country, either have borders or we don't. IF WE DON'T HAVE BORDERS, WE DON'T HAVE A COUNTRY!",f,f,Twitter for Android,9492,4783,2015-11-12 12:50:11,f
664771064988332032,"The @WSJ Editorial Board is so wrong, so often. They got info from an incorrect story in another pub. Why not watch and listen to debate.",f,f,Twitter for Android,1596,710,2015-11-12 11:45:47,f
664625646761545729,"""""""@frankieguy85: This 92-Year-Old Woman Registered to Vote Just to Cast a Ballot for Trump https://t.co/6REhiGankb""""""",f,f,Twitter for Android,2177,978,2015-11-12 02:07:56,f
664104624715128832,"""""""@ray_aub:  Funny all the real polls have @realDonaldTrump way ahead.""",f,f,Twitter for Android,1720,765,2015-11-10 15:37:35,f
663075027210903552,"""""""@RealCinders2: @realDonaldTrump use SNL to tell Hispanics you are for them , you want them to have jobs and be here legally"""" Great idea!""",f,f,Twitter for Android,1420,653,2015-11-07 19:26:20,f
662688794806755328,"""""""@CaptainMark_:  @Robostop10 KEEP IT COMMING TRUMP!!!! People need to be warned about that Carson figure who is not who they think!""""""",f,f,Twitter for Android,1030,468,2015-11-06 17:51:35,f
662567885051699200,"""""""@reganharycki: @realDonaldTrump it's about time we find a republican that can take on the democrats! https://t.co/lfI1rUjWRV""""""",f,f,Twitter for Android,1006,610,2015-11-06 09:51:08,f
662197583398477824,"""""""@curtismuddog: @destiny @seanhannity JEB'S! Whole campaign is fueled by lies. Just like his brother lied about Iraq. BUSH DYNASTY=LIES""""""",f,f,Twitter for Android,1153,553,2015-11-05 09:19:41,f
661157516009697281,"""""""@Morning_Joe: Online poll: @realDonaldTrump 'best to handle economy' by far https://t.co/SZvSzNzoIk""""  Very true, thanks!""",f,f,Twitter for Android,2522,1497,2015-11-02 12:26:50,f
660969740236623872,"While in politics it is often smart to send out false messages, one thing is clear:  That Hillary does not want to run against TRUMP.",f,f,Twitter for Android,4292,1821,2015-11-02 00:00:40,f
660601999445114881,"""""""@TheMsDlr: Donald Trump Releases Plan to Reform Veterans Affairs - ABC News - https://t.co/MDArX5HKNk via @ABC""""""",f,f,Twitter for Android,1458,884,2015-10-31 23:39:24,f
660433250423341057,"I am leaving for Norfolk, Virginia - the great battleship U.S.S. Wisconsin - for a big rally and really big crowd. See you soon!",f,f,Twitter for Android,2242,954,2015-10-31 12:28:51,f
660183923205492737,Via The Political Insider: “Donald Trump Just Received The Best News Possible!”  https://t.co/kFa5wxUXqE,f,f,Twitter Web Client,1681,948,2015-10-30 19:58:07,f
659740714490687488,"""""""@agentvf: @realDonaldTrump Stay strong and get ready for next debate. Great job last night.""""""",f,f,Twitter for Android,1008,404,2015-10-29 14:36:58,f
659720309143007233,"""""""@eVDefuse: @realDonaldTrump they should just let you be president already, you're already leading in the polls.""""""",f,f,Twitter for Android,1051,426,2015-10-29 13:15:53,f
659713683249991680,"""""""@HorseShort: @jstaggs362 @sburton305 @Vermont5girl @realDonaldTrump #TRUMP IS TRUTH! We want #Trump! 🚂🇺🇸🎈""""""",f,f,Twitter for Android,1464,905,2015-10-29 12:49:33,f
659577768833781760,"""""""@rfscottga: @realDonaldTrump Congrats Mr. Trump. You did great tonight. You made us ALL proud :) YES! SAYING IT AGAIN....Trump #1""""""",f,f,Twitter for Android,1669,657,2015-10-29 03:49:29,f
659396188681060352,"""""""@Vaporcon2015: @realDonaldTrump The Liberals are terrified that you'll be the one to go against Hillary.""",f,f,Twitter for Android,1605,716,2015-10-28 15:47:57,f
659082740042743808,"""""""@Rketeltas: @realDonaldTrump At least the real frontrunner is actually campaigning in Iowa and not on book tours. TRUMP 2016!""""""",f,f,Twitter for Android,2271,1083,2015-10-27 19:02:25,f
658831867429462016,"""""""@TheJusticeEngle: @realDonaldTrump I'm 18 years old from Florida, and just registered to vote. You got my vote in the primaries!"""" THANKS.""",f,f,Twitter for Android,1855,730,2015-10-27 02:25:32,f
656302930535055360,"""""""@nickmichaels12: Since late July 2015, DJT consistently been the front-runner in public opinion polls for the Republican Party nomination.""",f,f,Twitter for Android,1572,724,2015-10-20 02:56:26,f
656302737685139461,"""""""@Trump4potusplz: Had to join Twitter for the first time just to support Donald @realDonaldTrump . TRUMP 2016"""" Great!""",f,f,Twitter for Android,1623,659,2015-10-20 02:55:40,f
656188344334987264,"""Via @IBTimes: """"Under Fire From Donald Trump, Jeb Bush Focuses On 9/11 Even Though Hijackers Got Florida Licenses""""https://t.co/a9s6mHsk07""",f,f,Twitter Web Client,1791,1257,2015-10-19 19:21:07,f
655907035331108864,"""""""@SweetFreedom29: Hey @realDonaldTrump --&gt, FLASHBACK: Jeb Bush Admitted ‘Leaky’ Immigration Led to 9/11 http://t.co/Jmm7wd32UD #tcot""""  WOW!""",f,f,Twitter for Android,1340,996,2015-10-19 00:43:18,f
655823759341940736,"""Just reported by CNN that """"the Trump halo effect""""  caused a record-shattering Democratic Debate rating of 15.3 million viewers. So true!""",f,f,Twitter for Android,1868,791,2015-10-18 19:12:23,f
652668174522023936,"""Will be interviewed on """"Media Buzz"""" with Howie Kurtz on Fox, Sunday at 11:00 A.M.""",f,f,Twitter for Android,1030,511,2015-10-10 02:13:13,f
655515187525656576,"""""""@aspiesmom: NYPost """"gets it"""", you talk like a New Yorker. My Dad is a Democrat Long-Islander, he """"gets it"""" too, and you've got his vote""""""",f,f,Twitter for Android,1509,699,2015-10-17 22:46:14,f
655160625912520705,In Massachusetts --- the place is packed! #MakeAmericaGreatAgain,f,f,Twitter for iPhone,2839,1118,2015-10-16 23:17:20,f
654836284851101696,"""""""@RedScareBot: @brandongordy1: @realDonaldTrump is what we millennials need. I used to support that socialist from VT, what a mistake.""""""",f,f,Twitter for Android,1145,537,2015-10-16 01:48:31,f
654126516155097088,"""""""@suzyserb: @realDonaldTrump 100,000 people watching tonight for real change. THAT WOULD BE TRUMP 2016. Checking out the clown competition""",f,f,Twitter for Android,2444,828,2015-10-14 02:48:09,f
654113273105776640,Good move by Bernie S.,f,f,Twitter for Android,8138,4612,2015-10-14 01:55:31,f
654087813797945344,"""""""@MintzShire: @realDonaldTrump @007lLisav @CNN @CNNPolitics We need Trump Now!!!""""  Make America Great Again!""",f,f,Twitter for Android,1737,667,2015-10-14 00:14:21,f
653774646064627712,"""""""@kyredblood: @realDonaldTrump Great Fox interview""""  @seanhannity""",f,f,Twitter for Android,798,375,2015-10-13 03:29:56,f
653619468124450816,"""""""@CFT1 @realDonaldTrump doing a great job in New Hampshire today ! #MakeAmericaGreatAgain""""""",f,f,Twitter Web Client,1272,572,2015-10-12 17:13:19,f
653387672891822080,"Great, everyone is saying I did much better on @60Minutes  last week than President Obama did tonight. I agree!",f,f,Twitter for Android,4902,1824,2015-10-12 01:52:15,f
652924519913529344,Will be interviewed on @FaceTheNation with @JDickerson tomorrow at 10:30am EST. Enjoy!,f,f,Twitter for iPhone,1172,593,2015-10-10 19:11:50,f
652583110861787136,"New Gravis Poll in NH just out:  Trump 32%, Carson 13%  http://t.co/mJcWOEijkv",f,f,Twitter Web Client,1644,1032,2015-10-09 20:35:12,f
652569270757539841,Thank you. https://t.co/VSsa4N3OL7,f,f,Twitter Web Client,875,427,2015-10-09 19:40:12,f
652568048088543232,"""""""@ept_rudyru @AnnCoulter I'm Hispanic &amp, @realDonaldTrump has my vote! And a lot of other Hispanics here in the Borderland! """"""",f,f,Twitter Web Client,1100,642,2015-10-09 19:35:21,f
652540115672297472,I will be interviewed on @FacetheNation Sunday 10AM on CBS. @johndickerson is a true pro!,f,f,Twitter Web Client,1041,641,2015-10-09 17:44:21,f
652164424812244992,"""""""@GaryGaryt52: @DanScavino @JudiLoera @realDonaldTrump WHEN IS TRUMP COMING TO FLORIDA? CAN'T WAIT.GO TRUMP! . FL FOR TRUMP""",f,f,Twitter for Android,972,584,2015-10-08 16:51:30,f
652163542418747393,"""""""@MidOhioMilitia: I haven't missed a speech or interview. Love hearing you speak for ME! #Trump2016 #MakeAmericaGreatAgain #IBelieve""""""",f,f,Twitter for Android,987,597,2015-10-08 16:47:59,f
652159403748016128,"Great, Kevin McCarthy drops out of SPEAKER race. We need a really smart and really tough person to take over this very  important job!",f,f,Twitter for Android,2612,1508,2015-10-08 16:31:33,f
651536213472583680,"""""""@Jrdavisii: @realDonaldTrump was great! @stephenfhayes is jealous that Trump didn't mention him. It's because SH is so wrong!""",f,f,Twitter for Android,765,522,2015-10-06 23:15:12,f
651360060396937216,"""""""@Nay_2xTimes: Great interview on #NewDay @realDonaldTrump #MakeAmericaGreatAgain""""""",f,f,Twitter for Android,815,278,2015-10-06 11:35:14,f
651202282155937792,"""""""@jaxx613: @realDonaldTrump @Renhowe @donlemon @CNN . Mark Levin interview was great""""""",f,f,Twitter for Android,1164,760,2015-10-06 01:08:17,f
651200383734288384,"""""""@Raddmom: @realDonaldTrump - don't let the media &amp, the @GOP elites push you out- Americans are with you!"""" Thanks, I won't!""",f,f,Twitter for Android,1427,918,2015-10-06 01:00:44,f
650106631800422404,"""""""@swterry91: Donald Trump Leads by 9 Points in Pew Poll – Jeb Bush in Free Fall #tcot http://t.co/uyxre0ei92""""""",f,f,Twitter for Android,1290,881,2015-10-03 00:34:34,f
649718574790148097,"""""""@barreto_eugenio:  @MittRomney it's sad, but GOP does not want you as their candidate. But we the people do. Latinos for Trump.""""""",f,f,Twitter for Android,1417,877,2015-10-01 22:52:34,f
648880071105769472,"Definitely watch @Carl_C_Icahn ‘s ‘Danger Ahead’. Very insightful, particularly on how corp inversions hurt America: http://t.co/PJN89SwvTF",f,f,Twitter Web Client,1588,1645,2015-09-29 15:20:39,f
648324747948879872,"""""""@AdiosLiberty: @60Minutes @realDonaldTrump @ScottPelley Haven't seen that much hatred in an interviewer since the 1st debate. #trump2016""""""",f,f,Twitter for Android,1634,1064,2015-09-28 02:33:59,f
647914978557698049,Hope we all enjoy  @60Minutes tomorrow night. I do believe they will treat me fairly!,f,f,Twitter for Android,3409,2097,2015-09-26 23:25:43,f
647250131365036033,"Just watched @marcorubio on television. Just another all talk, no action, politician. Truly doesn't have a clue! Worst voting record in Sen.",f,f,Twitter for Android,3270,1710,2015-09-25 03:23:51,f
646721413202747392,Wow! What a great night. Thank you to all of the viewers and congratulations to @StephenAtHome http://t.co/5rq2iMpHx6 @colbertlateshow,f,f,Twitter Web Client,2698,1605,2015-09-23 16:22:55,f
646504336940531712,Do you ever notice that lightweight @megynkelly constantly goes after me but when I hit back it is totally  sexist. She is highly overrated!,f,f,Twitter for Android,5377,2210,2015-09-23 02:00:20,f
646117841066967040,"""""""@alivelutheran: @TODAYshow touts CNN polls instead of their own!! Of course, the NBC one shows him much higher. Trump corrects them!""",f,f,Twitter for Android,1338,489,2015-09-22 00:24:32,f
646015127293161472,"I just wrapped up a Q&amp,A @TwitterNYC. Thanks for all your questions! #AskTrump http://t.co/zpbcRHfxy6",f,f,Twitter Mirror for iPad,2333,728,2015-09-21 17:36:23,f
645994430554632192,Has the media picked up the new Zogby poll that was just put out? I doubt it! http://t.co/YAZyKwVxNJ,f,f,Twitter Web Client,1354,739,2015-09-21 16:14:08,f
645762321755807744,"I have been leading big in all  polls, with two more today, @nbc and @CNN. The NBC poll is more than double next,  at 29%. Fiorina has 11%.",f,f,Twitter for Android,3072,1820,2015-09-21 00:51:49,f
644594974542176256,Will be interviewed tonight by @seanhannity on @FoxNews at 10 PM. Enjoy!,f,f,Twitter Web Client,2574,1462,2015-09-17 19:33:12,f
643846888387649536,"The polls are really looking good—#1 everywhere despite all lobbyist &amp, special interest $ being spent against me. I’m turning down millions.",f,f,Twitter Web Client,3876,1920,2015-09-15 18:00:34,f
643511144150376449,Looking forward to joining @V4SA Tuesday 9/15 in L.A. aboard the @USSIowa - The Battleship of Presidents! Join us! http://t.co/oiPQsJt7fh,f,f,Twitter Web Client,1156,829,2015-09-14 19:46:27,f
642788935530344448,"I truly understood the appeal of Ron Paul, but his son, @RandPaul, didn't get the right gene.",f,f,Twitter for iPhone,2978,1622,2015-09-12 19:56:39,f
642472297903857664,The Tonight Show @nbc will be amazing - 11:30 P.M.  ENJOY!,f,f,Twitter for Android,1917,1203,2015-09-11 22:58:27,f
640984209042112512,Looking forward to being with @SenTedCruz at our big rally in D.C. on Wednesday (1:00 P.M. at the Capitol) to protest insane Iran nuke deal!,f,f,Twitter for Android,3795,2140,2015-09-07 20:25:19,f
640965702720073729,"""""""@georgeokc: @realDonaldTrump @libertyladyusa For my mind, do whatever you think is right, you have nothing to prove, just save our nation.""""""",f,f,Twitter for Android,1106,535,2015-09-07 19:11:46,f
639499842763497473,LIVE on #Periscope: Watch major press conference live from @TrumpTowerNY now! #MakeAmericaGreatAgain https://t.co/wwdgQKEHD3,f,f,Periscope,1295,780,2015-09-03 18:06:58,f
639023740605612032,"""""""@DRUDGE_REPORT: MEGYN KELLY TOP OF CABLE NEWS... http://t.co/ExfY7Q6C73"""" Megyn, say """"thank you Donald!"""" @FoxNews also should say """"thanks!""""""",f,f,Twitter for Android,1596,695,2015-09-02 10:35:06,f
638876473668014080,Why does @oreillyfactor and @FoxNews always have Karl Rove on. He spent $430 million and lost ALL races. A dope who said Romney won election,f,f,Twitter for Android,4299,2898,2015-09-02 00:49:55,f
638647705833705472,"""""""@BelAirCA: Only Trump is capable of cleaning up the mess America is in, that's why he has my vote! #MakeAmericaGreatAgain #Trump   So true!""",f,f,Twitter for Android,2293,1594,2015-09-01 09:40:53,f
638297160992358400,Loved being with my many friends in Tennessee. The crowd and enthusiasm was fantastic. I won the straw poll big!,f,f,Twitter for Android,2817,1170,2015-08-31 10:27:56,f
637598518123868160,"""""""@joehos18: BOOM - Univision Reluctantly Reports Donald Trump Leading With Latino Republicans.... http://t.co/MmsebE0LPP via @thelastrefuge2""",f,f,Twitter for Android,2914,2087,2015-08-29 12:11:47,f
637057935198277632,"""""""@irisodle: Love you man! I'm one of the silent majority that's so excited to finally have us a spokesman! Behind you all the way!""""""",f,f,Twitter for Android,1939,737,2015-08-28 00:23:42,f
636902595353812993,The press has very inaccurately covered this event - see for yourself! https://t.co/z00nIlB7NI,f,f,Twitter Web Client,2084,1413,2015-08-27 14:06:26,f
636160656673255424,"""""""@ASA_Patriot: @realDonaldTrump @PatrickStinard @megynkelly I could not agree more ! I now flip to other channels at 9:00pm""""""",f,f,Twitter for Android,1014,625,2015-08-25 12:58:14,f
635998754546548737,"""""""@YoungYoung54:  @JeriHyatt @megynkelly @JebBush So true. Jeb Bush is crazy, who cares that he speaks Mexican, this is America, English !!""""""",f,f,Twitter for Android,2931,1723,2015-08-25 02:14:54,f
635996776835776512,"""""""@toneantone96: @realDonaldTrump No man or women on this Planet can give us back America with the exception of @realDonaldTrump Leadership!""",f,f,Twitter for Android,1192,604,2015-08-25 02:07:02,f
635994853743136768,"""""""@MikeRaj7:  @megynkelly Show has become a opinion show. Leading questions, Stirrwalt and Thiessen, used, Fair and balanced, NOT""""""",f,f,Twitter for Android,1056,628,2015-08-25 01:59:24,f
634188984097337344,Another great poll result! Thank you! http://t.co/loMirPFLIZ,f,f,Twitter for iPhone,3428,1863,2015-08-20 02:23:31,f
633695559900073984,"When foreigners attend our great colleges &amp, want to stay in the U.S., they should not be thrown out of our country.",f,f,Twitter Web Client,30261,16879,2015-08-18 17:42:49,f
630292874702290944,"""""""@CommissarOfGG: You are being attacked from all sides, yet you have the people's hearts. Just be calm and trust yourself. We love you.""""""",f,f,Twitter for Android,2095,724,2015-08-09 08:21:46,f
630223393774825472,"Small crowds at @RedState today in Atlanta. People were very angry at EWErickson, a major sleaze and buffoon who has saved me time and money",f,f,Twitter for Android,3927,1567,2015-08-09 03:45:40,f
629578878307147776,"""""""@Southern_Anon63: I am a stone cold down to the bone democrat. But I will be voting @realDonaldTrump on Election Day.""""""",f,f,Twitter for Android,1900,600,2015-08-07 09:04:36,f
629083899554041856,"""""""@Women4Trump: @realDonaldTrump @SemiNoland Yup. And Clinton's leaked meeting with The Donald because they are skeered of all his support.""""""",f,f,Twitter for Android,459,142,2015-08-06 00:17:44,f
628937883676745728,Do you notice that Hillary spews out Jeb's name as often as possible in order to give him status? She knows Trump is her worst nightmare.,f,f,Twitter Web Client,4579,2206,2015-08-05 14:37:31,f
628706891712040960,"""""""@TrumpsGucciGirl: @realDonaldTrump: oh yeah @megynkelly you don't want it to be all about Trump- he's # 1 not #17""",f,f,Twitter for Android,447,147,2015-08-04 23:19:38,f
628676767461605376,I will be on @oreillyfactor tonight on @FoxNews at 8 PM and 11 PM.,f,f,Twitter Web Client,1327,538,2015-08-04 21:19:56,f
628395884213063684,"""""""@bedard_nancy: @realDonaldTrump TRUMP STANDS FOR TRUTH""""""",f,f,Twitter for Android,913,328,2015-08-04 02:43:48,f
628049073350836224,"""""""@bdean1468: @realDonaldTrump @CoachZachCooper AMERICA WANTS TRUMP""""""",f,f,Twitter for Android,430,170,2015-08-03 03:45:42,f
626904854900928512,Thank you.  https://t.co/BbD9deWjbQ,f,f,Twitter for iPhone,592,181,2015-07-30 23:58:59,f
626453353741053952,This is an outrage! Bias-Free Language Guide claims the word 'American' is 'problematic' -- WHAT?!  http://t.co/vKz8a0ICGs,f,f,Twitter Web Client,921,811,2015-07-29 18:04:53,f
624995569757519872,Packed venue of people who want to #MakeAmericaGreatAgain https://t.co/wisZRVAmPR,f,f,Instagram,999,406,2015-07-25 17:32:10,f
624987427808124928,".@ScottWalker despite your coming to my office to give me an award, your very dumb fundraiser hit me very hard--- not smart!",f,f,Twitter for BlackBerry,671,399,2015-07-25 16:59:49,f
624615301695410177,Great read:  “How New York's Veterans Day Parade Became 'America's Parade'” http://t.co/PuYQl4CRg3,f,f,Twitter Web Client,363,187,2015-07-24 16:21:07,f
624402452863938560,"You’re just not getting there @DanaPerino. Sometimes things just don’t work out, but don’t worry--- no problem!",f,f,Twitter for BlackBerry,432,119,2015-07-24 02:15:20,f
624048146100977664,.@AC360  Has the absolutely worst anti-Trump talking heads on his show. Dopey writer O'brian knows nothing about me or my wealth. A waste!,f,f,Twitter for Android,761,289,2015-07-23 02:47:26,f
623367395214802944,"""""""@Tea_Party_Chris: @RepDavid @RepMattSalmon @RepTrentFranks  @RealJamesWoods #Trump2016 #Trump #TrumpForPresident https://t.co/3EnJ5u4kzL""""""",f,f,Twitter for Android,224,272,2015-07-21 05:42:23,f
623366298358165504,"""""""@AlbertoZambrano: @HeinzFGuderian   Well get your facts straight. McCain was so bad he gave us Obama. He gave arms to Islamic terrorists""""""",f,f,Twitter for Android,651,301,2015-07-21 05:38:01,f
623159198956810241,"""""""@Valenti317 @realDonaldTrump the left is petrified of you! Why else would they be attacking you so vigorously?""""""",f,f,Twitter Web Client,619,268,2015-07-20 15:55:05,f
622401553022894081,"It's driving @ariannahuff &amp, the money losing @HuffingtonPost post crazy that I am #1 in their poll and they only write bad stories about me!",f,f,Twitter for Android,1570,644,2015-07-18 13:44:28,f
622254608790847488,"""""""@BillyParker03: @realDonaldTrump The @BillAndMoShow has your back! TRUMP FOR PREZ!""""""",f,f,Twitter for Android,361,107,2015-07-18 04:00:34,f
622096536504107008,We will no longer be silent. We can take our country back! Let’s Make America Great Again! https://t.co/u25yI6aIvG,f,f,Twitter Web Client,1813,852,2015-07-17 17:32:26,f
619945962572787712,Legal immigrants want border security. It is common sense. We must build a wall! Let's Make America Great Again! http://t.co/I5CybmR0MF,f,f,Twitter for BlackBerry,3766,2775,2015-07-11 19:06:50,f
619881244482863105,Getting ready to go to Las Vegas (Freedom Fest) - great crowd. Then on to amazing Phoenix - that will be a total happening! Love America.,f,f,Twitter for Android,868,314,2015-07-11 14:49:40,f
619589152091303936,"""""""@Mitestarossa Please follow @realDonaldTrump ...We already know what all the other politicians will do. #Trump2016  #MakeAmericaGreatAgain""""""",f,f,Twitter Web Client,490,255,2015-07-10 19:28:59,f
618834822375579648,Via @businessinsider by @hunterw: “TRUMP UNLOADS: Hillary Clinton was 'the worst' and is 'extremely bad'” http://t.co/lPGSlczakP,f,f,Twitter Web Client,458,307,2015-07-08 17:31:33,f
617889488702939136,"""""""@tiffyluck: @realDonaldTrump God bless America and DonaldTrump. You have all of my support and that of all those who are fed up with DC.""""""",f,f,Twitter for Android,853,345,2015-07-06 02:55:08,f
617465935369256960,"""""""@nolehace:  @DCnumerology @VeneziaMatthew #Trump #thedonald 3M followers, ck the other candidates-do the math. #trump echoes Americans""""""",f,f,Twitter for Android,208,117,2015-07-04 22:52:05,f
617458174375915520,"""""""@MikeG_Beats: @realDonaldTrump #Trump2016""""""",f,f,Twitter for Android,117,48,2015-07-04 22:21:15,f
617321142852952064,HAPPY 4TH OF JULY TO EVERYONE!  MAKE AMERICA GREAT AGAIN!,f,f,Twitter for Android,4230,2328,2015-07-04 13:16:44,f
616900314306867201,"""""""@bperez733: @realDonaldTrump @Numerologynow Yes In Deed!! #TrumpforTriumph""""""",f,f,Twitter for Android,105,36,2015-07-03 09:24:31,f
616825413998899200,"""""""@Non_PC_Guy:  @HoustonGunn @Macys In Chicago we're still mourning loss of once great Marshall Fields, to mediocre Macys. Screw Macys!""""""",f,f,Twitter for Android,247,92,2015-07-03 04:26:53,f
616775708170420224,"""""""@PerryJames778:  @Highlander6700 @Macys The media Loves to twist words, and so do the politicians. @realDonaldTrump will set it straight!""""""",f,f,Twitter for Android,240,87,2015-07-03 01:09:22,f
616775544777084928,"""""""@clew136:DonaldTrump your charisma, confidence, leadership, and record of incredible success is exactly what this country needs #Trump2016""""""",f,f,Twitter for Android,349,147,2015-07-03 01:08:43,f
615880366344302593,Thank you Ted. https://t.co/MVUzSAn6ru,f,f,Twitter Web Client,1232,874,2015-06-30 13:51:36,f
615136600574423041,"""""""@rtoneff25: @realDonaldTrump just kicked ass on Fox News. Guy is a winner""""  Thank you!""",f,f,Twitter for Android,205,74,2015-06-28 12:36:08,f
614434531861512193,Once again the Bush appointed  Supreme Court Justice John Roberts has let us down. Jeb pushed him hard! Remember!,f,f,Twitter Web Client,867,670,2015-06-26 14:06:22,f
613728505789042688,"""""""@tryeye @realDonaldTrump Very strong start, Mr. President!"""" Thanks.""",f,f,Twitter Web Client,130,35,2015-06-24 15:20:52,f
613539481967312896,"Speaking at the Red, White and Blue Dinner in Maryland- https://t.co/TzuXN715fQ",f,f,Instagram,201,69,2015-06-24 02:49:46,f
613449061761458176,"""""""@kolbytraveller #Trump is more than just talk. I hope he wins the election and gets something done for once in this country. #Trump2016""""""",f,f,Twitter Web Client,376,194,2015-06-23 20:50:28,f
613367031950348288,"""""""@CWilliams_Rltr @realDonaldTrump.  I am so happy you are running for President. You have my vote.""""""",f,f,Twitter Web Client,164,40,2015-06-23 15:24:30,f
613168109596372992,"""""""@WGinetta: WE ARE GONNA NEED @realDonaldTrump IN 2016 TO UN-NEGOTIATE EVERYTHING OBAMA SAID HE NEGOTIATED #MakeAmericaGreatAgain"""" True.""",f,f,Twitter for Android,308,133,2015-06-23 02:14:04,f
613167802334224385,"""""""@MeaganShamy: .@ScottFordTVGuy @BrandenHarvey I was at @TrumpLasVegas when @realDonaldTrump announced president bid. He's got my vote.""",f,f,Twitter for Android,124,35,2015-06-23 02:12:50,f
612790604616085506,"""""""@sallyvp: @realDonaldTrump Mr. Trump tell America they are fired! Bring some respect and balls back to the USA.""""""",f,f,Twitter for Android,222,81,2015-06-22 01:13:59,f
612787081975320576,"""""""@JPJAC: @realDonaldTrump @FoxNews Why is it that FOX loved you until you declared as a candidate???""""  Good question!""",f,f,Twitter for Android,144,58,2015-06-22 01:00:00,f
611934327581077504,"Almost every major dealmaker has used the bankruptcy laws as a business tool. Icahn, Black, Zell—but nobody says they went bankrupt!",f,f,Twitter Web Client,321,188,2015-06-19 16:31:27,f
609399072097718275,Thanks. https://t.co/u4j2avDT65,f,f,Twitter Web Client,62,25,2015-06-12 16:37:15,f
608981890440278016,"""""""@hugshenderson  @GolfMonthly @realDonaldTrump he's a legend. Does so much good for Scottish golf"""" Thanks.""",f,f,Twitter Web Client,22,13,2015-06-11 12:59:31,f
606678852388143105,"""""""@Delna_42: DonaldTrump You're going to be the greatest President this country has ever seen. I hope you win. #Trump2016 #CommanderInChief""""""",f,f,Twitter for Android,56,20,2015-06-05 04:28:04,f
606224672053731331,"""""""@123Jayne: @realDonaldTrump I have just one question please...will you be running for President 2016? We really need you!""""""",f,f,Twitter for Android,54,21,2015-06-03 22:23:19,f
606158326053916672,"Looking forward to visiting Mason City, Iowa, tomorrow. Will be my 8th day in the Hawkeye State this year! http://t.co/II29WqZ7WH",f,f,Twitter Web Client,32,20,2015-06-03 17:59:41,f
605621402205597696,"""""""@MasterBaxter8: @realDonaldTrump awaiting your response on June 16. You would be the best ever.""""""",f,f,Twitter for Android,30,15,2015-06-02 06:26:08,f
604912323694866433,"""""""@amazechristianl: @realDonaldTrump Are you happy with current polls? Congrats on the success so far.""""""",f,f,Twitter for Android,21,12,2015-05-31 07:28:31,f
603754737142525952,"""""""@VanityFair: Donald Trump has constructed a wonder of a golf course in the Bronx http://t.co/v0n9ZF1ttS http://t.co/YxweLz5UCj""""""",f,f,Twitter for Android,66,41,2015-05-28 02:48:41,f
603747762065256448,"""""""@bella270012: @realDonaldTrump @MELANIATRUMP @TrumpFerryPoint @jacknicklaus Beautiful Lady!""""""",f,f,Twitter for Android,18,10,2015-05-28 02:20:58,f
603427160922128384,"""""""@ashbakali: """"Sheer persistence is the difference between success and failure."""" Donald Trump""""""",f,f,Twitter for Android,110,96,2015-05-27 05:07:00,f
603358499087745025,"""""""@2014_vince: @realDonaldTrump bring jobs back from asia and mexico..vote trump for wage justice""""""",f,f,Twitter for Android,36,22,2015-05-27 00:34:10,f
602253219272720384,"""""""@SeanlaiC: RT @JeanRalphiooo I would endorse @realDonaldTrump in a presidential run!""""""",f,f,Twitter for Android,22,14,2015-05-23 23:22:11,f
601965081941909504,"""""""@dfberger23: Wait @realDonaldTrump is really running for President? Just saw his campaign site!""",f,f,Twitter for Android,47,23,2015-05-23 04:17:14,f
601963451683069952,"""""""@aa_trevino:  @megynkelly @oreillyfactor Donald, it's more important for @oreillyfactor to have your views than viceversa, don't sweat it""""""",f,f,Twitter for Android,18,10,2015-05-23 04:10:45,f
601270074918445057,"""""""@YankeeRunnerLV:Whether you run or not(Praying U Do) your getting my vote.I am writing you in if you don't run.Your our best hope #Trump16""""""",f,f,Twitter for Android,16,13,2015-05-21 06:15:31,f
601269189945499648,"""""""@kissangel864: @realDonaldTrump @GameANew put your hat in the ring - I'll vote for you. Get busy trump""""""",f,f,Twitter for Android,16,12,2015-05-21 06:12:00,f
601155815467307009,I will be interviewed on @megynkelly's The Kelly File tonight. Be sure to watch on  @FoxNews!,f,f,Twitter Web Client,87,43,2015-05-20 22:41:29,f
600874098831523840,"""""""@TBI_ArmyWife: Thank you for a wonderful gathering and for supporting the #HiddenHeroes. Proud to be a Texas Fellow @DoleFoundation""""""",f,f,Twitter for Android,37,14,2015-05-20 04:02:03,f
600545619263037440,"""""""@Bobo_Shields: @realDonaldTrump is living proof that with hard work and dedication, you can accomplish your biggest dreams.""""""",f,f,Twitter for Android,49,26,2015-05-19 06:16:47,f
600129413779423232,"""""""@dcfoodsafety:  Mr Trump - when are you announcing your candidacy so you can clean house on the current candidates? #Trump2016""""  Stay tuned""",f,f,Twitter for Android,64,26,2015-05-18 02:42:56,f
599551633681321984,"I am in Iowa today, great STATE, fantastic PEOPLE! Many speeches, big crowds - all sold out! MAKE AMERICA GREAT AGAIN!",f,f,Twitter for Android,209,93,2015-05-16 12:27:03,f
599019686286774273,"""""""@JDrago28: It was such an honor to meet @realDonaldTrump today in New Hampshire! What a great man! #NH #business http://t.co/VWxnWsTmBH""""""",f,f,Twitter for Android,93,30,2015-05-15 01:13:17,f
597906025283477506,"Can you imagine, we spend billions of dollars protecting Saudi Arabia and now the King refuses to even meet with Obama. Great leadership!",f,f,Twitter for Android,560,327,2015-05-11 23:27:59,f
597843823889383424,"""""""Government's first duty is to protect the people, not run their lives.” – President Ronald Reagan""",f,f,Twitter Web Client,791,536,2015-05-11 19:20:49,f
597009496116977664,"""""""@LynneLeach: @realDonaldTrump you can make U.S. great by running for POTUS! You have my vote a million times over ☑️""""""",f,f,Twitter for Android,30,15,2015-05-09 12:05:30,f
596880670670065664,"""""""@kittreantanner:More interviews, Mr Trump. The more you talk @ what you would do if president, the more people want to hear MORE from you.""""""",f,f,Twitter for Android,33,14,2015-05-09 03:33:36,f
596880484946354176,"""""""@vctr67: @realDonaldTrump Mr. Trump. Please run and save this country from going to hell. You got my vote."""" Thanks.""",f,f,Twitter for Android,47,21,2015-05-09 03:32:51,f
595817007255281664,"""""""@ShalontaBowman: Without a doubt, donaldtrump is the most logical choice for President. You'd be the only competent candidate. We need you!""",f,f,Twitter for Android,51,24,2015-05-06 05:06:58,f
595723624981606402,"""""""@RUSHLvR1: RT  """"@AAcrowellt: @realDonaldTrump if you run for president im voting for you"""" Great. I am dying for Donald to run and win#""""""",f,f,Twitter for Android,21,12,2015-05-05 22:55:54,f
1162342307741523970,Thank you Rudy! https://t.co/u0InDTYA9f,f,f,Twitter for iPhone,55799,10601,2019-08-16 12:36:16,f
594628565636812800,"""""""@TpGraf82: @realDonaldTrump has never rushed into anything! We will wait on you! #Trump2016""""""",f,f,Twitter for Android,25,7,2015-05-02 22:24:32,f
594613186453581825,"""""""@RockinJoe1: @upsetNavyVet @realDonaldTrump well at least the Donald's arrogance is warranted""""  So true, thanks!""",f,f,Twitter for Android,22,12,2015-05-02 21:23:25,f
594374255447441409,"Baltimore had a really tough night - only great leadership can solve the many inner-city problems facing our country. Jobs, jobs, jobs!",f,f,Twitter for Android,208,92,2015-05-02 05:34:00,f
594188557251702784,"Via @ConroeCourier by @StephenGreen91:“Trump talks 2016 run, jobs at @TXPatriotsPAC” http://t.co/TUPtn3RW0O",f,f,Twitter Web Client,21,16,2015-05-01 17:16:06,f
594164281207365633,"Whether you think you can or think you can't, you're right. -- Henry Ford",f,f,Twitter Web Client,247,218,2015-05-01 15:39:38,f
594151632079687680,"If the working, proud and productive people of our country don't start exerting their authority and views, the U.S. as we know it is doomed!",f,f,Twitter for Android,407,321,2015-05-01 14:49:22,f
593752775407890433,"""""""@ghostlyprep: @realDonaldTrump is amazing 👌🏻 you can tell me he's not when you're as successful as him""""""",f,f,Twitter for Android,36,14,2015-04-30 12:24:27,f
593502053411893249,Met a big fan today! https://t.co/Gd3lroPnCr,f,f,Twitter Web Client,80,27,2015-04-29 19:48:10,f
592786000159645697,"""""""@woofeous @WMUR9 @NewEngCollege  Business leaders such as Donald could easily teach students more in one-hour than in any semester.""""""",f,f,Twitter Web Client,61,22,2015-04-27 20:22:50,f
591970735809245185,"""""""@bean1227: @realDonaldTrump When are you announcing run #PresidentTrump !?"""" Stay tuned!""",f,f,Twitter for Android,49,32,2015-04-25 14:23:16,f
591966092152672256,"""""""@Patriotress: @realDonaldTrump @316Place @PGA_com #Trump2016""""""",f,f,Twitter for Android,10,13,2015-04-25 14:04:49,f
591439697559298049,"""""""@thembazoko1: @realDonaldTrump: get Commandant's Leadership Award from the U.S.Marines yesterday at The Waldorf Astoria - a great honor!""",f,f,Twitter for Android,33,26,2015-04-24 03:13:06,f
591226354680602624,"""""""@UsuallyBogey: Without @realDonaldTrump we will be stuck with Hilary Clinton. #Trump2016"""" I agree.""",f,f,Twitter for Android,31,19,2015-04-23 13:05:22,f
590975983034990592,I'm getting The Commandant's Leadership Award from the U.S.Marines tonight at The Waldorf Astoria - a great honor!  @BretBaier,f,f,Twitter for Android,109,56,2015-04-22 20:30:28,f
590343459552292864,.@stephenfhayes: I heard you were a joke on the media panel this weekend in New Hampshire. You just don't  have what it takes! @JoeNBC,f,f,Twitter for Android,18,15,2015-04-21 02:37:03,f
590341084598919169,"""""""@Slider6294:@NRO @JonahNRO To be fair, impossible to fill those shoes. But consistent conservative principles would be a start!"""" I agree!""",f,f,Twitter for Android,20,20,2015-04-21 02:27:37,f
590228450591539202,"""Congratulations to @TrumpWaikiki for being selected as """"Best of +VIP Access 2014"""" by @Expedia!""",f,f,Twitter Web Client,34,24,2015-04-20 19:00:03,f
590113557221613568,"""""""@moose_taz: @foxandfriends thinking @realDonaldTrump might be what this country needs a change from career politicians""""""",f,f,Twitter for Android,41,27,2015-04-20 11:23:30,f
590104809132466178,"""""""@belllabooo13:  @foxandfriends Always watch Mr Trump Keep speaking the truth! Let's Get Our America Back! You Will Do It! God Bless!!""""""",f,f,Twitter for Android,28,23,2015-04-20 10:48:44,f
589632853736087553,"""""""@HarperArchitect: @realDonaldTrump good talk watched on c-span, intelligence.  Thanks.""",f,f,Twitter for Android,20,12,2015-04-19 03:33:21,f
589598314947022848,"""""""@FreedomsPatriot: @P4tR10tBoo @souperfan2012 @souperfan2013 @wolfman708 @dryheat115 Mr. @realDonaldTrump made 👍&amp,👊 impression.""""""",f,f,Twitter for Android,28,19,2015-04-19 01:16:07,f
589348942883790848,"""""""@DrHardick: .@realDonaldTrump @MLeitzmann @TrumpTowerNY love love love that wall. Memories forever! #architecture #nyc""""""",f,f,Twitter for Android,9,10,2015-04-18 08:45:12,f
589115259979489281,"My @FoxBusiness int. w/Don Imus on not drinking alcohol, politicians being all talk and no action &amp, the border http://t.co/EfP0LClaOv",f,f,Twitter Web Client,35,33,2015-04-17 17:16:37,f
588991075806765056,"""""""@bryt1330: I get into so many arguments over #Trump2016 @realDonaldTrump but I think he could ACTUALLY change this county for the better""",f,f,Twitter for Android,36,17,2015-04-17 09:03:10,f
588864633081061377,"""""""@Kakatshozi: Ivanka Trump would be the cutest first daughter in US history if DonaldTrump became president! Elegant,classy and adorable.""""""",f,f,Twitter for Android,114,93,2015-04-17 00:40:43,f
588733168339017728,"""""""If your actions inspire others to dream more, learn more, do more and become more, you are a leader."""" – John Quincy Adams""",f,f,Twitter Web Client,374,343,2015-04-16 15:58:20,f
588716146792263682,"Our border is being breached daily by criminals. We must build a wall &amp, deduct costs from Mexican foreign aid! http://t.co/jEgR6jSQ5J",f,f,Twitter Web Client,204,173,2015-04-16 14:50:41,f
587246303547105280,".@TMobile gives terrible service and has many complaints, just check.",f,f,Twitter for Android,76,42,2015-04-12 13:30:03,f
588314586216079361,"""""""@MrMet41: @bonn66 @realDonaldTrump @rosannascotto #MrTrump isn't my guy, he is America's guy ! #Trump2016"""" So nice, thanks!""",f,f,Twitter for Android,20,11,2015-04-15 12:15:02,f
588312615799119872,"""""""@hdrenovate: @realDonaldTrump D.T. for president! !!""""""",f,f,Twitter for Android,23,15,2015-04-15 12:07:12,f
587394915526672385,"""""""@BlessIsrael1948: @realDonaldTrump @mallhayden11 My Trump is a patriot.""""""",f,f,Twitter for Android,29,13,2015-04-12 23:20:35,f
587383938391343104,"""""""@PICA_59: #Trump2016 @realDonaldTrump""""""",f,f,Twitter for Android,24,11,2015-04-12 22:36:58,f
586750679085142017,"""""""@KBrocking: @realDonaldTrump You gotta run. I think you have what it takes to stop Hillary!!!""""""",f,f,Twitter for Android,34,18,2015-04-11 04:40:37,f
586734562396504064,.@BretBaier  Thank you for the very fair and highly professional segment on me tonight. Many people watched and commented.,f,f,Twitter for Android,56,26,2015-04-11 03:36:35,f
586008595663323138,"""""""@EHarper69: @realDonaldTrump If you run you will win.. I've never been wrong. Just be presidential, not a salesman!""",f,f,Twitter for Android,48,15,2015-04-09 03:31:51,f
584473075632238592,"""""""@greta: @realDonaldTrump @hillarysusans I can hardly wait to do the interview when the Old Post Office is finished in all her glamour""""""",f,f,Twitter for Android,30,17,2015-04-04 21:50:14,f
583153264058888192,"""""""@FlyOSUBuckeye1: RUN Mr Trump! Run! #oreillyfactor @realDonaldTrump I doubt Sec Kerry EVER read """"Art Of The Deal""""""""""",f,f,Twitter for Android,24,11,2015-04-01 06:25:47,f
583148411668549632,"""""""@user9888: Money was never a big motivation for me,except as a way to keep score. The real excitement is playing the game. @realDonaldTrump""",f,f,Twitter for Android,69,38,2015-04-01 06:06:30,f
582965669211344898,"There is only one fix for ObamaCare - REPEAL &amp, REPLACE with a free market oriented alternative!",f,f,Twitter Web Client,165,107,2015-03-31 18:00:21,f
582726756290990082,"""""""@thembazoko1: """"@realDonaldTrump: We create success or failure on the course primarily by our thoughts. -- Gary Player""""""""""",f,f,Twitter for Android,55,44,2015-03-31 02:10:59,f
581472953495351296,"""""""@littlevd23 @AaronMcAllorum @NYC Like anything Mr. Trump puts his name on simply amazing!! The Bronx needed the Trump touch!""""  Thanks.""",f,f,Twitter Web Client,28,17,2015-03-27 15:08:50,f
581440224099725313,Looking forward to tonight's Ayrshire Chamber of Commerce Annual Dinner 2015  @AyrshireChamber,f,f,Twitter Web Client,34,23,2015-03-27 12:58:46,f
581198156374904832,"""""""@NathanErbland   I agree------&gt, The 2nd Amendment is a right, not a privilege! @realDonaldTrump""""""",f,f,Twitter Web Client,122,104,2015-03-26 20:56:53,f
581168283329667074,"Looking forward to speaking @nranews Convention in Nashville http://t.co/Y6VYva0Gn8 The 2nd Amendment is a right, not a privilege!",f,f,Twitter Web Client,61,34,2015-03-26 18:58:10,f
581097035174191105,"""""""@bluesmanSINY  @realDonaldTrump The Donald for President. Big YES! The Country Needs A Leader""""""",f,f,Twitter Web Client,48,16,2015-03-26 14:15:04,f
580823147873767424,"""“Donald Trump launches new men's fragrance-- """"Empire"""" -- @Macys """"Because every man has his own empire to build'” http://t.co/LBk4XIr1FO""",f,f,Twitter Web Client,62,41,2015-03-25 20:06:44,f
580392112396599296,Via @dcexaminer by @eScarry: “Donald Trump: @HuffingtonPost 'a very dishonest organization'” http://t.co/roM3MKB8wn,f,f,Twitter Web Client,27,24,2015-03-24 15:33:57,f
580374395023163392,"""""""@MauiJano You have my presidential vote! We need an assertive person like you to bring back respect and financial  repair to America!"""" Thx""",f,f,Twitter Web Client,35,17,2015-03-24 14:23:33,f
580226385614094336,"""""""@SCOTTMALOUFF: @realDonaldTrump you have to run!! Your next!!""""""",f,f,Twitter for Android,30,10,2015-03-24 04:35:25,f
578977458776633344,"""""""@RaffleWinner @realDonaldTrump I can't decide if you will be a great President or the GREATEST President! #Trump2016""""""",f,f,Twitter Web Client,66,31,2015-03-20 17:52:37,f
578654022216843264,.@TrumpSoHo New York has interiors by celebrated design house Fendi Casa and 360 degree views of the city skyline. http://t.co/exnWuXuPwA,f,f,Twitter Web Client,31,20,2015-03-19 20:27:24,f
578604165582200832,"""""""@Smilin_Smuggler @realDonaldTrump You have my vote! #trumpforpresident #Trump2016""""""",f,f,Twitter Web Client,50,24,2015-03-19 17:09:17,f
578282348501929984,"Trump National Golf Club, Washington, D.C., is located on 600 acres and fronts the Potomac River. Spectacular!http://t.co/KMaHBBQLXU",f,f,Twitter Web Client,35,16,2015-03-18 19:50:30,f
578225187100991488,"April is Autism Awareness Month, join me in raising awareness - get your “Light It Up Blue” sign here! #LIUB http://t.co/qezWONTCcE",f,f,Twitter Web Client,139,145,2015-03-18 16:03:22,f
575995741946052608,"""""""@dennis_goins: @realDonaldTrump What are you waiting for? Run! The country needs you! It's now or never! We need leadership!""""""",f,f,Twitter for Android,50,33,2015-03-12 12:24:21,f
575825043420151808,"""""""@AlorAcai: #GoodAdviceIn4Words Vote @realDonaldTrump For President.""""""",f,f,Twitter for Android,39,13,2015-03-12 01:06:03,f
575342182262968320,I am happy to announce that the @PGAGrandSlam will be held at @TrumpGolfLA this year! https://t.co/CHFxHiRqii Follow @TrumpGolf for more!,f,f,Twitter Web Client,44,32,2015-03-10 17:07:20,f
575334980580208640,"""""""@daltonkats Inside Trump Tower in NYC! What a beautiful building! @realDonaldTrump""""  Thanks!""",f,f,Twitter Web Client,53,12,2015-03-10 16:38:43,f
575300101804965888,"""""""@wisdomsquote: “Sheer persistence is the difference between success and failure.” – Donald Trump""""""",f,f,Twitter for Android,125,113,2015-03-10 14:20:07,f
573617193654575104,"Despite Mexico's interest in again hosting the Miss Universe Pageant, it will be because of Rodolfo Rosas Moya that it will never happen.",f,f,Twitter Web Client,122,123,2015-03-05 22:52:50,f
573616949957124096,I hope the Mexican judge is more honest than the Mexican businessmen who used the court system to avoid paying me the money they owe me.,f,f,Twitter Web Client,762,1166,2015-03-05 22:51:52,f
570315063627808768,"Trump International Golf Links and Hotel, Ireland, is located on the Atlantic Ocean in County Clare. Spectacular! http://t.co/nT7zundGmV",f,f,Twitter Web Client,49,41,2015-02-24 20:11:21,f
569955586734989312,"""""""@JCL30 @realDonaldTrump had a run round @TurnberryBuzz Ails this morning. Going to be great when all the changes are finished."""" Thanks.""",f,f,Twitter Web Client,13,12,2015-02-23 20:22:55,f
568616061614080001,"""""""@txblondegrad: @realDonaldTrump is the only candidate for president that can beat Hillary and turn this country around."""" I agree!""",f,f,Twitter for Android,78,34,2015-02-20 03:40:08,f
568614497658798080,"""""""@tellkell: @MelRivers @Joan_Rivers @realDonaldTrump @IvankaTrump @DonaldJTrumpJr beautiful and touching tribute! Ahhh she is so missed!""""""",f,f,Twitter for Android,54,23,2015-02-20 03:33:55,f
567979987913072640,"""""""@ColinSWood: @realDonaldTrump Donald, thank you for raising millions for charity on your show!""""""",f,f,Twitter for Android,25,12,2015-02-18 09:32:36,f
567692996205113344,"""""""@cookit1960: @TODAYshow @Carson Daly's @realDonaldTrump so happy 4 Leeza. I was hoping she'd win all along.""""""",f,f,Twitter for Android,32,13,2015-02-17 14:32:12,f
567692304824430592,"""""""@GingerzGirl: @MelRivers @Joan_Rivers @realDonaldTrump @IvankaTrump @DonaldJTrumpJr I so loved the tribute. It was just beautiful.""""""",f,f,Twitter for Android,38,17,2015-02-17 14:29:27,f
567416051454205954,"""""""@Bravolebrity1 LeezaGibbons @BrandiGlanville @kevinjonas @GeraldoRivera Ratings for #CelebrityApprentice have been at an all time high! #1""""""",f,f,Twitter for Android,71,31,2015-02-16 20:11:43,f
567405797173645312,"""""""@Bravolebrity1: #CelebrityApprentice season finale tonight!! G-R-E-A-T Show! @LeezaGibbons @BrandiGlanville  @kevinjonas @GeraldoRivera""""""",f,f,Twitter for Android,37,15,2015-02-16 19:30:58,f
559915250888486912,"""""""@BuckyBirt: @13ascot81 @realDonaldTrump #CelebrityApprentice has caused me to like Brandi.""""""",f,f,Twitter for Android,88,22,2015-01-27 03:26:13,f
565132265261654016,"""""""@AshbyNeil: @realDonaldTrump for president""""""",f,f,Twitter for Android,25,9,2015-02-10 12:56:46,f
564959511778455552,"""""""@federicishane: The only reason I want some level of fame is so I can go on The Celebrity Apprentice. And so I wait. @realDonaldTrump""""""",f,f,Twitter for Android,30,10,2015-02-10 01:30:18,f
564956619830988800,"""""""@IovemyfamiIy: @KenyaMoore made @realDonaldTrump's Top 5 list of #CelebApprentice all time FAILS! 😂""""""",f,f,Twitter for Android,26,14,2015-02-10 01:18:49,f
563814901303750656,"Entrepreneurs:  Look at the solution, not the problem. Learn to focus on what will give results.",f,f,Twitter Web Client,345,312,2015-02-06 21:42:02,f
563001598977540096,"Trump Golf Links at Ferry Point in the Bronx, NY, will open soon. A Jack Nicklaus Signature Design. Beautiful.  http://t.co/XovcybFo0P",f,f,Twitter Web Client,47,27,2015-02-04 15:50:15,f
562652880629669889,Are all the illegals pouring into our country vaccinated? I don't think so. Great danger to U.S.,f,f,Twitter Web Client,328,267,2015-02-03 16:44:34,f
562456223145287681,"""""""@jazzjuicer: @realDonaldTrump @KeyWestBravo @IvankaTrump Mother's looks and dad's smarts: she'll go far.""""  True.""",f,f,Twitter for Android,54,17,2015-02-03 03:43:08,f
562441873747628032,"""""""@YMcTier: Celebrity Apprentice is So Good 2night! Everyone going in Hard to Not get Fired! @YMcTier Favorite Monday TV Show #LuvIt""""""",f,f,Twitter for Android,69,30,2015-02-03 02:46:07,f
562441599243001856,"""""""@BoaterzLetterz: @IGotAngelEyes @realDonaldTrump @ApprenticeNBC @JoanRivers There will never be anyone as #Funny I Bet""""""",f,f,Twitter for Android,58,17,2015-02-03 02:45:01,f
562438645622505474,"""""""@LindaNTyler: Seeing @Joan_Rivers is so tough, but also so very special! Glad she was on this season. #Blessings to @MelRivers""",f,f,Twitter for Android,157,46,2015-02-03 02:33:17,f
562417340319825920,"""""""@Rick74467: @realDonaldTrump Getting ready to tune in for another great episode of #CelebrityApprentice... http://t.co/M2d2UY91Io""""""",f,f,Twitter for Android,89,43,2015-02-03 01:08:37,f
562011943654154240,"""""""@OH2BINAZ: @realDonaldTrump Kenya is a dirty thief! I hope she gets FIRED.""""""",f,f,Twitter for Android,72,31,2015-02-01 22:17:43,f
561647451443318784,"""Via @eonline:""""@IvankaTrump Wears @MissUniverse 2014's $300,000 Crown, Nails Beauty Pageant Winner Look"""" http://t.co/nTDJxommxP""",f,f,Twitter Web Client,63,27,2015-01-31 22:09:21,f
561202819546742785,"Entrepreneurs: Knowledge requires patience, action requires courage. Put patience and courage together and you'll be a winner .",f,f,Twitter Web Client,313,301,2015-01-30 16:42:33,f
561117248828751874,"""""""@buffyG6820: We need a President that is for the USA, Donald Trump knows how to make an empire.  #YVNCG inc.-Buffy http://t.co/Tgf46zXlnD""""""",f,f,Twitter for Android,194,124,2015-01-30 11:02:31,f
560915552948850688,Entrepreneurs:  Being stubborn is a big part of being a winner. Don't give in and don't give up!,f,f,Twitter Web Client,414,322,2015-01-29 21:41:03,f
559895249255157762,"""""""@blazaruk: """"RT Where the hell is global warming when you need it?"""" I dearly hope you are able to take up the flag of the GOP in 2016""""""",f,f,Twitter for Android,39,33,2015-01-27 02:06:44,f
559831181819392000,Why do people give @KarlRove contributions when they know he is a loser who has no idea how to win? http://t.co/mbnmf8D8jI,f,f,Twitter Web Client,96,67,2015-01-26 21:52:09,f
559013680604790784,"""Via @DMRegister by @JenniferJJacobs: """"Trump to hand out Trump memorabilia at Iowa summit"""" http://t.co/gN47z0KfFU""",f,f,Neatly For BlackBerry 10,30,14,2015-01-24 15:43:42,f
558686632778670080,"With oil below $50, the blighted views by windfarms of historic @CulzeanCastle will be very sad. #SaveCulzean http://t.co/wQSIPBlv3o",f,f,Twitter Web Client,35,30,2015-01-23 18:04:07,f
558557042445914112,"""""""@Bunyolan: @realDonaldTrump Top5 The 63rd Miss Universe should be #USA #THAILAND #COLUMBIA #SPAIN #JAMAICA #MissUniverse""""""",f,f,Twitter for Android,226,346,2015-01-23 09:29:11,f
558438717296508930,"""""""@DShimogawa: When I grow up I want to be just like @realDonaldTrump!"""" Thanks.""",f,f,Twitter for Android,47,17,2015-01-23 01:39:00,f
558392521840427008,#TBT With the wonderful actor Jack Nicholson http://t.co/VeBBOZPVRU,f,f,Instagram,51,22,2015-01-22 22:35:26,f
557744210515066880,"""""""@DallasVercillo: Boys from the hood call me Black Donald Trump #facts"""" Great.""",f,f,Twitter for Android,2623,2374,2015-01-21 03:39:16,f
557363332412616705,"""""""@MightyWhimpFarm: @realDonaldTrump It is so unbelievably nice to see @Joan_Rivers on the @TheApprentice9! #CelebApprentice""""""",f,f,Twitter for Android,42,17,2015-01-20 02:25:48,f
557362127724617728,"""""""@Sattendoll: @realDonaldTrump - I do not understand how are they still in business.""""  H &amp, R Block is terrible!""",f,f,Twitter for Android,33,20,2015-01-20 02:21:01,f
556990531579162624,"""""""@AngieMcMonigal: A glorious winter afternoon in #Chicago @TrumpChicago @realDonaldTrump http://t.co/5Eb1bKQhPD""""""",f,f,Twitter for Android,118,40,2015-01-19 01:44:25,f
556765370263293952,"""""""@notTeridax: hey @realDonaldTrump you'd be the best president ever if you ran, right now you're hotter than ever!""",f,f,Twitter for Android,151,93,2015-01-18 10:49:43,f
555610233410551808,"""""""@Jack_P_Ivory: @realDonaldTrump for president! Only vote worth casting!""""""",f,f,Twitter for Android,37,22,2015-01-15 06:19:37,f
554722016012808194,http://t.co/COTHSIXaVJ Lights... Camera....You're Fired! All new @apprenticenbc tonight at 8PM ET on NBC!,f,f,Twitter Web Client,53,28,2015-01-12 19:30:09,f
553312128686637059,"""Via @Newsmax_Media by @melaniebatley: """"Donald Trump: France's Strict Gun Laws Enabled Attack""""http://t.co/4YkDDwRdu1""",f,f,Twitter Web Client,40,54,2015-01-08 22:07:46,f
553089364033810433,"""""""@salvatorenasca: @realDonaldTrump A real man who cares about his country only needs a few hours to sleep. #TRUMP2016 #Work&amp,Progress""""""",f,f,Twitter for Android,26,10,2015-01-08 07:22:34,f
553084871351226369,"""""""@Bennn_G: @realDonaldTrump you need to show them how it's done, run for office""""""",f,f,Twitter for Android,24,9,2015-01-08 07:04:43,f
552983818622484481,"""""""@japple8686: @My3Alexandra @realDonaldTrump cop was unarmed watch the news""""""",f,f,Twitter for Android,34,25,2015-01-08 00:23:10,f
552697725918408704,"""""""@lexdeck: I swear I'll work for @realDonaldTrump one day, watch out.""""""",f,f,Twitter for Android,28,18,2015-01-07 05:26:21,f
552697678837346304,"""""""@grammies28: @realDonaldTrump ru going to run ??????""""  Watch!""",f,f,Twitter for Android,27,23,2015-01-07 05:26:09,f
552520887216660481,Learn more about @TrumpIntRealty's @Mgriffithnyc and some of our spectacular real estate in NYC- http://t.co/BE5L0yHJ3S,f,f,Twitter Web Client,27,23,2015-01-06 17:43:39,f
552304511797440514,"""""""@cyber1980: @realDonaldTrump @todaysrealmusic @ApprenticeNBC @nbc great show better than the wwe lol""""""",f,f,Twitter for Android,12,7,2015-01-06 03:23:51,f
552293723712008194,"""""""@kjfinks2champ: I like Trump Tower #CelebApprentice @realDonaldTrump""""""",f,f,Twitter for Android,18,10,2015-01-06 02:40:59,f
552293569562955777,"""""""@shelbz555: Love @IvankaTrump's dress! #CelebApprentice #CelebrityApprentice @realDonaldTrump""""""",f,f,Twitter for Android,15,11,2015-01-06 02:40:22,f
552289710220259328,"""""""@tzn1980: @realDonaldTrump loveee @Kateplusmy8""""""",f,f,Twitter for Android,13,8,2015-01-06 02:25:02,f
552289631493189632,"""""""@AmandaJoCountry @realDonaldTrump He just knows how to ask the right questions to get the celebs to turn on each other, which I find funny""""""",f,f,Twitter for Android,21,10,2015-01-06 02:24:43,f
551967238887317504,"""""""@JordonBruno: I really love @realDonaldTrump""""""",f,f,Twitter for Android,16,10,2015-01-05 05:03:39,f
551953907703103490,"""""""@TravyJ1: I wonder how it would be growing up with @realDonaldTrump as a father""""""",f,f,Twitter for Android,38,16,2015-01-05 04:10:41,f
551948859963097090,"""""""@irwin171: #CelebApprentice just turned me into a @kevinjonas fan. Love the new season!! @realDonaldTrump""""""",f,f,Twitter for Android,48,16,2015-01-05 03:50:37,f
551944591495426049,"""""""@NicoleAMarin: Mondays are about to become my favourite night of the week! #CelebrityApprentice @realDonaldTrump @IvankaTrump""",f,f,Twitter for Android,57,16,2015-01-05 03:33:39,f
551942123223023616,"""""""@salans77: @realDonaldTrump great boardroom so far. Love the tension""""""",f,f,Twitter for Android,23,10,2015-01-05 03:23:51,f
551919422953492481,"""""""@Flowerchic462: Ok Tweeps. Who is going home first tonight?! #CelebApprentice @ApprenticeNBC @realDonaldTrump @DonaldJTrumpJr @IvankaTrump""""""",f,f,Twitter for Android,21,16,2015-01-05 01:53:39,f
551584894443610112,"""""""@rona65: @ApprenticeNBC @realDonaldTrump @nbc good luck on your umpteenth season from the show Producer of show 1""""""",f,f,Twitter for Android,12,6,2015-01-04 03:44:21,f
550547634218614784,"The Mar-a-Lago Club was amazing tonight. Everybody was there, the biggest and the hottest. Palm Beach is so lucky to have best club in world",f,f,Twitter for Android,91,42,2015-01-01 07:02:39,f
550441927964106753,"""""""@teamconquerca: First time in the""""Trump International Hotel and Tower"""" and it's absolutely gorgeous!! Thank-You sir! Excellent hospitality""",f,f,Twitter for Android,22,8,2015-01-01 00:02:37,f
808456602076545025,The final Wisconsin vote is in and guess what - we just picked up an additional 131 votes. The Dems and Green Party can now rest. Scam!,f,f,Twitter for Android,86393,23140,2016-12-12 23:40:48,f
806995622117122048,"On my way to Des Moines, Iowa- will see you soon with @mike_pence. Join us! Tickets: https://t.co/1IuRTVwMSx #ThankYouTour2016",f,f,Twitter for iPhone,17972,3227,2016-12-08 22:55:24,f
803931490514075648,"Hence, legal documents are being crafted which take me completely out of business operations. The Presidency is a far more important task!",f,f,Twitter for Android,64385,13974,2016-11-30 11:59:38,f
802972944532209664,"In addition to winning the Electoral College in a landslide, I won the popular vote if you deduct the millions of people who voted illegally",f,f,Twitter for Android,135478,42551,2016-11-27 20:30:43,f
795443728282505216,Thank you Michigan! This is a MOVEMENT that will never be seen again- it's our last chance to #DrainTheSwamp! Watch... https://t.co/cSdGkCFYRL,f,f,Twitter for iPhone,32762,12794,2016-11-07 01:52:18,f
793167761509851137,#ObamacareFail #HillarycareFail https://t.co/gaXOWVI0Xa,f,f,Twitter for iPhone,21911,13048,2016-10-31 19:08:25,f
793120426541056000,'Hillary's Two Official Favors To Morocco Resulted In $28 Million For Clinton Foundation' #DrainTheSwamphttps://t.co/6qOO7FZSvF,f,f,Twitter for iPhone,18099,11806,2016-10-31 16:00:19,f
791022438486343680,'Obama Warned Of Rigged Elections In 2008.' Time to #DrainTheSwamphttps://t.co/AkczH8l0FJ https://t.co/7mIkwAHTuV,f,f,Twitter for iPhone,20116,12671,2016-10-25 21:03:40,f
790936027871477764,#ObamacareFail https://t.co/Mb0YW1rg6g,f,f,Twitter for iPhone,18044,10133,2016-10-25 15:20:18,f
790025084870287360,"Thank you for the massive turnout tonight- Cleveland, Ohio! Get out &amp, VOTE #TrumpPence16 on 11/8.Watch rally here:... https://t.co/XuJZeJwSGk",f,f,Twitter for iPhone,29201,12003,2016-10-23 03:00:32,f
789966670630715394,"Just arrived in Cleveland, Ohio- join Governor @Mike_Pence and I now, LIVE via: https://t.co/SS58ChFTNy",f,f,Twitter for iPhone,13232,5376,2016-10-22 23:08:25,f
788930515520724992,The economy cannot take four more years of these same failed policies.#BigLeagueTruth #DrainTheSwamp https://t.co/o8g2E5xXy6,f,f,Twitter for iPhone,12741,6405,2016-10-20 02:31:07,f
788928106950070272,"I opposed going into Iraq. Hillary voted for it. As with everything else she's supported, it was a DISASTER. https://t.co/Um5WJXWfBZ",f,f,Twitter Web Client,11456,5318,2016-10-20 02:21:32,f
788926818162139136,HILLARY FAILED ALL OVER THE WORLD. #BigLeagueTruth  ❌LIBYA❌SYRIA❌IRAN❌IRAQ❌ASIA PIVOT❌RUSSIAN RESET❌BENGHAZI... https://t.co/H1UH0svtt2,f,f,Twitter for iPhone,17404,9514,2016-10-20 02:16:25,f
788926328976187392,"""Hillary says """"take back Mosul?"""" We would have NEVER lost Mosul- if it wasn't for #CrookedHillary. #DrainTheSwamp https://t.co/TmsY0ApFLQ""",f,f,Twitter for iPhone,13455,6192,2016-10-20 02:14:29,f
788921162591973376,.@realDonaldTrump will do more in the first 30 days in office than Hillary has done in the last 30 years! #Debate... https://t.co/GunaVggS0N,f,f,Twitter Web Client,6812,3091,2016-10-20 01:53:57,f
788909516775567360,Hillary Clinton wants to create the most liberal Supreme Court in history #debate #DrainTheSwamp https://t.co/fKJBNXvluh,f,f,Twitter Web Client,9906,5899,2016-10-20 01:07:40,f
788852833810427905,Obamacare premiums increasing 33% in Pennsylvania - a complete disaster. It must be repealed and replaced!... https://t.co/aDZEfcI7SM,f,f,Twitter for iPhone,16445,8490,2016-10-19 21:22:26,f
788450384809340928,"FL, KS, ME, MD, MN, NJ, OR &amp, WV! It's the LAST DAY to mail in voter reg forms. Get the forms at... https://t.co/CbpgL6wynY",f,f,Twitter for iPhone,12170,6772,2016-10-18 18:43:15,f
788402786970939392,Pay-to-play. Collusion. Cover-ups. And now bribery? So CROOKED. I will #DrainTheSwamp. https://t.co/FNzMit7mD8,f,f,Twitter for iPhone,20859,12615,2016-10-18 15:34:06,f
788402585816276992,"I will Make Our Government Honest Again -- believe me. But first, I'm going to have to #DrainTheSwamp in DC. https://t.co/m1lMAQPnIb",f,f,Twitter for iPhone,21992,11034,2016-10-18 15:33:18,f
788150475258343424,Get rich quick! Crooked Hillary Clinton's pay to play guide: https://t.co/uKh5sCFfrv,f,f,Twitter for iPhone,55366,37408,2016-10-17 22:51:31,f
787758668565581824,"Paul Ryan, a man who doesn't know how to win (including failed run four years ago), must start focusing on the budget, military, vets etc.",f,f,Twitter for Android,24187,9012,2016-10-16 20:54:37,f
786054986534969344,"Thank you Florida- a MOVEMENT that has never been seen before and will never be seen again. Lets get out &amp,... https://t.co/t9XM9wFDZI",f,f,Twitter for iPhone,40529,15744,2016-10-12 04:04:47,f
785979396620324865,"Wow, @CNN Town Hall questions were given to Crooked Hillary Clinton in advance of big debates against Bernie Sanders. Hillary &amp, CNN FRAUD!",f,f,Twitter for Android,48151,23353,2016-10-11 23:04:25,f
785854588654092290,Disloyal R's are far more difficult than Crooked Hillary. They come at you from all sides. They don’t know how to win - I will teach them!,f,f,Twitter for iPhone,47534,18967,2016-10-11 14:48:29,f
785291077649588226,"Hillary’s 33,000 deleted emails about her daughter’s wedding. That’s a lot of wedding emails. #debate",f,f,Twitter Web Client,27317,10425,2016-10-10 01:29:17,f
785274843042230280,My team of deplorables will be taking over my Twitter account for tonight's #debate#MakeAmericaGreatAgain,f,f,Twitter for iPhone,33791,10078,2016-10-10 00:24:46,f
784164902780882944,New National Rasmussen Poll: https://t.co/BnAveA5OuP,f,f,Twitter for iPhone,23034,10535,2016-10-06 22:54:16,f
783838014363623424,"Amazing rally in Reno, Nevada- thank you. Make sure you get out on 11/8 &amp, VOTE #TrumpPence16. Together, we will put... https://t.co/6gPJhb29xk",f,f,Twitter for iPhone,14878,5822,2016-10-06 01:15:20,f
781947646319665152,"Join me in Pueblo, Colorado on Monday afternoon at 3pm! #TrumpRallyhttps://t.co/3P3QZxzSPJ",f,f,Twitter for iPhone,10665,4781,2016-09-30 20:03:41,f
781922648645185536,"Why isn't Hillary 50 points ahead? Maybe it's the email scandal, policies that spread ISIS, or calling millions of... https://t.co/yKz9vCz8O1",f,f,Twitter for iPhone,44135,21239,2016-09-30 18:24:21,f
780954455504199680,My supporters are the best! $18 million from hard-working people who KNOW what we can be again! Shatter the record: https://t.co/8ZHGyOth0f,f,f,Twitter for iPhone,23541,8189,2016-09-28 02:17:06,f
780593298247483392,Hillary Clinton is the only candidate on stage who voted for the Iraq War. #Debates2016 #MAGA https://t.co/Um5WJXEEKr,f,f,Twitter Web Client,16687,7263,2016-09-27 02:21:59,f
780581933176778752,"This is the simple fact about @HillaryClinton: she is a typical politician - all talk, no action. #Debates2016",f,f,Twitter Web Client,27412,10681,2016-09-27 01:36:50,f
780030282854432768,Bernie Sanders gave Hillary the Dem nomination when he gave up on the e-mails. That issue has only gotten bigger!,f,f,Twitter for Android,21145,6648,2016-09-25 13:04:46,f
779827513375780864,"Thank you Roanoke, Virginia - this a MOVEMENT - join us today!Sign up: https://t.co/NQEgRxQN2m#AmericaFirst... https://t.co/Rz3DkpBQJu",f,f,Twitter for iPhone,16772,5111,2016-09-24 23:39:02,f
777696726933180416,"Terrible attacks in NY, NJ and MN this weekend. Thinking of victims, their families and all Americans! We need to be strong!",f,f,Twitter for iPhone,32272,9811,2016-09-19 02:32:03,f
777112789672341504,I never met former Defense Secretary Robert Gates. He knows nothing about me. But look at the results under his guidance - a total disaster!,f,f,Twitter for Android,19036,5790,2016-09-17 11:51:41,f
776842647294009344,I am truly honored and grateful for receiving SO much support from our American heroes...https://t.co/S9bvbysiOr https://t.co/JJQncd3zhf,f,f,Twitter for iPhone,21545,8256,2016-09-16 17:58:14,f
775887550506536960,Thank you @RepReneeEllmers!https://t.co/1DrZpfa6je https://t.co/rzEw8pQhds,f,f,Twitter for iPhone,8810,2981,2016-09-14 02:43:01,f
774033670239760384,More poll results from last nights Commander-in-Chief Forum. #AmericaFirst #TrumpTrain https://t.co/FxyBL6fO1h,f,f,Twitter for iPhone,20787,8301,2016-09-08 23:56:22,f
773834064465920000,COMING UP @GenFlynn @newtgingrich on @foxandfriends,f,f,Twitter for Android,8599,1856,2016-09-08 10:43:12,f
773375897554526208,"""""""@adhd_fa:Kudos to @PARISDENNARD for standing up to CNN's attempt to bully you and shout you down for defending @realDonaldTrump #media bias""",f,f,Twitter for Android,13660,4180,2016-09-07 04:22:37,f
773281879848062976,"Great meeting with military spouses in Virginia- joined by @IvankaTrump, @LaraLeaTrump, @GenFlynn &amp, @MayorRGiuliani. https://t.co/00GNH9nLet",f,f,Twitter for iPad,15704,5422,2016-09-06 22:09:01,f
772863407620034560,"Heading to Youngstown, Ohio now- some great polls. #AmericaFirst https://t.co/cGwDLSOFUt",f,f,Twitter for iPhone,21195,8301,2016-09-05 18:26:10,f
772607185851408387,"""""""@lblackvelvet: @realDonaldTrump We need to show Americans that Hillary will KILL our Country !! Vote for Trump !!""""""",f,f,Twitter for Android,15046,4578,2016-09-05 01:28:02,f
772606281576280064,"""""""@CherNuna: @realDonaldTrump It defies belief the Web of Lies Hillary is spinning! One excuse after another. Then it's this, then it's that.""",f,f,Twitter for Android,12980,3918,2016-09-05 01:24:26,f
772582467601588224,"""Lyin' Hillary Clinton told the FBI that she did not know the """"C"""" markings on documents stood for CLASSIFIED. How can this be happening?""",f,f,Twitter for Android,39619,15272,2016-09-04 23:49:48,f
770039317142069248,"I think that both candidates, Crooked Hillary and myself, should release detailed medical records. I have no problem in doing so! Hillary?",f,f,Twitter for Android,42845,16183,2016-08-28 23:24:14,f
769170204941164544,"Crooked Hillary will NEVER be able to solve the problems of poverty, education and safety within the African-American &amp, Hispanic communities",f,f,Twitter for Android,23260,7198,2016-08-26 13:50:42,f
769003323856867328,"""""""@DonaldJTrumpJr: Company Gouging Price Of EpiPens Is A Clinton Foundation Donor And Partner https://t.co/HHlNGnlGMN via dailycaller""""""",f,f,Twitter for Android,13042,7209,2016-08-26 02:47:34,f
768448216744488960,My thoughts and prayers are with the victims and families of those affected by two powerful earthquakes in Italy and Myanmar.,f,f,Twitter for iPhone,28538,7043,2016-08-24 14:01:46,f
767536943353696256,"""""""@Brainykid2010: @shl @realDonaldTrump The ad was actually very good!""""""",f,f,Twitter for Android,7925,1859,2016-08-22 01:40:42,f
764553088204214272,"""""""@need2knowu:  @willspeakout yes you are my hero I admire you for laying down your glorious luxurious life to get beat up for America!!!""""""",f,f,Twitter for Android,14588,4062,2016-08-13 20:03:55,f
764531827168186369,I am truly enjoying myself while running for president. The people of our country are amazing - great numbers on November 8th!,f,f,Twitter for Android,36409,9522,2016-08-13 18:39:26,f
764186768522420224,"Thank you Erie, Pennsylvania! Together we will #MakeAmericaGreatAgain! https://t.co/5hZp7PnRoT",f,f,Twitter for iPhone,19184,6235,2016-08-12 19:48:18,f
764045345332396032,"""Ratings challenged @CNN reports so seriously that I call President Obama (and Clinton) """"the founder"""" of ISIS, &amp, MVP. THEY DON'T GET SARCASM?""",f,f,Twitter for Android,20031,6391,2016-08-12 10:26:20,f
763860288533856256,I am counting on your help to defeat Hillary Clinton and her cronies. Let's Make America Great Again! https://t.co/fSKOf0Jz9K,f,f,Twitter Ads,12207,4050,2016-08-11 22:10:59,f
763516489865523200,#MakeAmericaGreatAgain! https://t.co/8rWz6p1Ged,f,f,Twitter for iPhone,18013,7133,2016-08-10 23:24:51,f
762774321580367872,Thank you @NFIB- together we will #MakeAmericaGreatAgain!  https://t.co/wQQIHQKsdK,f,f,Twitter for iPhone,10778,3621,2016-08-08 22:15:44,f
761622293252485120,I'm with YOU. I will work hard and never let you down. Make America Great Again! https://t.co/k1ZvNC3YAC,f,f,Twitter Ads,2805,1103,2016-08-05 17:57:59,f
760229355784138752,Crooked Hillary Clinton is 100% owned by her donors. #ImWithYou #MAGA https://t.co/iYM3CCWS2z,f,f,Twitter for iPhone,29632,13205,2016-08-01 21:42:57,f
759743648573435905,"I was viciously attacked by Mr. Khan at the Democratic Convention. Am I not allowed to respond? Hillary voted for the Iraq war, not me!",f,f,Twitter for Android,46106,14961,2016-07-31 13:32:55,f
759064533814038528,Thank you! Facebook: https://t.co/nmlRJqzA7SInstagram: https://t.co/5gDeluaBXG https://t.co/Pw7GS8R9Gg,f,f,Twitter for iPhone,18293,5160,2016-07-29 16:34:22,f
758771144140820481,Great to be back in Iowa! #TBT with @JerryJrFalwell joining me in Davenport- this past winter. #MAGA https://t.co/A5IF0QHnic,f,f,Twitter for iPhone,13996,3473,2016-07-28 21:08:32,f
758761945910669312,"A vote for Clinton-Kaine is a vote for TPP, NAFTA, high taxes, radical regulation, and massive influx of refugees.",f,f,Twitter for iPhone,31421,13240,2016-07-28 20:31:59,f
758020997383684096,The invention of email has proven to be a very bad thing for Crooked Hillary in that it has proven her to be both incompetent and a liar!,f,f,Twitter for iPhone,30396,9750,2016-07-26 19:27:43,f
757311921095925760,"I always said that Debbie Wasserman Schultz was overrated. The Dems Convention is cracking up and Bernie is exhausted, no energy left!",f,f,Twitter for Android,19889,5783,2016-07-24 20:30:06,f
757191160481873920,An analysis showed that Bernie Sanders would have won the Democratic nomination if it were not for the Super Delegates.,f,f,Twitter for Android,23102,8497,2016-07-24 12:30:15,f
756952917152784384,Just saw Crooked Hillary and Tim Kaine together. ISIS and our other enemies are drooling. They don't look presidential to me!,f,f,Twitter for Android,25581,7433,2016-07-23 20:43:33,f
754747849737461760,"""""""@60Minutes: DonaldTrump and his running mate @Mike_Pence to appear on #60Minutes in first joint interview. CBS https://t.co/lZH7qw9qmu""""""",f,f,Twitter for Android,10166,3304,2016-07-17 18:41:24,f
754645662357159936,"As the days and weeks go by,  we see what a total mess our country (and world) is in - Crooked Hillary Clinton led Obama into bad decisions!",f,f,Twitter for Android,15700,4644,2016-07-17 11:55:21,f
753965070003109888,I am pleased to announce that I have chosen Governor Mike Pence as my Vice Presidential running mate. News conference tomorrow at 11:00 A.M.,f,f,Twitter for Android,79700,31360,2016-07-15 14:50:55,f
753349911983235072,Is President Obama trying to destroy Israel with all his bad moves? Think about it and let me know!,f,f,Twitter for iPhone,11851,3474,2016-07-13 22:06:30,f
752207752852832256,President Obama thinks the nation is not as divided as people think. He is living in a world of the make believe!,f,f,Twitter for Android,27826,9164,2016-07-10 18:27:58,f
748851849185243136,Take a look at what happened w/ Bill Clinton. The system is totally rigged. Does anybody really believe that meeting was just a coincidence?,f,f,Twitter for iPhone,21916,8484,2016-07-01 12:12:48,f
745733029289615361,#Imwithyou https://t.co/tan8BmAuR8 https://t.co/5EZ7X1ZZKh,f,f,Twitter Web Client,11834,5047,2016-06-22 21:39:43,f
745693121095303168,#Imwithyou https://t.co/iY4K7Wcw3C,f,f,Twitter for iPhone,21811,9780,2016-06-22 19:01:09,f
745294739092684800,"Hillary Clinton surged the trade deficit with China 40% asSecretary of State, costing Americans millions of jobs.",f,f,Twitter Web Client,14259,5552,2016-06-21 16:38:07,f
744519497764184064,"""""""@bfraser747: Watch out HillaryClinton 👿 Support @realDonaldTrump 🇺🇸 🇺🇸 #MakeAmericaGreatAgain 🇺🇸 https://t.co/UTYOLo7wGF""""""",f,f,Twitter for Android,23564,8494,2016-06-19 13:17:35,f
742437914731286530,"TERRORISM, IMMIGRATION, AND NATIONAL SECURITY SPEECH- TRANSCRIPT: https://t.co/WD1LGFKx3M https://t.co/T7yHSdCeU8",f,f,Twitter for iPhone,13603,6057,2016-06-13 19:26:07,f
740972317191352320,Obama just endorsed Crooked Hillary. He wants four more years of Obama—but nobody else does!,f,f,Twitter Web Client,68699,28294,2016-06-09 18:22:21,f
740879092141182976,"As expected, the media is very much against me. Their dishonesty is amazing but, just like our big wins in the primaries, we will win!",f,f,Twitter for Android,26851,7569,2016-06-09 12:11:55,f
740707234968113152,"""""""@setfire2flames: Senator Sanders spent more than @realDonaldTrump yet lost.""""""",f,f,Twitter for Android,5898,1570,2016-06-09 00:49:01,f
740330660372619265,I will be interviewed tonight on @seanhannity - Enjoy!  10:00 P.M.,f,f,Twitter for Android,7377,2067,2016-06-07 23:52:38,f
738495995583987712,"""""""@Valenti317: @realDonaldTrump she's a criminal and you're the only person that can stop her.""""""",f,f,Twitter for Android,6862,2004,2016-06-02 22:22:20,f
738495114532638720,"""""""@free_SA_BD: @realDonaldTrump A vote for Trump is a vote to restore our great country.""""""",f,f,Twitter for Android,7236,2236,2016-06-02 22:18:50,f
738407796606013444,"Wow, USA Today did todays cover story on my record in lawsuits. Verdict: 450 wins, 38 losses. Isn't that what you want for your president?",f,f,Twitter for Android,13408,4245,2016-06-02 16:31:52,f
738132164399636480,Crooked Hillary Clinton is a fraud who has put the public and country at risk by her illegal and very stupid use of e-mails. Many missing!,f,f,Twitter for Android,21976,7715,2016-06-01 22:16:36,f
736410143378792448,Obama administration fails to screen Syrian refugees' social media accounts:https://t.co/MMa07nwa44,f,f,Twitter for iPhone,8355,4015,2016-05-28 04:13:54,f
735345985455554560,"""""""@buiIdthewall: @realDonaldTrump high energy!""""""",f,f,Twitter for Android,6398,1564,2016-05-25 05:45:19,f
735345023563247617,"""""""@tcloer11: @realDonaldTrump Great job! Make America Great Again!""""""",f,f,Twitter for Android,4923,1142,2016-05-25 05:41:30,f
734482099793711104,Bernie Sanders is continuing his quest because he believes that Crooked Hillary Clinton will be forced out of the race - e-mail scandal!,f,f,Twitter for Android,16986,4808,2016-05-22 20:32:33,f
733113480207798272,"""Some low-life journalist claims that I """"made a pass"""" at her 29 years ago. Never happened! Like the @nytimes story which has become a joke!""",f,f,Twitter for Android,12926,3693,2016-05-19 01:54:08,f
733073344661061632,#MakeAmericaGreatAgain #Trump2016https://t.co/kXhc2j94YF https://t.co/YZAdAndKXv,f,f,Twitter for iPhone,10187,3889,2016-05-18 23:14:39,f
732773906889736192,"Congratulations to THE MOVEMENT, we have just won THE GREAT STATE OF OREGON. The vote percentage is even higher than anticipated! Thank you.",f,f,Twitter for Android,17977,5145,2016-05-18 03:24:48,f
732200012457906176,"""A political commentator for @cnn, which I no longer watch, said """"Trump showed some weakness in the Repub Primaries."""" I set all-time record!""",f,f,Twitter for Android,10500,3263,2016-05-16 13:24:21,f
731288678451019776,"If Crooked Hillary Clinton can't close the deal on Crazy Bernie, how is she going to take on China, Russia, ISIS and all of the others?",f,f,Twitter for Android,26596,9204,2016-05-14 01:03:02,f
730089913778065408,Hillary has bad judgment! https://t.co/LhcIU6kmxs,f,f,Twitter Web Client,9422,3773,2016-05-10 17:39:34,f
729404337164783617,"Crooked Hillary just can't close the deal with Bernie. It will be the same way with ISIS, and China on trade, and Mexico at the border. Bad!",f,f,Twitter for iPhone,20582,7122,2016-05-08 20:15:20,f
728305900415533056,"Bernie Sanders has been treated terribly by the Democrats—both with delegates &amp, otherwise. He should show them, &amp, run as an Independent.",f,f,Twitter Web Client,27995,9548,2016-05-05 19:30:32,f
727095549703364608,"Gov Mike Pence has just stated that Donald Trump has taken a strong stance on Hoosier jobs, and he thanks me! I will bring back jobs to USA.",f,f,Twitter for Android,12676,4004,2016-05-02 11:21:02,f
724772013219405824,Get out and VOTE tomorrow! We will MAKE AMERICA GREAT AGAIN! #CTPrimary #DEPrimary #MDPrimary #PAPrimary #RIPrimaryhttps://t.co/ndi8sZI1Gt,f,f,Twitter for iPhone,8975,3841,2016-04-26 01:28:08,f
722635529708285952,MAKE AMERICA GREAT AGAIN! https://t.co/tK6mKZpFBl,f,f,Twitter Web Client,8910,3086,2016-04-20 03:58:30,f
722471042367778816,"#ICYMI: #Trump2016 closing speech inBuffalo, New York!#VoteTrumpNY https://t.co/tS6mWn2oth",f,f,Twitter Web Client,6510,2299,2016-04-19 17:04:54,f
718999512283484160,"""""""@becker_berta: @vivhall3 @Reince Millions more will burn their Republican registration if GOP continues to subvert the will of the people.""""""",f,f,Twitter for Android,10427,4097,2016-04-10 03:10:16,f
718998304810512385,"""""""@metalmom888:  @Theresa_Cali If the GOP screws Trump, his millions will walk from the GOP never to return! They better think long and hard""""""",f,f,Twitter for Android,9891,3572,2016-04-10 03:05:28,f
718516815782088704,Jennifer is a terrific person. https://t.co/EHL702civ5,f,f,Twitter Web Client,7241,2721,2016-04-08 19:12:12,f
717189147497091072,"""""""@FoxNews: @ScottBaio: """"#DonaldTrump is the only guy, I think, that has the will &amp, the nerve to attack &amp, to fight."""" https://t.co/DjkdAzT3WV""",f,f,Twitter for Android,15120,5751,2016-04-05 03:16:32,f
716688097237458945,Thank you Miss Katie's Diner!#MakeAmericaGreatAgain #Trump2016https://t.co/oYpUYJmpKI https://t.co/uTSIiVqPkT,f,f,Twitter for iPhone,9697,3305,2016-04-03 18:05:32,f
716622947901915136,Thank you! #Trump2016 #WIPrimary https://t.co/alx0AY6E8J,f,f,Twitter for iPhone,12576,4662,2016-04-03 13:46:39,f
715223526635094016,"Please keep your thoughts &amp, prayers with Melissa Young- Miss Wisconsin 2005. https://t.co/D8RBfufIwH",f,f,Twitter for iPhone,15084,6187,2016-03-30 17:05:51,f
714807977052610569,"Wow, @CNN has nothing but my opponents on their shows. Really one-sided and unfair reporting. Maybe I shouldn't do their town-hall tonight!",f,f,Twitter for Android,16145,4573,2016-03-29 13:34:36,f
713747213801938946,"The media is so after me on women  Wow, this is a tough business. Nobody has more respect for women than Donald Trump!",f,f,Twitter for Android,25636,10223,2016-03-26 15:19:31,f
713676890750509056,"""""""@Tytan01: Dear @CNN, after doing a quick Google &amp, Twitter search there are over 15,000 women's groups supporting DonaldTrump. Stop Lying.""""""",f,f,Twitter for Android,15213,6272,2016-03-26 10:40:04,f
713131098969083904,"I didn't start the fight with Lyin'Ted Cruz over the GQ cover pic of Melania, he did. He knew the PAC was putting it out - hence, Lyin' Ted!",f,f,Twitter for Android,22473,7651,2016-03-24 22:31:17,f
712972000927551488,"We pay a disproportionate share of the cost of N.A.T.O. Why? It is time to renegotiate, and the time is now!",f,f,Twitter for Android,11512,4283,2016-03-24 11:59:06,f
712291134991691777,"President Obama looks and sounds so ridiculous making his speech in Cuba, especially in the shadows of Brussels. He is being treated badly!",f,f,Twitter for Android,17077,4838,2016-03-22 14:53:34,f
711164424971661312,"""""""@TeamTrumpAZ: Check out """"HANNITY EXCLUSIVE EVENT WITH TRUMP IN PHOENIX, AZ"""" https://t.co/fj2j9Lf2vH @Eventbrite""""""",f,f,Twitter for Android,6453,2154,2016-03-19 12:16:26,f
711087670412185601,"""""""@grammy620: 1st time I heard #Trump I said """"wow"""". I liked him! I then became a closet #Trump fan. Today? He's the ONLY 1 I will vote for!""",f,f,Twitter for Android,7317,2045,2016-03-19 07:11:26,f
710138547827769344,Is this what we want for a President? https://t.co/2yYy6Nyta9,f,f,Twitter Web Client,12899,6126,2016-03-16 16:19:58,f
709775232152817664,"""I will bring our jobs back to the U.S., and keep our companies from leaving. Nobody else can do it. Our economy will """"sing"""" again.""",f,f,Twitter for Android,14474,5116,2016-03-15 16:16:16,f
709422865360297984,Leaving the great people of North Carolina. Amazing event. Heading to Tampa now! #VoteTrump,f,f,Twitter for iPhone,10021,2692,2016-03-14 16:56:06,f
708714838520762369,"Thank you Dayton, Ohio! 20,000 supporters- largest in airport history! #MakeAmericaGreatAgain #Trump2016 https://t.co/ry2p5qGcFt",f,f,Twitter for iPhone,15152,5259,2016-03-12 18:02:39,f
696447301783592961,"Thank you- Plymouth, New Hampshire! #FITN #NHPrimary https://t.co/1hzn6iZIEw",f,f,Twitter for iPhone,5023,1557,2016-02-07 21:35:50,f
706467532291624960,I will be interviewed on @FaceTheNation this morning. Enjoy!  @jdickerson,f,f,Twitter for Android,5376,1214,2016-03-06 13:12:39,f
706105503202410496,"Great time last night in Louisiana. Big and energetic crowd. Go out and vote now, polls open. MAKE AMERICA GREAT AGAIN!",f,f,Twitter for Android,7904,2303,2016-03-05 13:14:05,f
705230846249324544,"Millions of dollars being spent on false TV ads by special interest groups who own Rubio &amp, Cruz.When you see them think of your puppet POLS",f,f,Twitter for Android,10946,3856,2016-03-03 03:18:30,f
705213112463577088,#MakeAmericaGreatAgain #Trump2016Video: https://t.co/IbcE5tsRf7 https://t.co/bHqg1rkFy3,f,f,Twitter for iPhone,5396,2187,2016-03-03 02:08:02,f
704751567094812672,"Thank you Columbus, Ohio! https://t.co/D0tok8j6jj",f,f,Twitter for iPhone,9784,2966,2016-03-01 19:34:01,f
704438057202819072,Trump University has a 98% approval rating. I could have settled but won't out of principle!,f,f,Twitter for iPhone,9693,5387,2016-02-29 22:48:15,f
704379918222696449,My wife @MELANIATRUMP will be joining @andersoncooper @AC360 tonight at 8pmE on @CNN. Enjoy! https://t.co/aTIXHgK32N,f,f,Twitter for iPhone,8515,2608,2016-02-29 18:57:13,f
703923471391264768,I am the only Republican who will get large numbers of Dems and Indies (crossover). I will also get states that no other Republican can get.,f,f,Twitter for Android,10857,3644,2016-02-28 12:43:28,f
703195301780172800,"""""""@MJP1370: @realDonaldTrump Cruz talks about Hillary all the time because he knows he can't beat you ! Trump will win Texas !""""""",f,f,Twitter for Android,4928,1276,2016-02-26 12:29:59,f
700787183872057344,"I have built so many great &amp, complicated projects– creating tens of thousands of jobs-video: https://t.co/9cqt78cGiT https://t.co/4Q7oJHKoqV",f,f,Twitter for iPhone,5608,2130,2016-02-19 21:00:59,f
700280013107523584,I love being in South Carolina. We are leading big in all of the State polls - Saturday is a BIG day. MAKE AMERICA GREAT AGAIN!,f,f,Twitter for Android,6227,2630,2016-02-18 11:25:40,f
698742963447451648,How can @JebBush beat Hillary Clinton- if he can't beat anyone else on the #GOPDebate stage with $150M? I am the only one who can!,f,f,Twitter for iPhone,7722,2560,2016-02-14 05:37:59,f
698565437844488192,"""""""@wino911:  #Trump2016 We know better than to trust the RNC https://t.co/EMcgtK25fE""""   So cute!""",f,f,Twitter for Android,7474,2960,2016-02-13 17:52:33,f
698557567254056960,"""""""Get on Trump's List"""" email from the RNC was not authorized. I am self funding my campaign! Do not pay. Email: https://t.co/6hKW7Ssxz4""",f,f,Twitter for iPhone,4200,2301,2016-02-13 17:21:17,f
698303565232623616,"I will end illegal immigration and protect our borders! We need to MAKE AMERICA SAFE &amp, GREAT AGAIN! #Trump2016https://t.co/wd3LlMz01I",f,f,Twitter Web Client,10409,5100,2016-02-13 00:31:58,f
696328503428575232,I am on @foxandfriends now! Tune in!,f,f,Twitter for iPhone,3285,603,2016-02-07 13:43:47,f
695747401546477568,"""""""@DharmaBum77: Donald Trump loves America! He loves Americans! He loves our Vets! #TrumpSupporters @realDonaldTrump https://t.co/NgcoHRLj2M""",f,f,Twitter for Android,6419,2289,2016-02-05 23:14:41,f
693801552855740416,"Wow, just saw an ad - Cruz is lying on so many levels. There is nobody more against ObamaCare than me, will repeal &amp, replace. He lies!",f,f,Twitter for Android,6816,2455,2016-01-31 14:22:35,f
693782388564865024,"Ted Cruz is totally unelectable, if he even gets to run (born in Canada). Will loose big to Hillary. Polls show I beat Hillary easily! WIN!",f,f,Twitter for Android,6979,2595,2016-01-31 13:06:25,f
692673284563935232,"""""""@HaloOneForTrump: @foxnews takes #YUGE hit on advertising revenues by screwing with @realDonaldTrump ROFL! https://t.co/ndyHNiUdks""""""",f,f,Twitter for Android,2016,642,2016-01-28 11:39:14,f
692467143896604677,I will be interviewed on @oreillyfactor tonight at 8:00 P.M. (Eastern). Enjoy!,f,f,Twitter for Android,5903,1624,2016-01-27 22:00:07,f
692430362966921217,"Even though I beat him in the first six debates, especially the last one, Ted Cruz wants to debate me again. Can we do it in Canada?",f,f,Twitter for Android,16566,5831,2016-01-27 19:33:57,f
691041847905390592,"Just left a great event in Pella. Going to church tomorrow in Muscatine, Iowa.",f,f,Twitter for iPhone,4126,1098,2016-01-23 23:36:30,f
690890625722396672,"""""""@noamscheiber: Dow down almost 2000 pts since start of year, but still outperforming Wall Street's investment in Jeb. JEB wants Common Core""",f,f,Twitter for Android,2533,842,2016-01-23 13:35:35,f
690529690205818880,"""#TedCruz eligibility to be President not settled law, says Cruz' Constitutional Law Professor, #LaurenceTribe https://t.co/GWKoJsBINZ""""""",f,f,Twitter for Android,1664,590,2016-01-22 13:41:22,f
689463443791880192,On my way to Iowa- just received new national poll numbers. Thank you!#MakeAmericaGreatAgain #Trump2016 https://t.co/sQ9UEVW4Vp,f,f,Twitter for iPhone,4730,1676,2016-01-19 15:04:29,f
689265377872867329,I don't think Ted Cruz can even run for President until he can assure Republican voters that being born in Canada is not a problem. Doubt!,f,f,Twitter for Android,4842,1629,2016-01-19 01:57:26,f
687726670862794752,"""""""@wpjenna: Thousands packed into the Pensacola Bay Center to see Donald Trump tonight... https://t.co/K5lIT2p7fL""""  A fantastic evening!""",f,f,Twitter for Android,5687,1530,2016-01-14 20:03:10,f
687353545063030784,"THANK YOU, IOWA! Highly respected @OANN @GravisMarketing poll just released. #VoteTrump #IowaCaucus https://t.co/Ecs9XYXaXL",f,f,Twitter for iPhone,6411,2640,2016-01-13 19:20:30,f
687108096926330880,"The #SOTU speech is really boring, slow, lethargic - very hard to watch!",f,f,Twitter for iPhone,14951,6530,2016-01-13 03:05:10,f
685584095120887809,"Love seeing union &amp, non-union members alike are defecting to Trump. I will create jobs like no one else. Their #Dem leaders can’t compete!",f,f,Twitter for iPhone,5750,2075,2016-01-08 22:09:20,f
685490467329425408,"Hank Greenberg, formerly of AIG, gave $10 million to the @JebBush campaign 3 months ago. He is not happy, a total waste of money!",f,f,Twitter for Android,4318,1577,2016-01-08 15:57:17,f
685302314740113408,"""""""@LiberatedCit: @JebBush Key State Florida Poll: Trump 32% Beats #Rubio-#Bush Combined https://t.co/MKHc5nB27i https://t.co/ubJvEeCsom""""""",f,f,Twitter for Android,3179,1338,2016-01-08 03:29:38,f
685060524548222976,It was a very wise move that Ted Cruz renounced his Canadian citizenship 18 months ago. Senator John McCain is certainly no friend of Ted!,f,f,Twitter for Android,3644,1251,2016-01-07 11:28:51,f
684584079983915008,"""""""@ArkaysDesign: @slone @realDonaldTrump Have to get people of all ages out to vote for Donald Trump!""""""",f,f,Twitter for Android,2953,972,2016-01-06 03:55:38,f
684417452906774529,"Wow @UnionLeader circulation in NH has dropped from 75,000 to around 10—bad management. No wonder they begged me for ads.",f,f,Twitter Web Client,2845,944,2016-01-05 16:53:31,f
683712803392323584,""".@chucktodd said today on @meetthepress that """"attacking Bill to get to Hillary has never worked before."""" Wrong - attacked him in '08 &amp, won!""",f,f,Twitter for Android,3045,1060,2016-01-03 18:13:29,f
683418056417251328,"Heading to Biloxi, Mississippi. Massive crowds expected. Thank you for your support! #VoteTrump2016 https://t.co/1VMngEMLzT",f,f,Twitter for iPhone,4726,1268,2016-01-02 22:42:16,f
683394224184758272,"Remember, I am self-funding my campaign, the only one in either party. I'm not controlled by lobbyists or special interests-only the U.S.A.!",f,f,Twitter for Android,12917,4779,2016-01-02 21:07:34,f
947328044821336070,“Trump Rally: Stocks put 2017 in the record books” https://t.co/0foQGaFjMh,f,f,Twitter for iPhone,55336,10928,2017-12-31 04:46:21,f
946519720450252800,"Together, we are MAKING AMERICA GREAT AGAIN! https://t.co/OeyTdFyl1Q https://t.co/wdLQkfdy4m",f,f,Twitter for iPhone,58339,12232,2017-12-28 23:14:21,f
945437479863291904,"I hope everyone is having a great Christmas, then tomorrow it’s back to work in order to Make America Great Again (which is happening faster than anyone anticipated)!",f,f,Twitter for iPhone,170034,26868,2017-12-25 23:33:55,f
942904686125965312,"With the strategy that I announced today, we are declaring that AMERICA is in the game and AMERICA is DETERMINED to WIN!OUR FOUR PILLARS OF NATIONAL SECURITY STRATEGY: https://t.co/B3POaMVID8",f,f,Twitter Media Studio,51506,12330,2017-12-18 23:49:30,f
939485131693322240,"CNN’S slogan is CNN, THE MOST TRUSTED NAME IN NEWS. Everyone knows this is not true, that this could, in fact, be a fraud on the American Public. There are many outlets that are far more trusted than Fake News CNN. Their slogan should be CNN, THE LEAST TRUSTED NAME IN NEWS!",f,f,Twitter for iPhone,122747,28408,2017-12-09 13:21:24,f
939477807813595136,"A big contingent of very enthusiastic Roy Moore fans at the rally last night. We can’t have a Pelosi/Schumer Liberal Democrat, Jones, in that important Alabama Senate seat. Need your vote to Make America Great Again! Jones will always vote against what we must do for our Country.",f,f,Twitter for iPhone,50052,10607,2017-12-09 12:52:18,f
939152197090148352,"Fines and penalties against Wells Fargo Bank for their bad acts against their customers and others will not be dropped, as has incorrectly been reported, but will be pursued and, if anything, substantially increased. I will cut Regs but make penalties severe when caught cheating!",f,f,Twitter for iPhone,82360,17544,2017-12-08 15:18:27,f
937653535486959616,"With the great vote on Cutting Taxes, this could be a big day for the Stock Market - and YOU!",f,f,Twitter for iPhone,76381,12858,2017-12-04 12:03:18,f
937297341266190336,Such a total miscarriage of Justice in San Francisco! https://t.co/MSIkBCKF3t,f,f,Twitter for iPhone,57902,14536,2017-12-03 12:27:54,f
935833914761007114,".@foxandfriends, we are in record territory in all things having to do with our economy! https://t.co/VB0Ao3s18d",f,f,Twitter for iPhone,31460,6271,2017-11-29 11:32:46,f
935712632409030656,Great work Ivanka! https://t.co/AQL4JLvnDh,f,f,Twitter for iPhone,37324,5911,2017-11-29 03:30:50,f
934189999045693441,"Time Magazine called to say that I was PROBABLY going to be named “Man (Person) of the Year,” like last year, but I would have to agree to an interview and a major photo shoot. I said probably is no good and took a pass. Thanks anyway!",f,f,Twitter for iPhone,139152,33870,2017-11-24 22:40:26,f
933692459351265280,"Will be doing a live Thanksgiving Video Teleconference with Members of the Military at 9:00 A.M.  Afghanistan, Iraq, USS Monterey, Turkey &amp, Bahrain. Then going to Coast Guard Quarters, Florida.",f,f,Twitter for iPhone,44091,6604,2017-11-23 13:43:24,f
932397369655808001,Big-game trophy decision will be announced next week but will be very hard pressed to change my mind that this horror show in any way helps conservation of Elephants or any other animal.,f,f,Twitter for iPhone,55260,10357,2017-11-19 23:57:10,f
929503641014112256,"When will all the haters and fools out there realize that having a good relationship with Russia is a good thing, not a bad thing. There always playing politics - bad for our country. I want to solve North Korea, Syria, Ukraine, terrorism, and Russia can greatly help!",f,f,Twitter Web Client,131816,30650,2017-11-12 00:18:32,f
927007332743172098,"Just gave a speech to the great men and women at Yokota Air Base in Tokyo, Japan. Leaving to see Prime Minister Abe. https://t.co/6LRAgojvDB",f,f,Twitter for iPhone,73099,13372,2017-11-05 02:59:05,f
926707692395102219,Thank you to our GREAT Military/Veterans and @PacificCommand.Remember #PearlHarbor. Remember the @USSArizona!A day I’ll never forget. https://t.co/CMkB0kTkSc,f,f,Twitter for iPhone,66647,15691,2017-11-04 07:08:25,f
925716689064427520,#NYCStrong #USA🇺🇸 https://t.co/6K3Xw5P87d,f,f,Twitter for iPad,33663,6849,2017-11-01 13:30:32,f
925490503218589696,"We must not allow ISIS to return, or enter, our country after defeating them in the Middle East and elsewhere. Enough!",f,f,Twitter for iPhone,119650,27947,2017-10-31 22:31:45,f
924056425298571265,Happy Birthday @TheLeeGreenwood!#FlashbackFriday https://t.co/MCrMK6Eurm,f,f,Twitter for iPad,36013,8074,2017-10-27 23:33:14,f
922833943749103621,Stock Market just hit another record high! Jobs looking very good.,f,f,Twitter for iPhone,84377,15133,2017-10-24 14:35:32,f
921889525881819136,"...9 months than this Administration. Over 50 Legislation approvals, massive regulation cuts, energy freedom, pipelines, border security....",f,f,Twitter for iPhone,65785,12598,2017-10-22 00:02:45,f
921448521617821701,"Today, it was an honor to have @UNSecretary-General @AntonioGuterres at the @WhiteHouse. Speaking for the U.S.A., we appreciate all you do! https://t.co/Sk0Jcazzxw",f,f,Twitter for iPhone,31184,5632,2017-10-20 18:50:21,f
921207772233990144,"The Fake News is going crazy with wacky Congresswoman Wilson(D), who was SECRETLY on a very personal call, and gave a total lie on content!",f,f,Twitter for iPhone,76124,16271,2017-10-20 02:53:42,f
920363714062274560,It was my great honor to welcome Prime Minister Alexis Tsipras of Greece to the WH today! 🎥https://t.co/Bn1vM6fYW9 📸https://t.co/j0roMFT3YL https://t.co/MPe5HWFcZ1,f,f,Twitter Media Studio,31764,5250,2017-10-17 18:59:43,f
918894502185787392,"""""""Consumer confidence soars to highest level since 2004""""📈https://t.co/RvxCPAFI2A https://t.co/U8MS9K45fX""",f,f,Twitter for iPhone,40510,8863,2017-10-13 17:41:36,f
916638685914951680,"I called Chuck Schumer yesterday to see if the Dems want to do a great HealthCare Bill. ObamaCare is badly broken, big premiums. Who knows!",f,f,Twitter for iPhone,58585,10159,2017-10-07 12:17:47,f
915604746936967168,I will be landing in Las Vegas shortly to pay my respects with @FLOTUS Melania. Everyone remains in our thoughts and prayers.,f,f,Twitter for iPhone,77296,10591,2017-10-04 15:49:17,f
914810093874671617,My warmest condolences and sympathies to the victims and families of the terrible Las Vegas shooting. God bless you!,f,f,Twitter for iPhone,271876,59767,2017-10-02 11:11:37,f
914310901855129601,"19,000 RESPECTING our National Anthem! #StandForOurAnthem🇺🇸 https://t.co/czutyGaMQV",f,f,Twitter for iPhone,98636,25305,2017-10-01 02:08:00,f
913554705816711168,"""Puerto Rico is devastated. Phone system, electric grid many roads, gone. FEMA and First Responders are amazing. Governor said """"great job!""""""",f,f,Twitter for iPhone,55157,10718,2017-09-29 00:03:09,f
911546774267006976,I know Rand Paul and I think he may find a way to get there for the good of the Party!,f,f,Twitter for iPhone,49134,8197,2017-09-23 11:04:21,f
911543222731706368,"Arizona had a 116% increase in ObamaCare premiums last year, with deductibles very high. Chuck Schumer sold John McCain a bill of goods. Sad",f,f,Twitter for iPhone,55490,12893,2017-09-23 10:50:14,f
910898047931912192,It was a great privilege to meet with President Moon of South Korea.Stay tuned! 🇺🇸🇰🇷#UNGA https://t.co/7xYDO5ddUm,f,f,Twitter Media Studio,37765,7115,2017-09-21 16:06:32,f
910551350408241152,"Honored to meet w/ Pres Abbas from the Palestinian Authority &amp, his delegation, who have been working hard w/everybody involved toward peace. https://t.co/4E8awDkX93",f,f,Twitter Media Studio,29480,5514,2017-09-20 17:08:53,f
909185223887347712,"A great deal of good things happening for our country. Jobs and Stock Market at all time highs, and I believe will be getting even better!",f,f,Twitter for iPhone,70558,12886,2017-09-16 22:40:23,f
905381817695526912,Will be going to North Dakota today to discuss tax reform and tax cuts. We are the highest taxed nation in the world - that will change.,f,f,Twitter for iPhone,75947,13934,2017-09-06 10:47:01,f
902889225061896196,Will be leaving for Missouri soon for a speech on tax cuts and tax reform - so badly needed!,f,f,Twitter for iPhone,70257,11146,2017-08-30 13:42:20,f
901814456505831424,Going to a Cabinet Meeting (tele-conference) at 11:00 A.M. on #Harvey. Even experts have said they've never seen one like this!,f,f,Twitter for iPhone,45988,8695,2017-08-27 14:31:35,f
901795255086968833,"I will also be going to a wonderful state, Missouri, that I won by a lot in '16. Dem C.M. is opposed to big tax cuts. Republican will win S!",f,f,Twitter for iPhone,57491,9816,2017-08-27 13:15:18,f
901205593054162945,Storm turned Hurricane is getting much bigger and more powerful than projected. Federal Government is on site and ready to respond. Be safe!,f,f,Twitter for iPhone,87772,16649,2017-08-25 22:12:11,f
900875799292776448,A GREAT HONOR to spend time with our BRAVE HEROES at the @USMC Air Station Yuma. THANK YOU for your service to the United States of America! https://t.co/4lJ94nxODu,f,f,Twitter Media Studio,51728,9877,2017-08-25 00:21:42,f
899466340238491648,"Thoughts &amp, prayers are w/ our @USNavy sailors aboard the #USSJohnSMcCain where search &amp, rescue efforts are underway. https://t.co/DQU0zTRXNU",f,f,Twitter for iPhone,73496,16865,2017-08-21 03:01:01,f
897784898865553409,Kim Jong Un of North Korea made a very wise and well reasoned decision. The alternative would have been both catastrophic and unacceptable!,f,f,Twitter for iPhone,99079,21411,2017-08-16 11:39:34,f
896467135391596544,What is vital now is a swift restoration of law and order and the protection of innocent lives.#Charlottesville https://t.co/DB22fgnu6L,f,f,Twitter for iPhone,58500,13917,2017-08-12 20:23:15,f
896452967741747200,"Join me live from Bedminster, New Jersey: https://t.co/P3cRVvE0cY",f,f,Twitter for iPhone,27211,4125,2017-08-12 19:26:57,f
893957896190533632,"""""""Under Trump, gains against #ISIS have dramatically accelerated""""https://t.co/jNtOTh0moL""",f,f,Twitter for iPhone,53375,11592,2017-08-05 22:12:26,f
892782712322437120,"""""""Why the Rust Belt just gave Donald Trump a hero's welcome""""https://t.co/nqiZ8h8ajk""",f,f,Twitter for iPhone,46719,9707,2017-08-02 16:22:40,f
891623821702295552,"Don't give up Republican Senators, the World is watching: Repeal &amp, Replace...and go to 51 votes (nuke option), get Cross State Lines &amp, more.",f,f,Twitter for iPhone,89012,19897,2017-07-30 11:37:39,f
891257113565163520,"Republican Senate must get rid of 60 vote NOW! It is killing the R Party, allows 8 Dems to control country. 200 Bills sit in Senate. A JOKE!",f,f,Twitter for iPhone,57622,14559,2017-07-29 11:20:29,f
890208319566229504,"...big dollars ($700,000) for his wife's political run from Hillary Clinton and her representatives. Drain the Swamp!",f,f,Twitter for iPhone,62958,14001,2017-07-26 13:52:57,f
886950594220568576,Most politicians would have gone to a meeting like the one Don jr attended in order to get info on an opponent. That's politics!,f,f,Twitter for iPhone,85543,16400,2017-07-17 14:07:55,f
888895687865380864,"American steel &amp, American hands have constructed a 100,000 ton message to the world: American MIGHT IS SECOND TO NONE!#USSGeraldRFord #USA https://t.co/Pibf37Eybg",f,f,Twitter for iPhone,47541,10554,2017-07-22 22:57:01,f
888420461075476480,"""""""Six months in - it is the hope of GROWTH📈that is making America🇺🇸FOUR TRILLION DOLLARS💰RICHER."""" -Stuart @VarneyCo🎥https://t.co/s7fYOicWGV https://t.co/x9MeUzDom6""",f,f,Twitter Media Studio,47912,12459,2017-07-21 15:28:38,f
888393378970439682,#MadeInAmerica🇺🇸📸https://t.co/39dwlGHI7R https://t.co/VfIrc5Xssx,f,f,Twitter for iPhone,35693,7170,2017-07-21 13:41:01,f
886538703547621376,"Thank you to all of the supporters, who far out-numbered the protesters, yesterday at the Women's U.S. Open. Very cool!",f,f,Twitter for iPhone,93980,15269,2017-07-16 10:51:12,f
884033889613828096,MAKE AMERICA GREAT AGAIN! https://t.co/NVDVRrWLs4,f,f,Twitter Media Studio,82416,19696,2017-07-09 12:57:58,f
882325456162361344,Getting ready to celebrate the 4th of July with a big crowd at the White House. Happy 4th to everyone. Our country will grow and prosper!,f,f,Twitter for iPhone,116248,20114,2017-07-04 19:49:16,f
881697281233354753,"America's men &amp, women in uniform is the story of FREEDOM overcoming OPPRESSION, the STRONG protecting the WEAK, &amp, G... https://t.co/LtTpGsP3fC",f,f,Twitter Media Studio,87702,20769,2017-07-03 02:13:07,f
881604490041995271,The dishonest media will NEVER keep us from accomplishing our objectives on behalf of our GREAT AMERICAN PEOPLE!... https://t.co/EwnwCeuGMv,f,f,Twitter Media Studio,91685,22077,2017-07-02 20:04:24,f
880771685460344832,Watched low rated @Morning_Joe for first time in long time. FAKE NEWS. He called me to stop a National Enquirer article. I said no! Bad show,f,f,Twitter for iPhone,68146,14931,2017-06-30 12:55:08,f
880563788705148928,"When it comes to the future of America’s energy needs, we will FIND IT, we will DREAM IT, and we will BUILD IT.... https://t.co/m0HmPbUZ6C",f,f,Twitter for iPhone,46351,9564,2017-06-29 23:09:01,f
880540637358981120,"Good news, House just passed #KatesLaw. Hopefully Senate will follow.",f,f,Twitter for iPhone,83649,18105,2017-06-29 21:37:02,f
880158771762286592,"#ICYMI- on Monday, I had the great honor of welcoming India's Prime Minister @narendramodi to the WH. Full Remarks:... https://t.co/7IIQEh7xXv",f,f,Twitter Media Studio,38429,8951,2017-06-28 20:19:38,f
876778344636928000,"The Dems want to stop tax cuts, good healthcare and Border Security.Their ObamaCare is dead with 100% increases in P's. Vote now for Karen H",f,f,Twitter for iPhone,70328,18076,2017-06-19 12:27:01,f
875468769212149760,"Thank you Wisconsin! Tuesday was a great success for #WorkforceWeek at @WCTC w/ @IvankaTrump &amp, @GovWalker. Remarks... https://t.co/L8o396yYKX",f,f,Twitter Web Client,41498,7455,2017-06-15 21:43:14,f
875305788708974592,"They made up a phony collusion with the Russians story, found zero proof, so now they go for obstruction of justice on the phony story. Nice",f,f,Twitter for iPhone,118226,32612,2017-06-15 10:55:37,f
874822136782880768,"Just got back from Wisconsin. Great day, great people!",f,f,Twitter for iPhone,71742,9389,2017-06-14 02:53:45,f
873884774041079808,"The Democrats have no message,  not on economics, not on taxes,  not on jobs, not on failing #Obamacare. They are only OBSTRUCTIONISTS!",f,f,Twitter for iPhone,92373,24175,2017-06-11 12:49:00,f
873878061778907137,"The #FakeNews MSM doesn't report the great economic news since Election Day. #DOW up 16%. #NASDAQ up 19.5%. Drilling &amp, energy sector...",f,f,Twitter for iPhone,83364,19465,2017-06-11 12:22:20,f
872419018799550464,"I will be nominating Christopher A. Wray, a man of impeccable credentials, to be the new Director of the FBI. Details to follow.",f,f,Twitter for iPhone,81666,19893,2017-06-07 11:44:37,f
872243414930264065,"Great meeting with @HouseGOP and @SenateGOP leaders, including @SpeakerRyan, @SenateMajLdr, @GOPLeader, @JohnCornyn... https://t.co/G03W8CEtCS",f,f,Twitter Ads,37918,7300,2017-06-07 00:06:50,f
872064426568036353,"Sorry folks, but if I would have relied on the Fake News of CNN, NBC, ABC, CBS, washpost or nytimes, I would have had ZERO chance winning WH",f,f,Twitter for iPhone,88983,20496,2017-06-06 12:15:36,f
872059997429022722,The FAKE MSM is working so hard trying to get me not to use Social Media. They hate that I can get the honest and unfiltered message out.,f,f,Twitter for iPhone,93562,21850,2017-06-06 11:58:00,f
871679061847879682,In any event we are EXTREME VETTING people coming into the U.S. in order to help keep our country safe. The courts are slow and political!,f,f,Twitter for iPhone,74751,15784,2017-06-05 10:44:18,f
868840252227674113,British Prime Minister May was very angry that the info the U.K. gave to U.S. about Manchester was leaked. Gave me full details!,f,f,Twitter for iPhone,58527,13296,2017-05-28 14:43:53,f
868798339671830529,"Just arrived in Italy after having a very successful NATO meeting in Brussels. Told other nations they must pay more, not fair to  U.S.",f,t,Twitter for iPhone,1889,416,2017-05-28 11:57:20,f
868407229380268033,"Many NATO countries have agreed to step up payments considerably, as they should. Money is beginning to pour in- NATO will be much stronger.",f,f,Twitter for iPhone,63901,13206,2017-05-27 10:03:12,f
863194069891031041,#WeeklyAddress🇺🇸➡️https://t.co/uT4K4fh88Y https://t.co/1iW7tVVNCH,f,f,Twitter Ads,39144,8830,2017-05-13 00:47:58,f
862282202188566529,"""Watching Senator Richard Blumenthal speak of Comey is a joke. """"Richie"""" devised one of the greatest military frauds in U.S. history. For....""",f,f,Twitter for iPhone,47324,11608,2017-05-10 12:24:32,f
862263649821503489,"The Democrats have said some of the worst things about James Comey, including the fact that he should be fired, but now they play so sad!",f,f,Twitter for iPhone,63343,15015,2017-05-10 11:10:48,f
861544307043467264,Congratulations to @PGA_JohnDaly on his big win yesterday. John is a great guy who never gave up - and now a winner again!,f,f,Twitter for iPhone,43441,8236,2017-05-08 11:32:24,f
861201362834665472,Republican Senators will not let the American people down! ObamaCare premiums and deductibles are way up - it was a lie and it is dead!,f,f,Twitter for iPhone,50377,10198,2017-05-07 12:49:39,f
859514893418082310,"Congratulations to the winners of the Commander-in-Chief's Trophy, the great Air Force Falcons! Watch:... https://t.co/HyxxFCfaUh",f,f,Twitter for iPhone,35649,6665,2017-05-02 21:08:14,f
857295731929034753,"Today, I signed an Executive Order @ the U.S. Dept. of @Interior: 'Review of Designations Under the Antiquities Act... https://t.co/Eq6JDzMqTY",f,f,Twitter Ads,28389,5713,2017-04-26 18:10:04,f
854870777287634944,A great honor to host the @SuperBowl Champion New England @Patriots at the White House today. Congratulations!... https://t.co/tQ5XEPaIxn,f,f,Twitter Ads,41553,7795,2017-04-20 01:34:10,f
853604334944354305,"Our military is building and is rapidly becoming stronger than ever before. Frankly, we have no choice!",f,f,Twitter for iPhone,88055,16425,2017-04-16 13:41:47,f
853583417916755968,Why would I call China a currency manipulator when they are working with us on the North Korean problem? We will see what happens!,f,f,Twitter for iPhone,61022,12002,2017-04-16 12:18:40,f
851781714028494849,"Ron Estes is running TODAY for Congress in the Great State of Kansas. A wonderful guy, I need his help on Healthcare &amp, Tax Cuts (Reform).",f,f,Twitter for iPhone,49601,9854,2017-04-11 12:59:20,f
847236476815511552,.@FLOTUS Melania and I were honored to stop by the Women's Empowerment  Panel this afternoon at the @WhiteHouse.... https://t.co/phLPw8lgTu,f,f,Twitter Media Studio,46122,8394,2017-03-29 23:58:11,f
847056211006631936,"Remember when the failing @nytimes apologized to its subscribers, right after the election, because their coverage was so wrong. Now worse!",f,f,Twitter for iPhone,62464,12314,2017-03-29 12:01:52,f
842229104434913280,"Thank you Nashville, Tennessee! https://t.co/6snvQ0DzXN",f,f,Twitter for iPhone,68499,12324,2017-03-16 04:20:41,f
841974528683192320,"Looking forward to a big rally in Nashville, Tennessee, tonight. Big crowd of great people expected. Will be fun!",f,f,Twitter for iPhone,72093,11621,2017-03-15 11:29:05,f
837996746236182529,How low has President Obama gone to tapp my phones during the very sacred election process. This is Nixon/Watergate. Bad (or sick) guy!,f,f,Twitter for Android,146971,51244,2017-03-04 12:02:48,f
832704292993847296,"The FAKE NEWS media (failing @nytimes, @CNN, @NBCNews and many more)    is not my enemy, it is the enemy of the American people. SICK!",f,t,Twitter for Android,247,112,2017-02-17 09:32:29,f
829836231802515457,"SEE YOU IN COURT, THE SECURITY OF OUR NATION IS AT STAKE!",f,f,Twitter for Android,200858,54010,2017-02-09 23:35:49,f
828748574255091714,An extended interview from the Super Bowl with @oreillyfactor airs tonight at 8:00 P.M. Enjoy! https://t.co/kZdHqaNTVR,f,f,Twitter for iPhone,45428,6446,2017-02-06 23:33:52,f
824440456813707265,"As your President, I have no higher duty than to protect the lives of the American people. https://t.co/o7YNUNwb8f",f,f,Twitter for iPhone,130655,23750,2017-01-26 02:14:56,f
822504142178500608,"So to all Americans, in every city near and far, small and large, from mountain to mountain...https://t.co/cZKkrGXLSi",f,f,Twitter for iPhone,74676,11530,2017-01-20 18:00:43,f
821342600322043905,"People are pouring into Washington in record numbers. Bikers for Trump are on their way. It will be a great Thursday, Friday and Saturday!",f,f,Twitter for Android,102467,20180,2017-01-17 13:05:10,f
820255947956383744,"mention crime infested) rather than falsely complaining about the election results. All talk, talk, talk - no action or results. Sad!",f,f,Twitter for Android,64202,13177,2017-01-14 13:07:12,f
819162968592183298,"""I win an election easily, a great """"movement"""" is verified, and crooked opponents try to belittle our victory with FAKE NEWS. A sorry state!""",f,f,Twitter for Android,96110,22835,2017-01-11 12:44:05,f
817753083707015168,"both countries will, perhaps, work together to solve some of the many great and pressing problems and issues of the WORLD!",f,f,Twitter for Android,58171,12869,2017-01-07 15:21:42,f
817329823374831617,"The dishonest media does not report that any money spent on building the Great Wall (for sake of speed), will be paid back by Mexico later!",f,f,Twitter for Android,54861,15421,2017-01-06 11:19:49,f
815992069412057088,"I thought and felt I would win big, easily over the fabled 270 (306). When they cancelled fireworks, they knew, and so did I.",f,f,Twitter for Android,52174,10696,2017-01-02 18:44:04,f
1079083702943211520,"...children in question were very sick before they were given over to Border Patrol. The father of the young girl said it was not their fault, he hadn’t given her water in days. Border Patrol needs the Wall and it will all end. They are working so hard &amp, getting so little credit!",f,f,Twitter for iPhone,115894,24895,2018-12-29 18:36:17,f
1078412737603096576,"This isn’t about the Wall, everybody knows that a Wall will work perfectly (In Israel the Wall works 99.9%). This is only about the Dems not letting Donald Trump &amp, the Republicans have a win. They may have the 10 Senate votes, but we have the issue, Border Security. 2020!",f,f,Twitter for iPhone,111689,25631,2018-12-27 22:10:07,f
1077311502615490560,Christmas Eve briefing with my team working on North Korea – Progress being made. Looking forward to my next summit with Chairman Kim! https://t.co/zPTtDbrP0o,f,f,Twitter for iPhone,77373,14248,2018-12-24 21:14:12,f
1076950276958027779,"Thanks @RandPaul  “I am very proud of the President. This is exactly what he promised, and I think the people agree with him. We’ve been at war too long and in too many places...spent several trillion dollars on these wars everywhere. He’s different...that’s why he got elected.”",f,f,Twitter for iPhone,95271,20458,2018-12-23 21:18:49,f
1076658521926656000,"If anybody but your favorite President, Donald J. Trump, announced that, after decimating ISIS in Syria, we were going to bring our troops back home (happy &amp, healthy), that person would be the most popular hero in America. With me, hit hard instead by the Fake News Media. Crazy!",f,f,Twitter for iPhone,133032,27149,2018-12-23 01:59:29,f
1075397797929775105,"We have defeated ISIS in Syria, my only reason for being there during the Trump Presidency.",f,f,Twitter for iPhone,100443,20265,2018-12-19 14:29:49,f
1075210867678109697,"America is the greatest Country in the world and my job is to fight for ALL citizens, even those who have made mistakes. Congratulations to the Senate on the bi-partisan passing of a historic Criminal Justice Reform Bill....",f,f,Twitter for iPhone,85137,16735,2018-12-19 02:07:01,f
1073248137320509440,They gave General Flynn a great deal because they were embarrassed by the way he was treated - the FBI said he didn’t lie and they overrode the FBI. They want to scare everybody into making up stories that are not true by catching them in the smallest of misstatements. Sad!......,f,f,Twitter for iPhone,84097,19414,2018-12-13 16:07:50,f
1072468779974713345,".....I look forward to my meeting with Chuck Schumer &amp, Nancy Pelosi. In 2006, Democrats voted for a Wall, and they were right to do so. Today, they no longer want Border Security. They will fight it at all cost, and Nancy must get votes for Speaker. But the Wall will get built...",f,f,Twitter for iPhone,59748,12417,2018-12-11 12:30:57,f
1071076523719909376,"....and one of the most highly respected lawyers and legal minds in the Country, he will be a great addition to our team. I look forward to having him join our very successful Administration!",f,f,Twitter for iPhone,47193,8935,2018-12-07 16:18:37,f
1071009820575186945,"....Foundation be listed at the top of the Report? Will the scathing document written about Lyin’ James Comey, by the man in charge of the case, Rod Rosenstein (who also signed the FISA Warrant), be a big part of the Report? Isn’t Rod therefore totally conflicted? Will all of....",f,f,Twitter for iPhone,59461,13752,2018-12-07 11:53:34,f
1070521302652469248,"Working hard, thank you! https://t.co/3SoWTkZjP6",f,f,Twitter for iPhone,123907,23841,2018-12-06 03:32:22,f
1069575605199482881,"My meeting in Argentina with President Xi of China was an extraordinary one. Relations with China have taken a BIG leap forward! Very good things will happen. We are dealing from great strength, but China likewise has much to gain if and when a deal is completed. Level the field!",f,f,Twitter for iPhone,63887,13429,2018-12-03 12:54:30,f
1066788767133040640,"General Anthony Tata: “President Trump is a man of his word &amp, he said he was going to be tough on the Border, and he is tough on the Border. He has rightfully strengthened the Border in the face of an unprecedented threat. It’s the right move by President Trump.” Thanks General!",f,f,Twitter for iPhone,72840,17364,2018-11-25 20:20:36,f
1065581119242940416,"Justice Roberts can say what he wants, but the 9th Circuit is a complete &amp, total disaster. It is out of control, has a horrible reputation, is overturned more than any Circuit in the Country, 79%, &amp, is used to get an almost guaranteed result. Judges must not Legislate Security...",f,f,Twitter for iPhone,91686,21828,2018-11-22 12:21:51,f
1063591735169871872,"Congratulations to Ron DeSantis on becoming the new Governor of Florida. Against all odds, he fought &amp, fought &amp, fought, the result being a historic victory. He never gave up and never will. He will be a great Governor!",f,f,Twitter for iPhone,88962,18191,2018-11-17 00:36:44,f
1063169733535678464,"Last year, I signed the landmark VA Accountability Act to ensure those who mistreat our Veterans can be held fully accountable. Since my inauguration, we have removed more than 3,600 government employees who were not giving our Vets the care they deserve.... https://t.co/KqWXXt7D4U",f,f,Twitter for iPhone,67889,15806,2018-11-15 20:39:51,f
1062789364399390720,"Not seen in many years, America’s steelworkers get a hard-earned raise because of my Administration’s policies to help bring back the U.S. steel industry, which is critical to our National Security. I will always protect America and its workers!",f,f,Twitter for iPhone,87715,18586,2018-11-14 19:28:24,f
1062371844836261891,"By the way, when the helicopter couldn’t fly to the first cemetery in France because of almost zero visibility, I suggested driving. Secret Service said NO, too far from airport &amp, big Paris shutdown. Speech next day at American Cemetery in pouring rain! Little reported-Fake News!",f,f,Twitter for iPhone,105053,25206,2018-11-13 15:49:20,f
1062331024426913792,"On Trade, France makes excellent wine, but so does the U.S. The problem is that France makes it very hard for the U.S. to sell its wines into France, and charges big Tariffs, whereas the U.S. makes it easy for French wines, and charges very small Tariffs. Not fair, must change!",f,f,Twitter for iPhone,103632,23482,2018-11-13 13:07:08,f
1028355187939987465,Hundreds of Bikers for Trump just joined me at Bedminster. Quite a scene - great people who truly love our Country!,f,f,Twitter for iPhone,114842,20826,2018-08-11 18:59:17,f
1060942600994050048,"Jeff Flake(y) doesn’t want to protect the Non-Senate confirmed Special Counsel, he wants to protect his future after being unelectable in Arizona for the “crime” of doing a terrible job! A weak and ineffective guy!",f,f,Twitter for iPhone,71878,16421,2018-11-09 17:10:02,f
1058893955084025856,"Another fantastic #MAGARally tonight in the Great State of Florida. In just 3 days, the People of Florida are going to elect @ScottforFlorida and @RonDeSantisFL to protect your jobs, defend your BORDERS, and CONTINUE MAKING AMERICA  GREAT AGAIN! https://t.co/0pWiwCHGbh🇺🇸 https://t.co/sS78uyafOG",f,f,Twitter for iPhone,43057,11444,2018-11-04 01:29:26,f
1057714919766925314,"Yesterday in Pittsburgh I was really impressed with Congressman Keith Rothfus (far more so than any other local political figure). His sincere level of compassion, grief and sorrow for the events that took place was, in its own way, very inspiring. Vote for Keith!",f,f,Twitter for iPhone,53225,11684,2018-10-31 19:24:22,f
1056880287974649856,....of Anger and Outrage and we will then be able to bring all sides together in Peace and Harmony. Fake News Must End!,f,f,Twitter for iPhone,68996,15763,2018-10-29 12:07:51,f
1055412328571850753,"The so-called experts on Trump over at the New York Times wrote a long and boring article on my cellphone usage that is so incorrect I do not have time here to correct it. I only use Government Phones, and have only one seldom used government cell phone. Story is soooo wrong!",f,f,Twitter for iPhone,67366,16472,2018-10-25 10:54:42,f
1055064484644089856,"For those who want and advocate for illegal immigration, just take a good look at what has happened to Europe over the last 5 years. A total mess! They only wish they had that decision to make over again.",f,f,Twitter for iPhone,110705,29683,2018-10-24 11:52:29,f
1053074465150578688,"Will be landing soon. Looking forward to seeing our next Senator from Montana, Matt Rosendale. He will represent our Country well, far better than Jon Tester who will vote with Cryin’ Chuck Schumer and Nancy Pelosi - never with us!",f,f,Twitter for iPhone,54086,11047,2018-10-19 00:04:52,f
1052681628240281600,"This afternoon, it was my great honor to present @USMC Sergeant Major John Canley the Medal of Honor in the East Room of the @WhiteHouse! https://t.co/EI1DD4AkC9 https://t.co/6JJm1SRcQ9",f,f,Twitter for iPhone,48843,9501,2018-10-17 22:03:52,f
1052532141941301248,AP headline was very different from my quote and meaning in the story. They just can’t help themselves. FAKE NEWS!,f,f,Twitter for iPhone,51113,11280,2018-10-17 12:09:52,f
1051801524857384960,“The only way to shut down the Democrats new Mob Rule strategy is to stop them cold at the Ballot Box. The fight for America’s future is never over!” Ben Shapiro,f,f,Twitter for iPhone,86884,21978,2018-10-15 11:46:39,f
1051558072433463297,"I will be interviewed on “60 Minutes” tonight at 7:00 P.M., after NFL game. Enjoy!",f,f,Twitter for iPhone,62328,9858,2018-10-14 19:39:16,f
1051471737068670977,"NBC News has totally and purposely changed the point and  meaning of my story about General Robert E Lee and General Ulysses Grant. Was actually a shoutout to warrior Grant and the great state in which he was born. As usual, dishonest reporting. Even mainstream media embarrassed!",f,f,Twitter for iPhone,102175,25427,2018-10-14 13:56:12,f
1047469711938736128,"The Failing New York Times did something I have never seen done before. They used the concept of “time value of money” in doing a very old, boring and often told hit piece on me. Added up, this means that 97% of their stories on me are bad. Never recovered from bad election call!",f,f,Twitter for iPhone,69903,14538,2018-10-03 12:53:35,f
1047319923700060161,"Thank you Mississippi - Together, we are MAKING AMERICA GREAT AGAIN! https://t.co/npnRirjcFG",f,f,Twitter for iPhone,43893,8839,2018-10-03 02:58:22,f
1047309776374259712,"Today, my Administration provided HISTORIC levels of funding to improve school safety through STOP School Violence grants – a top priority for @sandyhook. I am committed to keeping our children SAFE in their schools!",f,f,Twitter for iPhone,65962,14406,2018-10-03 02:18:03,f
1046714711268622336,"....deficiencies and mistakes in NAFTA, greatly opens markets to our Farmers and Manufacturers, reduces Trade Barriers to the U.S. and will bring all three Great Nations together in competition with the rest of the world. The USMCA is a historic transaction!",f,f,Twitter for iPhone,68180,14664,2018-10-01 10:53:28,f
1045444544068812800,"Judge Kavanaugh showed America exactly why I nominated him. His testimony was powerful, honest, and riveting. Democrats’ search and destroy strategy is disgraceful and this process has been a total sham and effort to delay, obstruct, and resist. The Senate must vote!",f,f,Twitter for iPhone,281610,69503,2018-09-27 22:46:17,f
1044371304395276288,"It was my great honor to welcome President @EmmanuelMacron of France to the United States, here in New York City, this evening! #UNGA https://t.co/Gd7pCBFUCg",f,f,Twitter for iPhone,34370,6318,2018-09-24 23:41:37,f
1043966388182953984,"Going to New York. Will be with Prime Minister Abe of Japan tonight, talking Military and Trade. We have done much to help Japan, would like to see more of a reciprocal relationship. It will all work out!",f,f,Twitter for iPhone,79687,15115,2018-09-23 20:52:37,f
1043188755866079232,"Throughout American history, the men and women of our Armed Forces have selflessly served our Country, making tremendous sacrifices to defend our liberty. On National POW/MIA Recognition Day, we honor all American Prisoners of War: https://t.co/ZGiqdYbats https://t.co/OEetrLzgcJ",f,f,Twitter for iPhone,37921,8860,2018-09-21 17:22:35,f
1042263143496511488,"Kim Jong Un has agreed to allow Nuclear inspections, subject to final negotiations, and to permanently dismantle a test site and launch pad in the presence of international experts. In the meantime there will be no Rocket or Nuclear testing. Hero remains to continue being........",f,f,Twitter for iPhone,87530,20965,2018-09-19 04:04:32,f
1040788151000883201,....GWU Research to tell them how many people had died in Puerto Rico (how would they not know this?). This method was never done with previous hurricanes because other jurisdictions know how many people were killed. FIFTY TIMES LAST ORIGINAL NUMBER - NO WAY!,f,f,Twitter for iPhone,55777,11933,2018-09-15 02:23:26,f
1040198906842427392,"The problem with banker Jamie Dimon running for President is that he doesn’t have the aptitude or “smarts” &amp, is a poor public speaker &amp, nervous mess - otherwise he is wonderful. I’ve made a lot of bankers, and others, look much smarter than they are with my great economic policy!",f,f,Twitter for iPhone,51209,9286,2018-09-13 11:22:00,f
1039556378766069760,Small Business Optimism Soars to Highest Level Ever | Breitbart https://t.co/T6rFhfPz6n via @BreitbartNews,f,f,Twitter for iPhone,43480,10650,2018-09-11 16:48:49,f
1039270337198927873,"Was just briefed via phone by @DHSgov @SecNielsen and @FEMA @FEMA_Brock, along with @VP Mike Pence and Chief of Staff, John Kelly on incoming storm which is very dangerous. Heed the directions of your State and Local Officials - and know that WE are here for you. Be SAFE! https://t.co/sN8D5NvrBa",f,f,Twitter for iPhone,42741,9859,2018-09-10 21:52:11,f
1038789398140084224,"If the U.S. sells a car into China, there is a tax of 25%. If China sells a car into the U.S., there is a tax of 2%. Does anybody think that is FAIR? The days of the U.S. being ripped-off by other nations is OVER!",f,f,Twitter for iPhone,115492,26536,2018-09-09 14:01:06,f
1037485664433070080,"Does the so-called “Senior Administration Official” really exist, or is it just the Failing New York Times with another phony source? If the GUTLESS anonymous person does indeed exist, the Times must, for National Security purposes, turn him/her over to government at once!",f,f,Twitter for iPhone,101716,25111,2018-09-05 23:40:32,f
1037182409446490112,“Secretary Mattis Nukes Woodward Allegations” https://t.co/H5bPjsVXNb,f,f,Twitter for iPhone,44561,11396,2018-09-05 03:35:30,f
1037107565413511168,"Statement from White House Chief of Staff, General John Kelly: https://t.co/LUN8cDr3N5",f,f,Twitter for iPhone,56485,16081,2018-09-04 22:38:06,f
1036695682072158214,"According to the Failing New York Times, the FBI started a major effort to flip Putin loyalists in 2014-2016. “It wasn’t about Trump, he wasn’t even close to a candidate yet.”  Rigged Witch Hunt!",f,f,Twitter for iPhone,61158,14613,2018-09-03 19:21:26,f
1035866602623979526,"Report: There were no FISA hearings held over Spy documents.”It is astonishing that the FISA courts couldn’t hold hearings on Spy Warrants targeting Donald Trump. It isn’t about Carter Page, it’s about the Trump Campaign. You’ve got corruption at the DOJ &amp, FBI. The leadership....",f,f,Twitter for iPhone,61494,15789,2018-09-01 12:26:58,f
1035159956507566080,"I am very excited about the person who will be taking the place of Don McGahn as White House Counsel! I liked Don, but he was NOT responsible for me not firing Bob Mueller or Jeff Sessions. So much Fake Reporting and Fake News!",f,f,Twitter for iPhone,52680,11178,2018-08-30 13:39:00,f
1029798446650277888,"Chuck Schumer, I agree! https://t.co/KfoLkQU5Hv",f,f,Twitter for iPhone,75018,26007,2018-08-15 18:34:17,f
1032934937962442754,"“Department of Justice will not be improperly influenced by political considerations.” Jeff, this is GREAT, what everyone wants, so look into all of the corruption on the “other side” including deleted Emails, Comey lies &amp, leaks, Mueller conflicts, McCabe, Strzok, Page, Ohr......",f,f,Twitter for iPhone,93852,25960,2018-08-24 10:17:34,f
1032709326643843072,I have authorized an emergency disaster declaration to provide Hawaii the necessary support ahead of #HurricaneLane. Our teams are closely coordinating with the state and local authorities. You are in our thoughts! https://t.co/lrhwbdUavj,f,f,Twitter for iPhone,54219,11286,2018-08-23 19:21:04,f
1031508193107763200,"Where’s the Collusion? They made up a phony crime called Collusion, and when there was no Collusion they say there was Obstruction (of a phony crime that never existed). If you FIGHT BACK or say anything bad about the Rigged Witch Hunt, they scream Obstruction!",f,f,Twitter for iPhone,80078,19071,2018-08-20 11:48:12,f
1029354577559281665,Strzok started the illegal Rigged Witch Hunt - why isn’t this so-called “probe” ended immediately? Why aren’t these angry and conflicted Democrats instead looking at Crooked Hillary?,f,f,Twitter for iPhone,77874,17499,2018-08-14 13:10:30,f
1029332350969237504,Another terrorist attack in London...These animals are crazy and must be dealt with through toughness and strength!,f,f,Twitter for iPhone,110603,23692,2018-08-14 11:42:11,f
1028271447632957441,The riots in Charlottesville a year ago resulted in senseless death and division. We must come together as a nation. I condemn all types of racism and acts of violence. Peace to ALL Americans!,f,f,Twitter for iPhone,116344,26217,2018-08-11 13:26:32,f
1026897064066777099,"Today, on the 236th anniversary of the Purple Heart, we honor the members of our Armed Forces for serving as the vanguard of American democracy and freedom around the world. #PurpleHeartDay https://t.co/NghmQ4BOKh",f,f,Twitter for iPhone,64329,13402,2018-08-07 18:25:13,f
1025515565392257024,“The media are good news fire extinguishers!” @greggutfeld @TheFive,f,f,Twitter for iPhone,39642,8220,2018-08-03 22:55:38,f
1025092358126362630,"Looking forward to being in the Great State of Pennsylvania where we had a tremendous victory in the Election. Will be campaigning hard for an original supporter, Lou Barletta, to replace a weak an ineffective Senator, Bob Casey. Lou is tough and smart, loves PA and our Country!",f,f,Twitter for iPhone,55261,10996,2018-08-02 18:53:58,f
1024879317577285633,"Thank you to Chairman Kim Jong Un for keeping your word &amp, starting the process of sending home the remains of our great and beloved missing fallen! I am not at all surprised that you took this kind action. Also, thank you for your nice letter - l look forward to seeing you soon!",f,f,Twitter for iPhone,111723,21079,2018-08-02 04:47:25,f
1024450744198553600,Thank you Florida. I love you!https://t.co/M5T81DZVUU,f,f,Twitter for iPhone,63391,13955,2018-08-01 00:24:25,f
1024059145564160000,"...your Social Security and Medicare! Cast your early vote, or vote on August 7th, Election Day. He has my full and total Endorsement!",f,f,Twitter for iPhone,25209,4591,2018-07-30 22:28:21,f
1198374984902676480,"95% Approval Rate in the Republican Party, a record! Thank you!",f,f,Twitter for iPhone,137631,24394,2019-11-23 22:57:15,f
1021917767467982854,"So sad and unfair that the FCC wouldn’t approve the Sinclair Broadcast merger with Tribune. This would have been a great and much needed Conservative voice for and of the People. Liberal Fake News NBC and Comcast gets approved, much bigger, but not Sinclair. Disgraceful!",f,f,Twitter for iPhone,74030,17811,2018-07-25 00:39:16,f
1020425741664751616,"I got severely criticized by the Fake News Media for being too nice to President Putin. In the Old Days they would call it Diplomacy. If I was loud &amp, vicious, I would have been criticized for being too tough. Remember when they said I was too tough with Chairman Kim? Hypocrites!",f,f,Twitter for iPhone,129424,29338,2018-07-20 21:50:30,f
1019937445356474368,"....proliferation, cyber attacks, trade, Ukraine, Middle East peace, North Korea and more. There are many answers, some easy and some hard, to these problems...but they can ALL be solved!",f,f,Twitter for iPhone,61146,12798,2018-07-19 13:30:11,f
1018900904735531014,"Thank you Helsinki, Finland! https://t.co/rh4NUjPSwU",f,f,Twitter for iPhone,78518,13792,2018-07-16 16:51:20,f
1017362207426908160,"#NATOSummit2018 Press Conference in Brussels, Belgium:https://t.co/iEOeGV6YBI",f,f,Twitter for iPhone,36145,8229,2018-07-12 10:57:06,f
1014286054805987330,"After having written many best selling books, and somewhat priding myself on my ability to write, it should be noted that the Fake News constantly likes to pore over my tweets looking for a mistake. I capitalize certain words only for emphasis, not b/c they should be capitalized!",f,f,Twitter for iPhone,76022,12550,2018-07-03 23:13:34,f
1014258987422928896,"Heading to West Virginia to be with my friend, @WVGovernor Jim Justice, at his beautiful Greenbrier Resort. He works hard, does a great job, and raises lots of money for charities!",f,f,Twitter for iPhone,44968,7332,2018-07-03 21:26:01,f
1013507396558303233,"A big week, especially with our numerous victories in the Supreme Court. Heading back to the White House now. Focus will be on the selection of a new Supreme Court Justice. Exciting times for our country. Economy may be stronger than it has ever been!",f,f,Twitter for iPhone,107667,21079,2018-07-01 19:39:28,f
1013141673776500736,"Either we need to elect more Republicans in November or Republicans must end the ridiculous 60 vote, or Filibuster, rule - or better yet, do both. Cryin’ Chuck would do it on day one, but we’ll never give him the chance. Some great legislation awaits - be smart!",f,f,Twitter for iPhone,81226,18729,2018-06-30 19:26:12,f
1013139532290625538,"I never pushed the Republicans in the House to vote for the Immigration Bill, either GOODLATTE 1 or 2, because it could never have gotten enough Democrats as long as there is the 60 vote threshold. I released many prior to the vote knowing we need more Republicans to win in Nov.",f,f,Twitter for iPhone,58585,12119,2018-06-30 19:17:42,f
1012174975061647360,In recent days we have heard shameless attacks on our courageous law enforcement officers. Extremist Democrat politicians have called for the complete elimination of ICE. Leftwing Activists are trying to block ICE officers from doing their jobs and publicly posting their...,f,f,Twitter for iPhone,71080,17264,2018-06-28 03:24:54,f
1011805006390071304,A great First Lady! https://t.co/Pt35aluI4C,f,f,Twitter for iPhone,78133,12631,2018-06-27 02:54:46,f
1011795883925663744,"Wow! Big Trump Hater Congressman Joe Crowley, who many expected was going to take Nancy Pelosi’s place, just LOST his primary election. In other words, he’s out! That is a big one that nobody saw happening. Perhaps he should have been nicer, and more respectful, to his President!",f,f,Twitter for iPhone,106536,20105,2018-06-27 02:18:31,f
1011226622324887556,"Such a difference in the media coverage of the same immigration policies between the Obama Administration and ours. Actually, we have done a far better job in that our facilities are cleaner and better run than were the facilities under Obama. Fake News is working overtime!",f,f,Twitter for iPhone,90580,21487,2018-06-25 12:36:29,f
1010978975391322112,"The United States is insisting that all countries that have placed artificial Trade Barriers and Tariffs on goods going into their country, remove those Barriers &amp, Tariffs or be met with more than Reciprocity by the U.S.A. Trade must be fair and no longer a one way street!",f,f,Twitter for iPhone,96967,22268,2018-06-24 20:12:25,f
1010481479279923201,Steel is coming back fast! U.S. Steel is adding great capacity also. So are others. https://t.co/0Pzwjg3Vxn,f,f,Twitter for iPhone,43638,9495,2018-06-23 11:15:33,f
1009241032100335616,"Homeland Security @SecNielsen did a fabulous job yesterday at the press conference explaining security at the border and for our country, while at the same time recommending changes to obsolete &amp, nasty laws, which force family separation. We want “heart” and security in America!",f,f,Twitter for iPhone,82419,17883,2018-06-20 01:06:27,f
1007974129474121728,"My supporters are the smartest, strongest, most hard working and most loyal that we have seen in our countries history. It is a beautiful thing to watch as we win elections and gather support from all over the country. As we get stronger, so does our country. Best numbers ever!",f,f,Twitter for iPhone,159237,35711,2018-06-16 13:12:14,f
1005988633747312640,"....Germany pays 1% (slowly) of GDP towards NATO, while we pay 4% of a MUCH larger GDP. Does anybody believe that makes sense? We protect Europe (which is good) at great financial loss, and then get unfairly clobbered on Trade. Change is coming!",f,f,Twitter for iPhone,118142,26442,2018-06-11 01:42:35,f
1005554692133249026,...Create peace and great prosperity for his land. I look forward to meeting him and have a feeling that this one-time opportunity will not be wasted!,f,f,Twitter for iPhone,60185,11660,2018-06-09 20:58:15,f
1005047468705439744,I am heading for Canada and the G-7 for talks that will mostly center on the long time unfair trade practiced against the United States. From there I go to Singapore and talks with North Korea on Denuclearization. Won’t be talking about the Russian Witch Hunt Hoax for a while!,f,f,Twitter for iPhone,70307,13984,2018-06-08 11:22:44,f
1004359335399641089,"The Fake News Media has been so unfair, and vicious, to my wife and our great First Lady, Melania. During her recovery from surgery they reported everything from near death, to facelift, to left the W.H. (and me) for N.Y. or Virginia, to abuse. All Fake, she is doing really well!",f,f,Twitter for iPhone,105898,20891,2018-06-06 13:48:20,f
1004166633349361664,Great interview by @LouDobbs with Chris Farrell of Judicial Watch concerning the governments counter-intelligence operation into the Trump Campaign. SPYGATE at the highest level. Who would believe?,f,f,Twitter for iPhone,45032,10259,2018-06-06 01:02:36,f
1003997350791188482,"Senator @RogerWicker of Mississippi has done everything necessary to Make America Great Again! Get out and vote for Roger, he has my total support!",f,f,Twitter for iPhone,35575,7811,2018-06-05 13:49:56,f
1003617811254710273,China already charges a tax of 16% on soybeans. Canada has all sorts of trade barriers on our Agricultural products. Not acceptable!,f,f,Twitter for iPhone,54967,11407,2018-06-04 12:41:47,f
1003024268756733952,"When you’re almost 800 Billion Dollars a year down on Trade, you can’t lose a Trade War! The U.S. has been ripped off by other countries for years on Trade, time to get smart!",f,f,Twitter for iPhone,110492,24032,2018-06-02 21:23:15,f
1001149793496977408,"The heroes who rest in these hallowed fields, in cemeteries, battlefields, and burial grounds near and far are drawn the full tapestry of American life. They came from every generation from towering cities and wind swept prairies, from privilege and from poverty... https://t.co/aOw3QwN2SV",f,f,Twitter for iPhone,56213,11038,2018-05-28 17:14:45,f
998532136578748425,"“John Brennan is panicking. He has disgraced himself, he has disgraced the Country, he has disgraced the entire Intelligence Community. He is the one man who is largely responsible for the destruction of American’s faith in the Intelligence Community and in some people at the....",f,f,Twitter for iPhone,95683,26583,2018-05-21 11:53:07,f
997493407097524224,School shooting in Texas. Early reports not looking good. God bless all!,f,f,Twitter for iPhone,80675,13839,2018-05-18 15:05:35,f
997474432443707393,"Reports are there was indeed at least one FBI representative implanted, for political purposes, into my campaign for president. It took place very early on, and long before the phony Russia Hoax became a “hot” Fake News story. If true - all time biggest political scandal!",f,f,Twitter for iPhone,76281,21886,2018-05-18 13:50:11,f
995428472674758656,"The Senate should get funding done before the August break, or NOT GO HOME. Wall and Border Security should be included. Also waiting for approval of almost 300 nominations, worst in history. Democrats are doing everything possible to obstruct, all they know how to do. STAY!",f,f,Twitter for iPhone,98655,25377,2018-05-12 22:20:16,f
994741305908649985,Thank you Indiana! #MAGA🇺🇸https://t.co/fCv76VyUax,f,f,Twitter for iPhone,70319,14155,2018-05-11 00:49:43,f
993446539988217857,"My highly respected nominee for CIA Director, Gina Haspel, has come under fire because she was too tough on Terrorists. Think of that, in these very dangerous times, we have the most qualified person, a woman, who Democrats want OUT because she is too tough on terror. Win Gina!",f,f,Twitter for iPhone,78615,19757,2018-05-07 11:04:47,f
992558888212946949,"Just returned home to the beautiful White House, from Dallas, where the Arena was packed to the rafters with the great fans and supporters of the @NRA. It was so wonderful to be there!",f,f,Twitter for iPhone,82612,14375,2018-05-05 00:17:34,f
990307626784362496,"Secret Service has just informed me that Senator Jon Tester’s statements on Admiral Jackson are not true. There were no such findings. A horrible thing that we in D.C. must live with, just like phony Russian Collusion. Tester should lose race in Montana. Very dishonest and sick!",f,f,Twitter for iPhone,115256,31085,2018-04-28 19:11:51,f
990049088375836672,"House Intelligence Committee rules that there was NO COLLUSION between the Trump Campaign and Russia. As I have been saying all along, it is all a big Hoax by the Democrats based on payments and lies. There should never have been a Special Counsel appointed. Witch Hunt!",f,f,Twitter for iPhone,96515,21734,2018-04-28 02:04:31,f
989813047773614080,Is everybody believing what is going on. James Comey can’t define what a leak is. He illegally leaked CLASSIFIED INFORMATION but doesn’t understand what he did or how serious it is. He lied all over the place to cover it up. He’s either very sick or very dumb. Remember sailor!,f,f,Twitter for iPhone,91150,19585,2018-04-27 10:26:35,f
988856517674889222,".@JimRenacci has worked so hard on Tax Reductions, Illegal Immigration, the Border and Crime. I need Jim very badly to help our agenda and to keep MAKING AMERICA GREAT AGAIN! He will be a fantastic  Senator for the Great State of Ohio, and has my full endorsement!",f,t,Twitter for iPhone,10,8,2018-04-24 07:05:40,f
986378606606737408,States and Cities throughout our Country are being cheated and treated so badly by online retailers. Very unfair to traditional tax paying stores!,f,f,Twitter for iPhone,59147,10991,2018-04-17 22:59:20,f
983764328443797504,"Very thankful for President Xi of China’s kind words on tarrifs and automobile barriers...also, his enlightenment on intellectual property and technology transfers. We will make great progress together!",f,t,Twitter for iPhone,24427,5869,2018-04-10 05:51:08,f
981669823221559302,“Still Rising: Rasmussen Poll Shows Donald Trump Approval Ratings Now at 51 Percent” https://t.co/q80PaE0gQo,f,f,Twitter for iPhone,84726,19109,2018-04-04 23:08:19,f
977319371277156352,"As a matter of National Security I've signed the Omnibus Spending Bill. I say to Congress: I will NEVER sign another bill like this again. To prevent this omnibus situation from ever happening again, I'm calling on Congress to give me a line-item veto for all govt spending bills! https://t.co/kYwMk5AE5k",f,f,Twitter for iPhone,60280,15299,2018-03-23 23:01:10,f
976532956557737984,"I called President Putin of Russia to congratulate him on his election victory (in past, Obama called him also). The Fake News Media is crazed because they wanted me to excoriate him. They are wrong! Getting along with Russia (and others) is a good thing, not a bad thing.......",f,f,Twitter for iPhone,110100,23155,2018-03-21 18:56:14,f
975720503997620224,A total WITCH HUNT with massive conflicts of interest!,f,f,Twitter for iPhone,92752,19028,2018-03-19 13:07:50,f
973716838889660416,"It was my great honor to deliver a message at the Marine Corps Air Station Miramar to our GREAT U.S. Military, straight from the heart of the American People: We support you, we thank you, we love you - and we will always have your back! https://t.co/oCt1nH3DON",f,f,Twitter for iPhone,62076,12348,2018-03-14 00:25:59,f
972563247160274947,"In the first hours after hearing that North Korea’s leader wanted to meet with me to talk denuclearization and that missile launches will end, the press was startled &amp, amazed.They couldn’t believe it. But by the following morning the news became FAKE.They said so what, who cares!",f,f,Twitter for iPhone,75437,16940,2018-03-10 20:02:02,f
964232645495459840,"Presidential Proclamation Honoring the Victims of the Tragedy in Parkland, Florida: https://t.co/RTQWAKiSnR https://t.co/Nhs32bm5zB",f,f,Twitter for iPhone,52766,10692,2018-02-15 20:19:11,f
961962694650757121,"Costs on non-military lines will never come down if we do not elect more Republicans in the 2018 Election, and beyond. This Bill is a BIG VICTORY for our Military, but much waste in order to get Dem votes. Fortunately, DACA not included in this Bill, negotiations to start now!",f,f,Twitter for iPhone,75593,16930,2018-02-09 13:59:13,f
961008057756127232,"Today, we heard the experiences of law enforcement professionals and community leaders working to combat the threat of MS-13, and the reforms we need from Congress to defeat it. Watch here: https://t.co/VPMTnko7Ik https://t.co/4OaXXuj9Va",f,f,Twitter Media Studio,64332,14500,2018-02-06 22:45:50,f
960522569492426753,Any deal on DACA that does not include STRONG border security and the desperately needed WALL is a total waste of time. March 5th is rapidly approaching and the Dems seem not to care about DACA. Make a deal!,f,f,Twitter for iPhone,103767,23501,2018-02-05 14:36:40,f
959949725028974592,“The four page memo released Friday reports the disturbing fact about how the FBI and FISA appear to have been used to influence the 2016 election and its aftermath....The FBI failed to inform the FISA court that the Clinton campaign had funded the dossier....the FBI became....,f,f,Twitter for iPhone,109485,28901,2018-02-04 00:40:24,f
959553606134345728,"Today, it was my honor to join the great men and women of @DHSgov, @CustomsBorder, @ICEgov and @USCIS at the U.S. Customs and Border Protection National Targeting Center in Sterling, Virginia. Fact sheet: https://t.co/Q027Wgdzdo https://t.co/NecuA0y1Sk",f,f,Twitter for iPad,59830,11401,2018-02-02 22:26:22,f
956015565776277510,"Cryin’ Chuck Schumer fully understands, especially after his humiliating defeat, that if there is no Wall, there is no DACA. We must have safety and security, together with a strong Military, for our great people!",f,f,Twitter for iPhone,130726,28699,2018-01-24 04:07:27,f
954541219970977793,"Not looking good for our great Military or Safety &amp, Security on the very dangerous Southern Border. Dems want a Shutdown in order to help diminish the great success of the Tax Cuts, and what they are doing for our booming economy.",f,f,Twitter for iPhone,98912,24642,2018-01-20 02:28:56,f
953979393180950528,"We need the Wall for the safety and security of our country. We need the Wall to help stop the massive inflow of drugs from Mexico, now rated the number one most dangerous country in the world. If there is no Wall, there is no Deal!",f,f,Twitter for iPhone,104584,22841,2018-01-18 13:16:26,f
953264081871495168,"We must have Security at our VERY DANGEROUS SOUTHERN BORDER, and we must have a great WALL to help protect us, and to help stop the massive inflow of drugs pouring into our country!",f,f,Twitter for iPhone,99384,19528,2018-01-16 13:54:02,f
952887520790040576,"Statement by me last night in Florida: “Honestly, I don’t think the Democrats want to make a deal. They talk about DACA, but they don’t want to help..We are ready, willing and able to make a deal but they don’t want to. They don’t want security at the border, they don’t want.....",f,f,Twitter for iPhone,79837,17507,2018-01-15 12:57:43,f
951875499537641472,"Today, it was my great honor to proclaim January 15, 2018, as Martin Luther King Jr., Federal Holiday. I encourage all Americans to observe this day with appropriate civic, community, and service activities in honor of Dr. King's life and legacy. https://t.co/samlJsz1Nt",f,f,Twitter for iPhone,92007,20820,2018-01-12 17:56:18,f
951813216291708928,"Never said anything derogatory about Haitians other than Haiti is, obviously, a very poor and troubled country. Never said “take them out.” Made up by Dems. I have a wonderful relationship with Haitians. Probably should record future meetings - unfortunately, no trust!",f,f,Twitter for iPhone,115160,28195,2018-01-12 13:48:49,f
951793123985973248,"The language used by me at the DACA meeting was tough, but this was not the language used. What was really tough was the outlandish proposal made - a big setback for DACA!",f,f,Twitter for iPhone,86300,19072,2018-01-12 12:28:58,f
1210558076815912960,"Academy Award winning actor (and great guy!) @jonvoight is fantastic in the role of Mickey Donovan in the big television hit, Ray Donovan. From Midnight Cowboy to Deliverance to The Champ (one of the best ever boxing movies), &amp, many others, Jon delivers BIG. Also, LOVES THE USA!",f,f,Twitter for iPhone,70867,15435,2019-12-27 13:48:31,f
1210032384571269121,"Why should Crazy Nancy Pelosi, just because she has a slight majority in the House, be allowed to Impeach the President of the United States? Got ZERO Republican votes, there was no crime, the call with Ukraine was perfect, with “no pressure.” She said it must be “bipartisan....",f,t,Twitter for iPhone,9025,2355,2019-12-26 02:59:36,f
1205542430453501955,“This whole process has been rigged from the start.”  @RepDLesko,f,f,Twitter for iPhone,74879,15584,2019-12-13 17:38:07,f
1204057010192420864,The best Economy ever! https://t.co/Ql8f16uGXD,f,f,Twitter for iPhone,67899,17256,2019-12-09 15:15:36,f
1199811730353905665,People now realize it is a Democrat Hoax! https://t.co/6O3lFa2wU7,f,f,Twitter for iPhone,74176,16714,2019-11-27 22:06:22,f
1197319631158988800,"Watch @TuckerCarlson, @seanhannity, @IngrahamAngle. Big News! @FoxNews",f,f,Twitter for iPhone,37431,9063,2019-11-21 01:03:39,f
1197128659192164357,True. Great job @RepMikeTurner! https://t.co/T0AdyNLuVb,f,f,Twitter for iPhone,33066,9850,2019-11-20 12:24:48,f
1195583138405212160,RT @realDonaldTrump: Big day in LOUISIANA tomorrow! Get out and VOTE to replace Radical Liberal Democrat John Bel Edwards with a great new...,f,t,Twitter for iPhone,0,10084,2019-11-16 06:03:27,f
1195356211937468417,"....They call it “serving at the pleasure of the President.” The U.S. now has a very strong and powerful foreign policy, much different than proceeding administrations. It is called, quite simply, America First! With all of that, however, I have done FAR more for Ukraine than O.",f,f,Twitter for iPhone,59255,15332,2019-11-15 15:01:44,f
1184307214623875072,A great group of Champions! https://t.co/A2ux83427l,f,f,Twitter for iPhone,39869,7861,2019-10-16 03:16:57,f
1192594646691729408,STATEMENT FROM PRESIDENT DONALD J. TRUMP https://t.co/EktztHfLk6,f,f,Twitter for iPhone,101249,27733,2019-11-08 00:08:15,f
1191342959695933441,“There is no Whistleblower. There is someone with an agenda against Donald Trump. What he was blowing the whistle on didn’t happen. We have the transcript of the call. This is all a farce and no Republican should forget that.” @dbongino @foxandfriends,f,f,Twitter for iPhone,60985,16158,2019-11-04 13:14:30,f
1191322448718966784,"Mark Levin, a great lawyer and scholar, said last night on his @marklevinshow, that all you have to do is read the transcript of the call, you do not need Never Trumpers or other witnesses to say what it means or says. It is plainly and very well stated for all to see. Witch Hunt",f,f,Twitter for iPhone,62667,15858,2019-11-04 11:53:00,f
1190737940940574720,A giant Scam! https://t.co/E2gcPaddD1,f,f,Twitter for iPhone,46969,14087,2019-11-02 21:10:22,f
1190373502416752641,"....in New York, and another reason they are leaving. Taxes and energy costs are way too high, Upstate is being allowed to die as other nearby states frack &amp, drill for Gold (oil) while reducing taxes &amp, creating jobs by the thousands. NYC is getting dirty &amp, unsafe again, as",f,t,Twitter for iPhone,1555,464,2019-11-01 09:02:13,f
1189762942004289536,"Thank you Daily Wire. Very cute recreation, but the “live” version of Conan will be leaving the Middle East for the White House sometime next week! https://t.co/Z1UfhxsSpT",f,f,Twitter for iPhone,89015,17613,2019-10-31 04:36:04,f
1189630486886395906,We will be having a big rally for Governor @MattBevin on Monday night in Kentucky. Get your tickets today! https://t.co/uoPhCLGHpH,f,f,Twitter for iPhone,37803,11193,2019-10-30 19:49:44,f
1189505264376000512,"Republicans are very unified and energized in our fight on the Impeachment Hoax with the Do Nothing Democrats, and now  are starting to go after the Substance even more than the very infair Process because just a casual reading of the Transcript leads EVERYBODY to see that.....",f,f,Twitter for iPhone,54605,11829,2019-10-30 11:32:09,f
1189154764359196672,"Where’s the Whistleblower? Just read the Transcript, everything else is made up garbage by Shifty Schiff and the Never Trumpers!",f,f,Twitter for iPhone,71609,16170,2019-10-29 12:19:23,f
1188053446215323650,"“Not a single American citizen has been charged with anything related to Russian Collusion, not one person.” @TuckerCarlson  It was all an illegal Witch Hunt!",f,f,Twitter for iPhone,66666,15739,2019-10-26 11:23:09,f
1187838852255244288,"....in the basement of the United States Capitol! They cannot win at the ballot box. Their sham for the past 3 years continues. The good news is that the American People get it, which will be proven once again on November 3, 2020!",f,f,Twitter for iPhone,52412,11786,2019-10-25 21:10:26,f
1187838848732020737,"I appreciate the support of Senator @LindseyGraham, @SenateMajLdr Mitch McConnell, and their Great Senate Republican colleagues, on the resolution condemning the Do Nothing Democrats for their Witch Hunt Impeachment inquiry, behind closed doors....",f,f,Twitter for iPhone,62709,13860,2019-10-25 21:10:25,f
1186114296524267520,"Thank you John, so nice! https://t.co/OgNZ4kvFT1",f,t,Twitter for iPhone,9218,2556,2019-10-21 02:57:39,f
1185726930764611589,"I thought I was doing something very good for our Country by using Trump National Doral, in Miami, for hosting the G-7 Leaders. It is big, grand, on hundreds of acres, next to MIAMI INTERNATIONAL AIRPORT, has tremendous ballrooms &amp, meeting rooms, and each delegation would have...",f,f,Twitter for iPhone,80583,18166,2019-10-20 01:18:24,f
1184973040150614016,"See you soon Dallas, Texas! https://t.co/Sg6xtp1vqQ",f,f,Twitter for iPhone,57417,11808,2019-10-17 23:22:43,f
1184892687587012608,This deal could NEVER have been made 3 days ago. There needed to be some “tough” love in order to get it done. Great for everybody. Proud of all!,f,f,Twitter for iPhone,99150,19790,2019-10-17 18:03:25,f
1184884179751731200,Great news out of Turkey. News Conference shortly with @VP and @SecPompeo. Thank you to @RTErdogan. Millions of lives will be saved!,f,f,Twitter for iPhone,92337,22695,2019-10-17 17:29:37,f
1184638812150009858,"Hope all House Republicans, and honest House Democrats, will vote to CENSURE Rep. Adam Schiff tomorrow for his brazen and unlawful act of fabricating (making up) a totally phony conversation with the Ukraine President and U.S. President, me. Most have never seen such a thing!",f,f,Twitter for iPhone,103248,27509,2019-10-17 01:14:36,f
1184634725677314050,"“What has happened here with the Anthony Wiener laptop, the Server, all of the Emails between Huma Abedin and Hillary Clinton, the deleted Clinton Emails - what is going on?” @LouDobbs  Joe D &amp, Victoria T!",f,f,Twitter for iPhone,78662,24276,2019-10-17 00:58:22,f
1184579045138337794,FAKE NEWS! https://t.co/ta8ii8yetP,f,f,Twitter Media Studio,126840,39069,2019-10-16 21:17:07,f
1183898080934055936,"Shifty Schiff now seems to think they don’t need the Whistleblower, who started the whole Scam. The reason is that the Whistleblower has lost all credibility because the story is so far from the facts on the Transcrpt. Also, the second Whistleblower is no longer even mentioned!",f,t,Twitter for iPhone,6069,2015,2019-10-15 12:11:12,f
1183506863431786497,"“Congressman Adam Schiff, who when seeing the REAL Ukraine phone call Transcript decided he’d better make up one of his own. ‘I’m going to say this only SEVEN times, so you better listen good. I want you to MAKE UP DIRT ON MY POLITICAL OPPONENT, UNDERSTAND, LOTS OF IT, AND.....",f,f,Twitter for iPhone,75103,18126,2019-10-13 22:16:39,f
1183369132634456066,"Do you remember two years ago when Iraq was going to fight the Kurds in a different part of Syria. Many people wanted us to fight with the Kurds against Iraq, who we just fought for. I said no, and the Kurds left the fight, twice. Now the same thing is happening with Turkey......",f,f,Twitter for iPhone,68862,15559,2019-10-13 13:09:21,f
1182446696598511617,The joint statement released with President Bolsonaro in March makes absolutely clear that I support Brazil beginning the process for full OECD membership. The United States stands by that statement and stands by @jairbolsonaro. This article is FAKE NEWS! https://t.co/Hym9ZATHjt,f,f,Twitter for iPhone,78141,22025,2019-10-11 00:03:55,f
1182112396837625857,A different take! https://t.co/XKnQ6XTF0k,f,f,Twitter for iPhone,40567,9553,2019-10-10 01:55:32,f
1182107033874714624,“I don’t think it’s a Whistleblower at all. I think this is an anonymous source for the Democratic Staff in the House of Representatives. This is an insult to real Whistleblowers. Actual Whistleblowers go on to have their whole lives upended.” John Kiriakou  @TuckerCarlson,f,f,Twitter for iPhone,67857,17857,2019-10-10 01:34:14,f
1181932207767789571,"So true Don, and this was a big lie. Look what happened to Friends of Trump, for less. Can’t let this pass! https://t.co/u2To514DNq",f,f,Twitter for iPhone,32382,8355,2019-10-09 13:59:32,f
1181746918474440705,"....If there is a Runoff in Louisiana, you will have a great new Republican Governor who will Cut your Taxes and Car Insurance, and do a fabulous job for you and your family. Vote Republican, the Party of Honest Abe Lincoln!",f,f,Twitter for iPhone,40954,9382,2019-10-09 01:43:15,f
1181553636444426240,"....understands that while we only had 50 soldiers remaining in that section of Syria, and they have been removed, any unforced or unnecessary fighting by Turkey will be devastating to their economy and to their very fragile currency. We are helping the Kurds financially/weapons!",f,f,Twitter for iPhone,46955,10765,2019-10-08 12:55:13,f
1180886039801602048,"The Biden family was PAID OFF, pure and simple! The fake news must stop making excuses for something that is totally inexcusable. Sleepy Joe said he never spoke to the Ukrainian company, and then the picture came out where he was playing golf with the company boss and Hunter.....",f,f,Twitter for iPhone,94079,25102,2019-10-06 16:42:26,f
1180653341539483650,"The first so-called second hand information “Whistleblower” got my phone conversation almost completely wrong, so now word is they are going to the bench and another “Whistleblower” is coming in from the Deep State, also with second hand info. Meet with Shifty. Keep them coming!",f,f,Twitter for iPhone,92021,22898,2019-10-06 01:17:46,f
1180631325683982336,"“President Trump would be negligent if he did not bring this matter, Biden, up. If the V.P. of the U.S. is self enriching &amp, engaged in criminal behavior, at a minimum corrupt behavior, it ought to be looked at.” Peter Schweizer, author, “Secret Empires.” @marklevinshow",f,f,Twitter for iPhone,72968,18470,2019-10-05 23:50:17,f
1180322833316171778,“Report: ‘Whistleblower’ Never Disclosed Contact with House Intel Panel to Inspector General”https://t.co/Pmhqdgmxba,f,f,Twitter for iPhone,33898,10096,2019-10-05 03:24:27,f
1179406259273031682,"Now the press is trying to sell the fact that I wanted a Moot stuffed with alligators and snakes, with an electrified fence and sharp spikes on top, at our Southern Border. I may be tough on Border Security, but not that tough. The press has gone Crazy. Fake News!",f,t,Twitter for iPhone,13831,3830,2019-10-02 02:42:19,f
1179048439319072768,"Why isn’t Congressman Adam Schiff being brought up on charges for fraudulently making up a statement and reading it to Congress as if this statement, which was very dishonest and bad for me, was directly made by the President of the United States? This should never be allowed!",f,f,Twitter for iPhone,133746,33176,2019-10-01 15:00:28,f
1178446179320942593,"These Radical Left, Do Nothing Democrats, are doing great harm to our Country. They are lying &amp, cheating like never before in our Country’s history in order to destabilize the United States of America &amp, it’s upcoming 2020 Election. They &amp, the Fake News Media are Dangerous &amp, Bad!",f,f,Twitter for iPhone,72175,19468,2019-09-29 23:07:18,f
1178311808945414144,RT @JoelEdmonson: Mark Levin ripped Ed Henry a new one. 🤦‍♂️🤦‍♂️🤦‍♂️🤦‍♂️😂😂😂😂,f,t,Twitter for iPhone,0,2907,2019-09-29 02:13:21,f
1177262335771021312,"A whistleblower with second hand information? Another Fake News Story! See what was said on the very nice, no pressure, call. Another Witch Hunt!",f,f,Twitter for iPhone,67659,14788,2019-09-26 16:43:07,f
1176266094740475905,94% approval rating in the Republican Party. Thank you!,f,f,Twitter for iPhone,129969,20853,2019-09-23 22:44:25,f
1175794079902261252,Look forward to being with our great India loving community! https://t.co/RldaoFw0Uc,f,f,Twitter for iPhone,71070,14610,2019-09-22 15:28:48,f
1174342163141812224,"The Trump Administration is revoking California’s Federal Waiver on emissions in order to produce far less expensive cars for the consumer, while at the same time making the cars substantially SAFER. This will lead to more production because of this pricing and safety......",f,f,Twitter for iPhone,62166,13157,2019-09-18 15:19:24,f
1173368574406250496,PLENTY OF OIL!,f,f,Twitter for iPhone,105465,21311,2019-09-15 22:50:42,f
1173297587773947920,"Can’t let Brett Kavanaugh give Radical Left Democrat (Liberal Plus) Opinions based on threats of Impeaching him over made up stories (sound familiar?), false allegations, and lies. This is the game they play. Fake and Corrupt News is working overtime! #ProtectKavanaugh",f,f,Twitter for iPhone,61488,17162,2019-09-15 18:08:38,f
1172977325455085568,"That is true, and the USA is Winning Again! https://t.co/WHO5NpCTLv",f,f,Twitter for iPhone,70108,14241,2019-09-14 20:56:01,f
1172948822227595266,"The Taliban has never been hit harder than it is being hit right now. Killing 12 people, including one great American soldier, was not a good idea. There are much better ways to set up a negotiation. The Taliban knows they made a big mistake, and they have no idea how to recover!",f,f,Twitter for iPhone,85237,17627,2019-09-14 19:02:46,f
1171758532280143873,"....This is a phony suppression poll, meant to build up their Democrat partners. I haven’t even started campaigning yet, and am constantly fighting Fake News like Russia, Russia, Russia. Look at North Carolina last night. Dan Bishop, down big in the Polls, WINS. Easier than 2016!",f,f,Twitter for iPhone,52233,9645,2019-09-11 12:12:58,f
1169753952130359297,"Just talked to Governor Roy Cooper of North Carolina as Hurricane Dorian ominously comes up the East Coast. We are monitoring it at the @WhiteHouse, ready to assist via our great team over at @FEMA, who are already on site. We are with you all the way North Carolina. BE SAFE!",f,f,Twitter for iPhone,36628,7109,2019-09-05 23:27:29,f
1168163118347890689,This is only the beginning! https://t.co/mFrtBPtCcO,f,f,Twitter for iPhone,39211,9983,2019-09-01 14:06:05,f
1167064301565358080,"The Farmers are going to be so happy when they see what we are doing for Ethanol, not even including the E-15, year around, which is already done. It will be a giant package, get ready! At the same time I was able to save the small refineries from certain closing. Great for all!",f,f,Twitter for iPhone,73301,15779,2019-08-29 13:19:47,f
1166789207215484928,"Another totally Fake story in the Amazon Washington Post (lobbyist) which states that if my Aides broke the law to build the Wall (which is going up rapidly), I would give them a Pardon. This was made up by the Washington Post only in order to demean and disparage - FAKE NEWS!",f,f,Twitter for iPhone,70694,17212,2019-08-28 19:06:39,f
1163809817208733701,"Maria, despite all of their will and energy, it won’t work! https://t.co/qUTkERCfsv",f,f,Twitter for iPhone,36258,8731,2019-08-20 13:47:37,f
1164174364994080768,....WHERE IS THE FEDERAL RESERVE?,f,f,Twitter for iPhone,69184,14585,2019-08-21 13:56:12,f
1164158321265451008,"Doing great with China and other Trade Deals. The only problem we have is Jay Powell and the Fed. He’s like a golfer who can’t putt, has no touch. Big U.S. growth if he does the right thing, BIG CUT - but don’t count on him! So far he has called it wrong, and only let us down....",f,f,Twitter for iPhone,59815,12739,2019-08-21 12:52:27,f
1163600519467798529,"Great discussion with Prime Minister @BorisJohnson today. We talked about Brexit and how we can move rapidly on a US-UK free trade deal. I look forward to meeting with Boris this weekend, at the @G7, in France!",f,f,Twitter for iPhone,59680,13350,2019-08-19 23:55:57,f
1163064539837022209,"With all that this Administration has accomplished, think what my Poll Numbers would be if we had an honest Media, which we do not!",f,f,Twitter for iPhone,88774,17896,2019-08-18 12:26:09,f
1162845274290708481,RT @NewSchug: @CLewandowski_ Greatest President in my lifetime!!!,f,t,Twitter for iPhone,0,1399,2019-08-17 09:54:52,f
1162044502292537344,"The Fake News Media is doing everything they can to crash the economy because they think that will be bad for me and my re-election. The problem they have is that the economy is way too strong and we will soon be winning big on Trade, and everyone knows that, including China!",f,f,Twitter for iPhone,71543,18222,2019-08-15 16:52:53,f
1161774305895694336,"I know President Xi of China very well. He is a great leader who very much has the respect of his people. He is also a good man in a “tough business.” I have ZERO doubt that if President Xi wants to quickly and humanely solve the Hong Kong problem, he can do it. Personal meeting?",f,f,Twitter for iPhone,95036,20174,2019-08-14 22:59:13,f
1161258370478858240,"Through massive devaluation of their currency and pumping vast sums of money into their system, the tens of billions of dollars that the U.S. is receiving is a gift from China. Prices not up, no inflation. Farmers getting more than China would be spending. Fake News won’t report!",f,f,Twitter for iPhone,58939,14550,2019-08-13 12:49:05,f
1160316831414067200,"Think how wonderful it is to be able to fight back and show, to so many, how totally dishonest the Fake News Media really is. It may be the most corrupt and disgusting business (almost) there is! MAKE AMERICA GREAT AGAIN!",f,f,Twitter for iPhone,136139,29993,2019-08-10 22:27:44,f
1160306983376961536,"....cause big disruption by going to Manhattan. Working almost all of the time, including evenings. Don’t have to be in W.H. to do that...And sooo many other false statements. He is right about one thing, though. I will win again in 2020. Otherwise, he pays 95% in taxes!",f,f,Twitter for iPhone,103738,17497,2019-08-10 21:48:36,f
1158706056677199874,"....are NOT planning to illegally subvert the 2020 Election despite all that has been said to the contrary. It all sounded good until I watched Kevin Cernekee, a Google engineer, say terrible things about what they did in 2016 and that they want to “Make sure that Trump losses...",f,t,Twitter for iPhone,46915,10862,2019-08-06 11:47:06,f
1158407373666566145,"China is intent on continuing to receive the hundreds of Billions of Dollars they have been taking from the U.S. with unfair trade practices and currency manipulation. So one-sided, it should have been stopped many years ago!",f,f,Twitter for iPhone,64061,13634,2019-08-05 16:00:14,f
1157112604801654784,"I would like to thank two Great Iowa Senators, @ChuckGrassley and @SenJoniErnst - for their support today on the Spending Bill. Their vote, and the vote of other Republicans and Democrats helped get this done in a bipartisan fashion. Thank you all!",f,f,Twitter for iPhone,61712,11645,2019-08-02 02:15:17,f
1156666163310530560,"What the Market wanted to hear from Jay Powell and the Federal Reserve was that this was the beginning of a lengthy and aggressive rate-cutting cycle which would keep pace with China, The European Union and other countries around the world....",f,f,Twitter for iPhone,64131,13052,2019-07-31 20:41:17,f
1156655361711071232,"The Prosecutors who lost the case against SEAL Eddie Gallagher (who I released from solitary confinement so he could fight his case properly), were ridiculously given a Navy Achievement Medal. Not only did they lose the case, they had difficulty with respect....",f,f,Twitter for iPhone,80538,15810,2019-07-31 19:58:22,f
1156567209528975360,"Such a great victory in court yesterday on the Russian Hoax, the greatest political scam in the history of our Country. TREASON! Hopefully, the Attorney Generel of the United States, and all of those working with him, will find out, in great detail, what happened. NEVER AGAIN!!!!",f,f,Twitter for iPhone,93790,22227,2019-07-31 14:08:05,f
1154817932540690432,"Great morning at the Pentagon yesterday. Congratulations to our new Defense Secretary, Mark @EsperDoD! https://t.co/zqtA4XytJA",f,f,Twitter for iPhone,62225,11769,2019-07-26 18:17:05,f
1155807406812782592,"The E.U. and China will further lower interest rates and pump money into their systems, making it much easier for their manufacturers to sell product. In the meantime, and with very low inflation, our Fed does nothing - and probably will do very little by comparison. Too bad!",f,f,Twitter for iPhone,53874,12324,2019-07-29 11:48:54,f
1155439940618129408,"....a look, the facts speak far louder than words! The Democrats always play the Race Card, when in fact they have done so little for our Nation’s great African American people. Now, lowest unemployment in U.S. history, and only getting better. Elijah Cummings has failed badly!",f,f,Twitter for iPhone,131719,25628,2019-07-28 11:28:43,f
1154763413358370816,Q2 GDP Up 2.1% Not bad considering we have the very heavy weight of the Federal Reserve anchor wrapped around our neck. Almost no inflation. USA is set to Zoom!,f,f,Twitter for iPhone,62377,13279,2019-07-26 14:40:26,f
1154160788329967619,“The Media’s Mueller Meltdown” @JesseBWatters https://t.co/EXdlk45ovU,f,f,Twitter for iPhone,38538,10673,2019-07-24 22:45:49,f
1154112475002036234,TRUTH IS A FORCE OF NATURE!,f,f,Twitter for iPhone,197491,43784,2019-07-24 19:33:51,f
1153274069028089856,"With almost no inflation, our Country is needlessly being forced to pay a MUCH higher interest rate than other countries only because of a very misguided Federal Reserve. In addition, Quantitative Tightening is continuing, making it harder for our Country to compete. As good.....",f,f,Twitter for iPhone,72755,14419,2019-07-22 12:02:19,f
1152894521463754752,"The Great State of West Virginia is producing record setting numbers and doing really well. When I became President, it was practically shut down and closed for business. Not anymore!",f,f,Twitter for iPhone,81900,15320,2019-07-21 10:54:08,f
1152195096517009409,"....Governor of the State did a good  job. That may be true but she could not have done it without the tremendous economic success of our Country &amp, the turnaround that my Administration has caused. Really Nasty to me in his average I.Q. Columns, kissed my a.. on the call. Phony!",f,f,Twitter for iPhone,71654,11810,2019-07-19 12:34:52,f
1149889094664802311,"""""""BOOMERANG OF JUSTICE"""" @SeanHannity https://t.co/MUbkCXRpfM""",f,f,Twitter Media Studio,43525,12407,2019-07-13 03:51:38,f
1151871835564326918,"Most of the MS-13 Gang members indicted &amp, arrested in L.A. were illegal aliens, 19 of 22. They are said to have killed many people in the most brutal fashion. They should never have been allowed in our Country for so long, 10 years. We have arrested and deported thousands....",f,f,Twitter for iPhone,96626,20713,2019-07-18 15:10:20,f
1150948978218979328,“The best economy in our lifetime!” @IngrahamAngle,f,f,Twitter for iPhone,99145,17251,2019-07-16 02:03:14,f
1149812548625195008,"The DOW, S&amp,P 500, and NASDAQ all close the week at a new record high! https://t.co/wPJiM8n7m2",f,f,Twitter for iPhone,49690,12575,2019-07-12 22:47:28,f
1149777787747803136,"I am thrilled to be back in the Great State of Wisconsin with the extraordinary men &amp, women of Derco Aerospace! We are here today to celebrate the triumphant return of American Manufacturing, and everything we are doing to keep the assembly lines rolling...https://t.co/6jR72cNNPH",f,f,Twitter for iPhone,42980,10141,2019-07-12 20:29:21,f
1149661694735474688,"When you are the big “piggy bank” that other countries have been ripping off for years (to a level that is not to be believed), Tariffs are a great negotiating tool, a great revenue producer and,  most importantly, a powerful way to get......",f,f,Twitter for iPhone,59290,11574,2019-07-12 12:48:02,f
1149477795308789760,#SocialMediaSummit @WhiteHouse https://t.co/Z7tlvC3QUN,f,f,Twitter for iPhone,46406,12445,2019-07-12 00:37:17,f
1149107461539975168,"Congratulations to @DrGregMurphy1 of North Carolina (#NC03) on his great primary victory for the United States Congress. Greg is tough on Crime, Borders, and loves our Second Amendment, our Military and our Vets. He has my Complete and Total Endorsement!",f,f,Twitter for iPhone,40594,8730,2019-07-11 00:05:42,f
1146514575048790019,"If Illegal Immigrants are unhappy with the conditions in the quickly built or refitted detentions centers, just tell them not to come. All problems solved!",f,f,Twitter for iPhone,246789,54377,2019-07-03 20:22:30,f
1146501821579583488,".....came from, and in far safer conditions. No matter how good things actually look, even if perfect, the Democrat visitors will act shocked &amp, aghast at how terrible things are. Just Pols. If they really want to fix them, change the Immigration Laws and Loopholes. So easy to do!",f,f,Twitter for iPhone,83255,15725,2019-07-03 19:31:49,f
1145720615925637125,"“In my opinion the President has done more good on the Korean issue in the last year and a half than President Obama did in eight years. If you look at the strides they made during the Obama years, which advocated strategic patience-they stuck their head in the sand. This is.....",f,f,Twitter for iPhone,73484,13725,2019-07-01 15:47:35,f
1141499029727121408,"Since Election Day 2016, Stocks up almost 50%, Stocks gained 9.2 Trillion Dollars in value, and more than 5,000,000 new jobs added to the Economy. @LouDobbs If our opponent had won, there would have been a market crash, plain and simple! @TuckerCarlson @seanhannity @IngrahamAngle",f,f,Twitter for iPhone,66558,15797,2019-06-20 00:12:31,f
1140944847039324160,"The Fake News doesn’t report it, but Republican enthusiasm is at an all time   high. Look what is going on in Orlando, Florida, right now! People have never seen anything like it (unless you play a guitar). Going to be wild - See you later!",f,f,Twitter for iPhone,76605,17143,2019-06-18 11:30:23,f
1134240657621438464,....at which time the Tariffs will be removed. Details from the White House to follow.,f,f,Twitter for iPhone,89078,16692,2019-05-30 23:30:20,f
1139859489832820737,“The latest Polls find 51% of Americans approve of President Trump’s Job Performance. Last month a Democrat Pollster said President Trump’s approval rating has been the most steady of any President in history!” @OANN,f,f,Twitter for iPhone,56787,11768,2019-06-15 11:37:34,f
1139663211874148352,"....While Pennsylvania is BOOMING, I don’t want there to be even a little glitch in Coatesville – every job counts. I want Lockhead to BOOM along with it!",f,f,Twitter for iPhone,61111,10997,2019-06-14 22:37:38,f
1138502239109111808,"On my way to Iowa - just heard nearly 1,000 agriculture groups signed a letter urging Congress to approve the USMCA. Our Patriot Farmers &amp, rural America have spoken! Now Congress must do its job &amp, support these great men and women by passing the bipartisan USMCA Trade Agreement!",f,f,Twitter for iPhone,71260,16797,2019-06-11 17:44:20,f
1137500852778864645,"Watched MSNBC this morning just to see what the opposition was saying about events of the past week. Such lies, almost everything they were saying was the opposite of the truth. Fake News! No wonder their ratings, along with CNN, are WAY DOWN. The hatred Comcast has is amazing!",f,f,Twitter for iPhone,96243,21189,2019-06-08 23:25:11,f
1137045728344170496,"If we are able to make the deal with Mexico, &amp, there is a good chance that we will, they will begin purchasing Farm &amp, Agricultural products at very high levels, starting immediately. If we are unable to make the deal, Mexico will begin paying Tariffs at the 5% level on Monday!",f,f,Twitter for iPhone,59725,12760,2019-06-07 17:16:41,f
1136146104838434821,#USStateVisit🇺🇸🇬🇧 https://t.co/XKa0iJRQYO,f,f,Twitter for iPhone,53509,10413,2019-06-05 05:41:54,f
1135822941588008960,#USStateVisit🇺🇸🇬🇧 https://t.co/8eN2bvtLLU,f,f,Twitter for iPhone,96161,18725,2019-06-04 08:17:46,f
1135141467062771713,The Democrats are doing nothing on the Border to address the Humanitarian and National Security Crisis! Could be fixed so easily if they would vote with Republicans to fix the loopholes.,f,f,Twitter for iPhone,59564,13788,2019-06-02 11:09:50,f
1134107544681455616,“Comey and Brennan are turning on each other.”  @kilmeade,f,f,Twitter for iPhone,57990,12630,2019-05-30 14:41:24,f
1134066372584062976,"....say he fought back against this phony crime that didn’t exist, this horrendous false accusation, and he shouldn’t fight back, he should just sit back and take it. Could this be Obstruction? No, Mueller didn’t find Obstruction either. Presidential Harassment!",f,f,Twitter for iPhone,92507,18459,2019-05-30 11:57:47,f
1132506435848495104,Great progress being made in our Trade Negotiations with Japan. Agriculture and beef heavily in play. Much will wait until after their July elections where I anticipate big numbers!,f,f,Twitter for iPhone,77367,18365,2019-05-26 04:39:09,f
1132187724830482433,"Can’t believe that Rolling Thunder would be given a hard time with permits in Washington, D.C. They are great Patriots who I have gotten to know and see in action. They love our Country and love our Flag. If I can help, I will!",f,f,Twitter for iPhone,92693,19805,2019-05-25 07:32:43,f
1131215959107231745,"..BETWEEN RUSSIA AND THE TRUMP CAMPAIGN. Mr. McGahn can be forgiven for declining the honor of appearing in Mr. Nadler’s pseudo-impeachment drama.” Wall Street Journal Editorial BoardToday - May 21, 2019",f,f,Twitter for iPhone,51462,11372,2019-05-22 15:11:16,f
1131158414279827457,"Also, tremendous work is being done on pure renovation - fixing existing Walls that are in bad condition and ineffective, and bringing them to a very high standard!",f,f,Twitter for iPhone,66141,12176,2019-05-22 11:22:36,f
1130870087823613952,"...Mexico’s attitude is that people from other countries, including Mexico, should have the right to flow into the U.S. &amp, that U.S. taxpayers should be responsible for the tremendous costs associated w/this illegal migration. Mexico is wrong and I will soon be giving a response!",f,f,Twitter for iPhone,88591,18560,2019-05-21 16:16:54,f
1130436890891620352,"Two Tweets missing from last batch, probably a Twitter error. No time for a redo! Only the Dems get redos!",f,t,Twitter for iPhone,4267,1101,2019-05-20 11:35:31,f
1130433205537038337,"The Failing New York Times (it will pass away when I leave office in 6 years), and others of the Fake News Media, keep writing phony stories about how I didn’t use many banks because they didn’t want to do business with me. WRONG! It is because I didn’t need money. Very old",f,f,Twitter for iPhone,90439,17057,2019-05-20 11:20:53,f
1129472149339693062,"Today, it was my great honor to address the the National Association of REALTORS! https://t.co/LQNExa57ne",f,f,Twitter for iPhone,47161,9713,2019-05-17 19:41:59,f
1129429624331657217,"With all of the Fake and Made Up News out there, Iran can have no idea what is actually going on!",f,f,Twitter for iPhone,80722,17081,2019-05-17 16:53:00,f
1128739520311066626,"The Fake News Washington Post, and even more Fake News New York Times, are writing stories that there is infighting with respect to my strong policy in the Middle East. There is no infighting whatsoever....",f,f,Twitter for iPhone,93138,19025,2019-05-15 19:10:47,f
1127938873630367744,"Democrat Rep. Tlaib is being slammed for her horrible and highly insensitive statement on the Holocaust. She obviously has tremendous hatred of Israel and the Jewish people. Can you imagine what would happen if I ever said what she said, and says?",f,f,Twitter for iPhone,96956,24716,2019-05-13 14:09:18,f
1127878614761050112,"information! As long as President Trump is President, his opposition will use every tool, and misuse every tool available, to make his life miserable.” @TomFitton @JudicialWatch @LouDobbs  Sadly, this proves I am doing a great job - Also, Best Economy and Employment Numbers EVER!",f,f,Twitter for iPhone,66396,14178,2019-05-13 10:09:51,f
1127342552745762816,"I was NOT going to fire Bob Mueller, and did not fire Bob Mueller. In fact, he was allowed to finish his Report with unprecedented help from the Trump Administration. Actually, lawyer Don McGahn had a much better chance of being fired than Mueller. Never a big fan!",f,f,Twitter for iPhone,75471,15851,2019-05-11 22:39:44,f
1126810275255136256,"We have lost 500 Billion Dollars a year, for many years, on Crazy Trade with China. NO MORE!",f,f,Twitter for iPhone,72157,16397,2019-05-10 11:24:39,f
1126183652042391553,"Thank you @NewtGingrich &amp, @FoxandFriends! https://t.co/GYJ7U2k7nn",f,f,Twitter Media Studio,40213,10196,2019-05-08 17:54:40,f
1126106540015071232,"The reason for the China pullback &amp, attempted renegotiation of the Trade Deal is the sincere HOPE that they will be able to “negotiate” with Joe Biden or one of the very weak Democrats, and thereby continue to ripoff the United States (($500 Billion a year)) for years to come....",f,f,Twitter for iPhone,75154,17487,2019-05-08 12:48:15,f
1125235131759960064,.....The Witch Hunt is over but we will never forget. MAKE AMERICA GREAT AGAIN!,f,f,Twitter for iPhone,99332,18152,2019-05-06 03:05:35,f
1119738237218631680,"Check out @MarkLevinShow: Life, Liberty &amp, Levin on @FoxNews now (7pm)!",f,f,Twitter for iPhone,36760,6939,2019-04-20 23:02:54,f
1123527691133693952,RT @QuaglianoJohn: @dbongino Roger that....firefighters will vote Trump! The union may not be representing its membership appropriately in...,f,t,Twitter for iPhone,0,2560,2019-05-01 10:00:50,f
1122319181221892096,"Beautiful #TrumpRally tonight in Green Bay, Wisconsin with a massive crowd. Thank you for joining me, I love you! #MAGA🇺🇸https://t.co/JRyhOXH7EE",f,f,Twitter for iPhone,72846,17203,2019-04-28 01:58:39,f
1122285823473401857,"Just arrived in Green Bay, Wisconsin for a #MAGA Rally. Big crowds - join me at 8:00 P.M. Eastern, live on @FoxNews!",f,f,Twitter for iPhone,48142,7739,2019-04-27 23:46:06,f
1120655199130017792,The Wall is being rapidly built! The Economy is GREAT! Our Country is Respected again!,f,f,Twitter for iPhone,127324,23273,2019-04-23 11:46:34,f
1119943293297623040,The Trump Haters and Angry Democrats who wrote the Mueller Report were devastated by the No Collusion finding! Nothing but a total “hit job” which should never have been allowed to start in the first place!,f,f,Twitter for iPhone,89381,18059,2019-04-21 12:37:43,f
1119800605134991360,RT @seanhannity: Prior Reporting Confirmed That Some FBI Agents Were FED UP With Comey https://t.co/xKVZMVnOQI,f,t,Twitter for iPhone,0,13266,2019-04-21 03:10:43,f
1119037461190066176,"“The Mueller Report is perhaps the single most humiliating thing that has ever happened to the White House Press in the history of this Country. They know they lied...Many reporters lied about Russia Collusion and so much more. Clapper &amp, Brennan, all lies” @TuckerCarlson",f,f,Twitter for iPhone,105165,26469,2019-04-19 00:38:16,f
1118854454802096131,Attorney General William Barr’s Press Conference today at 9:30 AM ET. Watch on @FoxNews @OANN,f,f,Twitter for iPhone,57176,11137,2019-04-18 12:31:03,f
1117793692281135104,The Radical Left Democrats will never be satisfied with anything we give them. They will always Resist and Obstruct!,f,f,Twitter for iPhone,72749,15602,2019-04-15 14:15:58,f
1117748268820201472,"Mueller, and the A.G. based on Mueller findings (and great intelligence), have already ruled No Collusion, No Obstruction. These were crimes committed by Crooked Hillary, the DNC, Dirty Cops and others! INVESTIGATE THE INVESTIGATORS!",f,f,Twitter for iPhone,80731,20373,2019-04-15 11:15:28,f
1117601418855243778,".@SteveHiltonx  “This is President Trump trying to deliver on his promises while the bureaucratic machine fights his agenda. He needs populist allies. These changes are not chaos, but rather progress. All this is President Trump at his absolute best.” Thank you Steve!",f,f,Twitter for iPhone,62095,13378,2019-04-15 01:31:56,f
1116498486638317568,Great heroes! https://t.co/ltiNOcBBeo,f,t,Twitter for iPhone,1970,589,2019-04-12 12:29:17,f
1114556595663323136,"So, let’s get this straight! There was No Collusion and in fact the Phony Dossier was a Con Job that was paid for by Crooked Hillary and the DNC. So the 13 Angry Democrats were investigating an event that never happened and that was in fact a made up Fraud. I just fought back....",f,f,Twitter for iPhone,78576,19077,2019-04-06 15:52:54,f
1113047970251931648,"In 1998, Rep.Jerry Nadler strongly opposed the release of the Starr Report on Bill Clinton. No information whatsoever would or could be legally released. But with the NO COLLUSION Mueller Report, which the Dems hate, he wants it all. NOTHING WILL EVER SATISFY THEM! @foxandfriends",f,f,Twitter for iPhone,71907,18423,2019-04-02 11:58:10,f
1112702018383212544,Can you believe that the Radical Left Democrats want to do our new and very important Census Report without the all important Citizenship Question. Report would be meaningless and a waste of the $Billions (ridiculous) that it costs to put together!,f,f,Twitter for iPhone,105001,25871,2019-04-01 13:03:28,f
1111745178824511489,"Had the Fed not mistakenly raised interest rates, especially since there is very little inflation, and had they not done the ridiculously timed quantitative tightening, the 3.0% GDP, &amp, Stock Market, would have both been much higher &amp, World Markets would be in a better place!",f,f,Twitter for iPhone,79110,17029,2019-03-29 21:41:20,f
1110495339369377793,The Mainstream Media is under fire and being scorned all over the World as being corrupt and FAKE. For two years they pushed the Russian Collusion Delusion when they always knew there was No Collusion. They truly are the Enemy of the People and the Real Opposition Party!,f,f,Twitter for iPhone,171222,40962,2019-03-26 10:54:55,f
1109126357852786690,"ISIS uses the internet better than almost anyone, but for all of those susceptible to ISIS propaganda, they are now being beaten badly at every level....",f,f,Twitter for iPhone,112752,19013,2019-03-22 16:15:04,f
1108472769589633025,Really beautiful to see! https://t.co/DKq2TIeiSs,f,f,Twitter for iPhone,158276,34054,2019-03-20 20:57:57,f
1107673256268623872,GDP growth during the four quarters of 2018 was the fastest since 2005. This Administration is the first on record to have experienced economic growth that meets or exceeds its own forecasts in each of its first two years in office. GROWTH is beating MARKET EXPECTATIONS!,f,f,Twitter for iPhone,76504,17852,2019-03-18 16:00:58,f
1107420505479528448,"What the Democrats have done in trying to steal a Presidential Election, first at the “ballot box” and then, after that failed, with the “Insurance Policy,” is the biggest Scandal in the history of our Country!",f,f,Twitter for iPhone,111561,29911,2019-03-17 23:16:38,f
1107395320596627457,RT @LonewolfnDuke: @Lrihendry https://t.co/eVXFEQCkat,f,t,Twitter for iPhone,0,8288,2019-03-17 09:36:33,f
1106279613431508992,"I look forward to VETOING the just passed Democrat inspired Resolution which would OPEN BORDERS while increasing Crime, Drugs, and Trafficking in our Country. I thank all of the Strong Republicans who voted to support Border Security and our desperately needed WALL!",f,f,Twitter for iPhone,153434,34999,2019-03-14 19:43:08,f
1105871954001739782,Democrats will have a unanimous vote on a 20% issue in opposing Republican Senators tomorrow. The Dems are for Open Borders and Crime!,f,f,Twitter for iPhone,59906,14108,2019-03-13 16:43:14,f
1104514899051462657,This is just the beginning! https://t.co/PYwFGVGUxX,f,f,Twitter for iPhone,66861,16441,2019-03-09 22:50:47,f
1104499701016133634,"I hope the grandstanding Governor of California is able to spend his very highly taxed citizens money on asylum holds more efficiently than money has been spent on the so-called Fast Train, which is $Billions over budget &amp, in total disarray. Time to reduce taxes in California!",f,f,Twitter for iPhone,90614,18934,2019-03-09 21:50:23,f
1098191360987930624,“Andrew McCabe gave absolutely no evidence of any threat to substantiate his ABSURD claim.” @LouDobbs,f,f,Twitter for iPhone,63573,12874,2019-02-20 12:03:18,f
1103995281203478528,Thank you @foxandfriends. Great show!,f,f,Twitter for iPhone,43974,6301,2019-03-08 12:26:00,f
1102658425505366018,"The military drills, or war games as I call them, were never even discussed in my mtg w/ Kim Jong Un of NK—FAKE NEWS! I made that decision long ago because it costs the U.S. far too much money to have those “games”, especially since we are not reimbursed for the tremendous cost!",f,f,Twitter for iPhone,76764,15778,2019-03-04 19:53:49,f
1102603979442270208,"FEMA has been told directly by me to give the A Plus treatment to the Great State of Alabama and the wonderful people who have been so devastated by the Tornadoes. @GovernorKayIvey, one of the best in our Country, has been so informed. She is working closely with FEMA (and me!).",f,f,Twitter for iPhone,68341,13543,2019-03-04 16:17:28,f
1101880269106221058,Thank you @marklevinshow!https://t.co/dwQR11genG,f,f,Twitter for iPhone,70411,17525,2019-03-02 16:21:42,f
1101870920795373569,"@TeamCavuto  It was a 3 day train ride to Vietnam, not 3 hours!",f,f,Twitter for iPhone,5728,1548,2019-03-02 15:44:33,f
1101839731761995776,"Will be speaking at CPAC at 11:30 this morning. Record crowd, live broadcast. Enjoy!",f,f,Twitter for iPhone,66161,11122,2019-03-02 13:40:37,f
1101289772528603137,I will be interviewed by @seanhannity at 9:00 P.M. on @FoxNews. Enjoy!,f,f,Twitter for iPhone,53856,8784,2019-03-01 01:15:17,f
1100105732450443265,"Congratulations to @DJohnsonPGA on his 20th PGA Tour WIN. Not only is Dustin a truly great golfer, he is a wonderful guy. Big year ahead for Dustin!",f,f,Twitter for iPhone,58749,7650,2019-02-25 18:50:20,f
1100048114382266374,“Why on earth would any Republican vote not to put up a Wall or against Border Security. Please explain that to me?” @Varneyco,f,f,Twitter for iPhone,94083,18671,2019-02-25 15:01:23,f
1099654763531055104,"Very productive talks yesterday with China on Trade. Will continue today! I will be leaving for Hanoi, Vietnam, early tomorrow for a Summit with Kim Jong Un of North Korea, where we both expect a continuation of the progress made at first Summit in Singapore. Denuclearization?",f,f,Twitter for iPhone,81692,15396,2019-02-24 12:58:20,f
1098959451292426241,Fake News is so bad for our Country! https://t.co/ZwA8E0URer,f,f,Twitter for iPhone,79816,19736,2019-02-22 14:55:25,f
1096926633708134406,"Trade negotiators have just returned from China where the meetings on Trade were very productive. Now at meetings with me at Mar-a-Lago giving the details. In the meantime, Billions of Dollars are being paid to the United States by China in the form of Trade Tariffs!",f,f,Twitter for iPhone,94952,18573,2019-02-17 00:17:44,f
1095049352840658944,۴۰ سال فساد. ۴۰ سال سرکوب. ۴۰ سال ترور. رژیم ایران فقط موجب #چهل_سال_شکست شده است. مردم ایران که مدتهاست در رنجند شایسته آینده روشن تری هستند https://t.co/nKMQCHQFCZ,f,f,Twitter for iPhone,65340,16461,2019-02-11 19:58:05,f
1094939561485062146,“Fact checkers have become Fake News.” @JesseBWatters   So True!,f,f,Twitter for iPhone,74022,14149,2019-02-11 12:41:49,f
1090566017238093824,Maduro willing to negotiate with opposition in Venezuela following U.S. sanctions and the cutting off of oil revenues. Guaido is being targeted by Venezuelan Supreme Court. Massive protest expected today. Americans should not travel to Venezuela until further notice.,f,f,Twitter for iPhone,78335,24595,2019-01-30 11:02:54,f
1088418271194464256,"So interesting that bad lawyer Michael Cohen, who sadly will not be testifying before Congress, is using the lawyer of Crooked Hillary Clinton to represent him - Gee, how did that happen? Remember July 4th weekend when Crooked went before FBI &amp, wasn’t sworn in, no tape, nothing?",f,f,Twitter for iPhone,88706,20354,2019-01-24 12:48:32,f
1087743320988835841,"...big Crooked Hillary law firm, represented by her lawyer Michael Sussmann (do you believe this?) who worked Baker hard &amp, gave him Oppo Research for “a Russia probe.” This meeting, now exposed, is the subject of Senate inquiries and much more. An Unconstitutional Hoax. @FoxNews",f,f,Twitter for iPhone,103167,25332,2019-01-22 16:06:31,f
1087726599225688064,"Last time I went to Davos, the Fake News said I should not go there. This year, because of the Shutdown, I decided not to go, and the Fake News said I should be there. The fact is that the people understand the media better than the media understands them!",f,f,Twitter for iPhone,94964,21077,2019-01-22 15:00:04,f
1087051223310712832,The Media is not giving us credit for the tremendous progress we have made with North Korea. Think of where we were at the end of the Obama Administration compared to now. Great meeting this week with top Reps. Looking forward to meeting with Chairman Kim at end of February!,f,f,Twitter for iPhone,89567,19361,2019-01-20 18:16:22,f
1084790393764364288,"Getting ready to address the Farm Convention today in Nashville, Tennessee. Love our farmers, love Tennessee - a great combination! See you in a little while.",f,t,Twitter for iPhone,3080,711,2019-01-14 12:32:38,f
1084788796011491330,"Nancy and Cryin’ Chuck can end the Shutdown in 15 minutes. At this point it has become their, and the Democrats, fault!",f,f,Twitter for iPhone,92606,19506,2019-01-14 12:26:18,f
1083756525196320773,"Humanitarian Crisis at our Southern Border. I just got back and it is a far worse situation than almost anyone would understand, an invasion! I have been there numerous times - The Democrats, Cryin’ Chuck and Nancy don’t know how bad and dangerous it is for our ENTIRE COUNTRY....",f,f,Twitter for iPhone,114304,25234,2019-01-11 16:04:25,f
1083554843627868160,When I took the Oath of Office.... https://t.co/GDhIqteKpv,f,f,Twitter for iPhone,89643,23681,2019-01-11 02:43:00,f
1081357291914477568,"Great new book by Dr. Robert Jeffress, “Choosing the Extraordinary Life.” Get it and enjoy!  @LouDobbs",f,f,Twitter for iPhone,58299,10785,2019-01-05 01:10:43,f
1080616637932421121,"...I remain ready and willing to work with Democrats to pass a bill that secures our borders, supports the agents and officers on the ground, and keeps America Safe. Let’s get it done!",f,f,Twitter for iPhone,90700,17937,2019-01-03 00:07:38,f
