tweet_id,created_at,date,year,month,hour,weekday,platform,device,text,likes,retweets,sentiment_negative,sentiment_neutral,sentiment_positive,sentiment_score,sentiment
154952126567694337,2012-01-05 15:47:20,2012-01-05,2012,2012-01,15,Thursday,Web,Twitter Web Client,"""""""Obama's plan to have Russia stand up to Iran was a horrible failure that turned America into a laughingstock."""" #TimeToGetTough""",176,184,0.9350656867027283,0.059346459805965424,0.00558775058016181,-0.9294779361225665,Negative
155014799909064704,2012-01-05 19:56:22,2012-01-05,2012,2012-01,19,Thursday,Web,Twitter Web Client,President @BarackObama's vacation is costing taxpayers millions of dollars----Unbelievable!,684,1541,0.9013030529022217,0.08485392481088638,0.013843003660440445,-0.8874600492417812,Negative
156398048526868480,2012-01-09 15:32:55,2012-01-09,2012,2012-01,15,Monday,Web,Twitter Web Client,Be sure to watch my interview on @Gretawire tonight!,8,22,0.002489130012691021,0.5033600330352783,0.4941508173942566,0.49166168738156557,Neutral
157930590560194560,2012-01-13 21:02:41,2012-01-13,2012,2012-01,21,Friday,Web,Twitter Web Client,Newly released documents show Geithner to be laughing as the financial crisis loomed http://t.co/g58AxsTQ,11,67,0.33241406083106995,0.623126745223999,0.044459182769060135,-0.2879548780620098,Neutral
159772392590295040,2012-01-18 23:01:21,2012-01-18,2012,2012-01,23,Wednesday,Other,TwitLonger Beta,"“China presents three big threats to the United States in its outrageous currency manipulation, its systematic (cont) http://t.co/6hW0AcJE",29,78,0.7643734216690063,0.2251197099685669,0.010506807826459408,-0.7538666138425469,Negative
160415176754081792,2012-01-20 17:35:33,2012-01-20,2012,2012-01,17,Friday,Other,TwitLonger Beta,"""""""In all my years in business and participating in politics I've never seen the country as divided as it is right (cont) http://t.co/ktuG7LtP""",20,106,0.3364032506942749,0.5528285503387451,0.11076817661523819,-0.2256350740790367,Neutral
161476612582412289,2012-01-23 15:53:19,2012-01-23,2012,2012-01,15,Monday,Web,Twitter Web Client,My @Newsmax_Media interview from Friday where I predicted that @newtgingrich in South Carolina would change the race.http://bit.ly/xoFMs6,5,19,0.03857037425041199,0.9093719720840454,0.05205767601728439,0.013487301766872406,Neutral
162248868459851776,2012-01-25 19:01:59,2012-01-25,2012,2012-01,19,Wednesday,Web,Twitter Web Client,"""Tom Brokaw keeps calling Mitt Romney """"George"""" (Mitt's father). Sadly, time is up for Tom.""",10,71,0.8331298828125,0.15974685549736023,0.007123291026800871,-0.8260065917856991,Negative
166550944002220032,2012-02-06 15:56:54,2012-02-06,2012,2012-02,15,Monday,Web,Twitter Web Client,Congrats @MittRomney on a huge NV victory. Let’s make @BarackObama a one term president http://t.co/2Xm9TRtk #OneTermFund,19,141,0.0021994495764374733,0.016560640186071396,0.9812398552894592,0.9790404057130218,Positive
167324581118488579,2012-02-08 19:11:03,2012-02-08,2012,2012-02,19,Wednesday,Web,Twitter Web Client,"I see my friend @FlaGovScott is speaking at CPAC. Solid guy, wonderful job. #sayfie @marcaputo",3,15,0.003069176571443677,0.012055804952979088,0.9848750233650208,0.9818058467935771,Positive
167327747625066497,2012-02-08 19:23:38,2012-02-08,2012,2012-02,19,Wednesday,Other,TwitLonger Beta,"@bats67 As a parent, education has a high priority, it is very important. I went to one of the best schools and (cont) http://t.co/3PNhfjhw",1,6,0.004614989273250103,0.020563047379255295,0.974821925163269,0.9702069358900189,Positive
168064739690295296,2012-02-10 20:12:11,2012-02-10,2012,2012-02,20,Friday,Web,Twitter Web Client,@MittRomney will give a great speech at CPAC today. He understands the threat from China.,4,33,0.011444146744906902,0.08838366717100143,0.9001721739768982,0.8887280272319913,Positive
169089903173439488,2012-02-13 16:05:49,2012-02-13,2012,2012-02,16,Monday,Web,Twitter Web Client,Whitney Houston was a great friend and an amazing talent. We will all miss her and send our prayers to her family.,25,109,0.03739805892109871,0.09652659296989441,0.866075336933136,0.8286772780120373,Positive
169854622117265408,2012-02-15 18:44:32,2012-02-15,2012,2012-02,18,Wednesday,Web,Twitter Web Client,Flattering. Over 500 upset people called Mar-a-Lago disappointed I am not running for President--but Mitt Romney will do a great job.,31,70,0.7488445043563843,0.19469274580478668,0.05646272376179695,-0.6923817805945873,Negative
174911009042079744,2012-02-29 17:36:48,2012-02-29,2012,2012-02,17,Wednesday,Web,Twitter Web Client,"After Super Tuesday, every GOP candidate should take a long hard look at their prospects and drop out if they can't get the nomination.",6,45,0.6988978385925293,0.281649112701416,0.01945307105779648,-0.6794447675347328,Negative
174960819795267584,2012-02-29 20:54:44,2012-02-29,2012,2012-02,20,Wednesday,Other,TwitLonger Beta,"""""""Imagine how much stronger economic shape we would be in if we made the Iraqi government agree to a cost-sharing (cont) http://t.co/Zf2pEO80""",10,69,0.018290290609002113,0.5290542244911194,0.45265546441078186,0.43436517380177975,Neutral
178120715575369728,2012-03-09 14:11:02,2012-03-09,2012,2012-03,14,Friday,Web,Twitter Web Client,The only candidate who can get 1145 delegates is @MittRomney. The primary is over.,15,123,0.29335492849349976,0.6073853373527527,0.09925965964794159,-0.19409526884555817,Neutral
180284502147469312,2012-03-15 13:29:09,2012-03-15,2012,2012-03,13,Thursday,Other,TwitLonger Beta,"""""""The illegal immigrant crime problem is far more serious and threatening than most people understand. Along our (cont) http://t.co/UAAIAKdS""",40,96,0.6763221621513367,0.307822585105896,0.01585523597896099,-0.6604669261723757,Negative
182122995031089152,2012-03-20 15:14:40,2012-03-20,2012,2012-03,15,Tuesday,Web,Twitter Web Client,I am deeply disturbed by what I have read in the case of @TrayvonMartin. I support a full investigation and justice.,56,311,0.8700449466705322,0.12034855782985687,0.00960654579102993,-0.8604384008795023,Negative
183218442365706241,2012-03-23 15:47:35,2012-03-23,2012,2012-03,15,Friday,Other,TwitLonger Beta,The Chinese want to steal our jobs and technology--that includes so called green energy which they make but (cont) http://t.co/pAhyD1tT,10,58,0.7777431607246399,0.21178936958312988,0.010467439889907837,-0.7672757208347321,Negative
183254512335724544,2012-03-23 18:10:55,2012-03-23,2012,2012-03,18,Friday,Web,Twitter Web Client,He @BarackObama is incapable of admitting that he is a complete and utter failure. He is 100% responsible for Solyndra. http://t.co/895NgsYh,26,185,0.943477988243103,0.050152286887168884,0.006369663402438164,-0.9371083248406649,Negative
187229181044723712,2012-04-03 17:24:49,2012-04-03,2012,2012-04,17,Tuesday,Web,Twitter Web Client,"My #TrumpTuesday @SquawkCNBC interview discussing golf, VP choices, the real estate market & healthcare reform http://t.co/28lg4Mgp",7,13,0.007534082978963852,0.9168686270713806,0.07559728622436523,0.06806320324540138,Neutral
190167442809565184,2012-04-11 20:00:26,2012-04-11,2012,2012-04,20,Wednesday,Web,Twitter Web Client,"I developed the Wollman Rink under budget and in record time http://t.co/PTXWJhHv If I hadn't gotten involved, it would still be unused.",7,30,0.11208982765674591,0.5107191205024719,0.37719103693962097,0.26510120928287506,Neutral
194486167251591168,2012-04-23 18:01:30,2012-04-23,2012,2012-04,18,Monday,Web,Twitter Web Client,"""Via @BBCNews, """"Trump begins renewables mission in Scotland"""" http://t.co/QsylYhtU""",5,15,0.00958854891359806,0.9364604949951172,0.05395102500915527,0.04436247609555721,Neutral
195176395364761600,2012-04-25 15:44:13,2012-04-25,2012,2012-04,15,Wednesday,Other,TwitLonger Beta,"""""""The fact is, right now and for the foreseeable future, the planet runs on oil--and that means we need to get (cont) http://t.co/VjwvpoYk""",16,98,0.48832347989082336,0.4775240123271942,0.03415254130959511,-0.45417093858122826,Negative
197769080843939840,2012-05-02 19:26:37,2012-05-02,2012,2012-05,19,Wednesday,Web,Twitter Web Client,Snowboarder/Skateboarder @Shaun_White stopped by to visit this week....http://t.co/1dxKg2kc,10,24,0.0033049429766833782,0.7808358669281006,0.21585920453071594,0.21255426155403256,Neutral
198505316290281474,2012-05-04 20:12:10,2012-05-04,2012,2012-05,20,Friday,Other,TwitLonger Beta,According to @BarackObama the War on Terror is over http://t.co/7SRYZNQ1but global warming is a national (cont) http://t.co/icVj8CTJ,13,53,0.31196755170822144,0.6505434513092041,0.03748903051018715,-0.2744785211980343,Neutral
199317812416745474,2012-05-07 02:00:44,2012-05-07,2012,2012-05,2,Monday,Web,Twitter Web Client,#CelebrityApprentice @arsenioofficial “trying to be invisible”? No way that’s going to happen. #sweepstweet,2,20,0.7086049914360046,0.26731228828430176,0.024082716554403305,-0.6845222748816013,Negative
199329010474426368,2012-05-07 02:45:14,2012-05-07,2012,2012-05,2,Monday,Web,Twitter Web Client,#CelebrityApprentice Listening to the advice from @johnrich and @marleematlin adds another insight into the Final 4. #sweepstweet,8,31,0.00515872472897172,0.4359479546546936,0.5588933229446411,0.5537345982156694,Positive
200951648179322880,2012-05-11 14:13:01,2012-05-11,2012,2012-05,14,Friday,Web,Twitter Web Client,Watch Celebrity Apprentice on Sunday at 9 pm on NBC--we're winding up for a terrific finale. What a season! http://t.co/y6Qsh1uv,12,37,0.0017075547948479652,0.014467842876911163,0.983824610710144,0.9821170559152961,Positive
202384807970357248,2012-05-15 13:07:53,2012-05-15,2012,2012-05,13,Tuesday,Web,Twitter Web Client,"Worired that the USC will strike down ObamaCare, @BarackObama is trying to implement his debacle in public schools http://t.co/A5fGcL6m",15,55,0.7637738585472107,0.22814851999282837,0.008077606558799744,-0.755696251988411,Negative
202427743810494464,2012-05-15 15:58:29,2012-05-15,2012,2012-05,15,Tuesday,Web,Twitter Web Client,"I hope Mark Zuckerberg signs a prenup with his current girlfriend- perhaps soon to be wife. Otherwise, she can walk away with 9 billion.",513,1096,0.3096159100532532,0.6053770780563354,0.08500698208808899,-0.22460892796516418,Neutral
204964575920144388,2012-05-22 15:58:57,2012-05-22,2012,2012-05,15,Tuesday,Web,Twitter Web Client,In today's #trumpvlog I talk about how well Will Smith handled the situation with the reporter- http://t.co/f1pTaR0C,9,19,0.00633147731423378,0.4509672522544861,0.542701244354248,0.5363697670400143,Positive
205012982453899264,2012-05-22 19:11:18,2012-05-22,2012,2012-05,19,Tuesday,Web,Twitter Web Client,Hmmm...can you imagine me speaking at the RNC Convention in Tampa?http://t.co/SDZUsknQ That's a speech everyone would watch.,5,54,0.010968545451760292,0.46566277742385864,0.5233686566352844,0.5124001111835241,Positive
205057394588401664,2012-05-22 22:07:47,2012-05-22,2012,2012-05,22,Tuesday,Web,Twitter Web Client,The @BarackObama administration is pressuring contractors to fix job loss estimates from environmental regulations http://t.co/VOu2MZm1,16,88,0.4233045279979706,0.5589187741279602,0.01777668669819832,-0.40552784129977226,Neutral
205389967432757249,2012-05-23 20:09:18,2012-05-23,2012,2012-05,20,Wednesday,Web,Twitter Web Client,"""Interesting.@BarackObama's 1981 transfer class to Columbia """"declined"""" in """"quality"""" according to the Columbia Spectator http://t.co/9ypDUY7v""",73,111,0.020631948485970497,0.8368769288063049,0.14249111711978912,0.12185916863381863,Neutral
205736889683161089,2012-05-24 19:07:51,2012-05-24,2012,2012-05,19,Thursday,Web,Twitter Web Client,Pictures of @melaniatrump and me from the Men In Black III premiere in New York City http://t.co/I66Z4pI2 We loved the movie!,8,28,0.0011517790844663978,0.011185457929968834,0.9876627922058105,0.9865110131213441,Positive
207545348581896192,2012-05-29 18:54:01,2012-05-29,2012,2012-05,18,Tuesday,Web,Twitter Web Client,"In '08, @BarackObama said that Bush adding $4T to the debt was unpatriotic.http://bit.ly/pEd2Ww @BarackObama has already added $6T.",38,382,0.6688522100448608,0.31627291440963745,0.014874903485178947,-0.6539773065596819,Negative
207561234428604416,2012-05-29 19:57:09,2012-05-29,2012,2012-05,19,Tuesday,Web,Twitter Web Client,Now @BarackObama has decided there are 5 million Palestinian refugees http://t.co/iAOgMPI1 He always goes against @Israel's interest.,14,112,0.8752037286758423,0.11917746812105179,0.0056188167072832584,-0.869584911968559,Negative
207565458109509632,2012-05-29 20:13:56,2012-05-29,2012,2012-05,20,Tuesday,Web,Twitter Web Client,So @BarackObama will attack @MittRomney's career at Bain Capital but won't return donations from Bain executives http://t.co/kXrifY31,24,199,0.5415170192718506,0.4468653202056885,0.011617621406912804,-0.5298993978649378,Negative
207861226779328512,2012-05-30 15:49:12,2012-05-30,2012,2012-05,15,Wednesday,Web,Twitter Web Client,Perhaps @BarackObama's biggest shortcoming as President is he failed to unite the country.,3794,2425,0.8832643628120422,0.10972850769758224,0.007007161621004343,-0.8762572011910379,Negative
207884765616013313,2012-05-30 17:22:45,2012-05-30,2012,2012-05,17,Wednesday,Web,Twitter Web Client,"Rush is right. @limbaugh and I have both created more jobs than @BarackObama...in fact, far more jobs!",52,263,0.005346270743757486,0.03568989783525467,0.9589638113975525,0.953617540653795,Positive
208666207589642241,2012-06-01 21:07:55,2012-06-01,2012,2012-06,21,Friday,Web,Twitter Web Client,The stock market is having a horrendous day- bad employment numbers.,474,388,0.9454526305198669,0.04668638855218887,0.007860916666686535,-0.9375917138531804,Negative
210096130204241920,2012-06-05 19:49:55,2012-06-05,2012,2012-06,19,Tuesday,Web,Twitter Web Client,"""""""A market is never saturated with a good product, but it is very quickly saturated with a bad one."""" -- Henry Ford""",96,330,0.3290773332118988,0.5699275732040405,0.10099506378173828,-0.22808226943016052,Neutral
210388131432759298,2012-06-06 15:10:14,2012-06-06,2012,2012-06,15,Wednesday,Web,Twitter Web Client,".@BillClinton was very nice to me, as I am to him, on the Piers Morgan Show (CNN). He is loyal to his friends. @piersmorgan",533,809,0.004687560722231865,0.03804825246334076,0.957264244556427,0.9525766838341951,Positive
211584485081354240,2012-06-09 22:24:06,2012-06-09,2012,2012-06,22,Saturday,Web,Twitter Web Client,Miss Pennsylvania is just looking for free publicity at the expense of the real winner of Miss USA Olivia Culpo.,21,67,0.5818972587585449,0.3764727711677551,0.041629958897829056,-0.5402672998607159,Negative
213309742343397376,2012-06-14 16:39:40,2012-06-14,2012,2012-06,16,Thursday,Web,Twitter Web Client,Today is my birthday. My wish is for our country to be great and prosperous again.,1859,1149,0.0020919442176818848,0.017678754404187202,0.9802292585372925,0.9781373143196106,Positive
216221815314452480,2012-06-22 17:31:12,2012-06-22,2012,2012-06,17,Friday,Web,Twitter Web Client,"Watch the WH spokesman try to spin @BarackObama's rationale for using exec. priv. on Fast &, Furious http://t.co/MYGebRJq",29,88,0.07394617795944214,0.9103653430938721,0.015688464045524597,-0.05825771391391754,Neutral
217676790586552320,2012-06-26 17:52:45,2012-06-26,2012,2012-06,17,Tuesday,Web,Twitter Web Client,Welcome to the new Egypt Muslim Brotherhood representatives who won't take questions from Israeli journalists http://t.co/OilIIIub,26,131,0.385372132062912,0.5709241628646851,0.04370371624827385,-0.34166841581463814,Neutral
218072340737687553,2012-06-27 20:04:32,2012-06-27,2012,2012-06,20,Wednesday,Web,Twitter Web Client,"Preliminary talks have begun for next season's #CelebrityApprentice. As usual, we will have another great season.",18,47,0.0017191042425110936,0.015612639486789703,0.9826683402061462,0.9809492359636351,Positive
218419153114116098,2012-06-28 19:02:38,2012-06-28,2012,2012-06,19,Thursday,Web,Twitter Web Client,"""A list from @Heritage: """"Top 10 Most Expensive Obamacare Taxes and Fees"""" http://t.co/7xUAxXOq""",52,180,0.18492956459522247,0.7905796766281128,0.02449069917201996,-0.16043886542320251,Neutral
218759048596684801,2012-06-29 17:33:16,2012-06-29,2012,2012-06,17,Friday,Web,Twitter Web Client,It seems that Justice Scalia originally wrote the majority on ObamaCare and Roberts then switched his position. http://t.co/09769AIk,21,80,0.08709505945444107,0.8911689519882202,0.02173597365617752,-0.06535908579826355,Neutral
222685591639310336,2012-07-10 13:35:57,2012-07-10,2012,2012-07,13,Tuesday,Web,Twitter Web Client,.@MittRomney should not give any other further information until @BarackObama releases the things that everyone wants to see----,21,129,0.25026148557662964,0.7215588688850403,0.028179682791233063,-0.22208180278539658,Neutral
223092795760574465,2012-07-11 16:34:02,2012-07-11,2012,2012-07,16,Wednesday,Web,Twitter Web Client,"How can @BarackObama invoke Richard Nixon against @MittRomney when Obama just used Executive Privilege on Fast &, Furious?!",132,198,0.6268419623374939,0.362212598323822,0.010945392772555351,-0.6158965695649385,Negative
223137365768671234,2012-07-11 19:31:08,2012-07-11,2012,2012-07,19,Wednesday,Web,Twitter Web Client,"""""""There's no bigger name in America than Donald Trump, political or nonpolitical."""" --Sarasota GOP Chair Joe Gruters""",68,90,0.1858225166797638,0.5936180353164673,0.22055941820144653,0.03473690152168274,Neutral
223800861430775810,2012-07-13 15:27:38,2012-07-13,2012,2012-07,15,Friday,Web,Twitter Web Client,"Seth Meyers was terrible co-hosting with Kelly. Marbles in his mouth-&, he must stop picking at his hands--insult to the great Regis Philbin!",93,108,0.8928871750831604,0.09630095958709717,0.010811855085194111,-0.8820753199979663,Negative
223825720869273600,2012-07-13 17:06:24,2012-07-13,2012,2012-07,17,Friday,Web,Twitter Web Client,America's Olympic uniforms are manufactured in China. Burn the uniforms!#U.S.OlympicCommittee,80,493,0.9028124213218689,0.08753259479999542,0.009655006229877472,-0.8931574150919914,Negative
225244643837751296,2012-07-17 15:04:42,2012-07-17,2012,2012-07,15,Tuesday,Web,Twitter Web Client,"""""""The Supreme Art of war is to subdue the enemy without fighting."""" -- Sun Tzu""",12304,6393,0.08572029322385788,0.7355465888977051,0.17873312532901764,0.09301283210515976,Neutral
225251110494027776,2012-07-17 15:30:24,2012-07-17,2012,2012-07,15,Tuesday,Web,Twitter Web Client,Outrageous--@BarackObama is trying to unilaterally gut welfare reform http://t.co/gd9UgcQZ He doesn't believe in a strong work ethic.,23,95,0.9388408660888672,0.055188581347465515,0.005970538128167391,-0.9328703279606998,Negative
225667355617935361,2012-07-18 19:04:24,2012-07-18,2012,2012-07,19,Wednesday,Web,Twitter Web Client,What recovery? JP Morgan has readjusted Q2 growth down from 1.7% to 1.4% and Q3 to 1.5% with 2012 on a whole at 1.7% http://t.co/c9PYimWh,9,67,0.06126413121819496,0.8594843745231628,0.07925145328044891,0.017987322062253952,Neutral
230339069580820480,2012-07-31 16:28:08,2012-07-31,2012,2012-07,16,Tuesday,Web,Twitter Web Client,"Great job to Missy Franklin. She's got a smile that can take over the world. She's also a major talent. Great going, Missy!",21,98,0.0034211415331810713,0.010230980813503265,0.9863479137420654,0.9829267722088844,Positive
230660130126057472,2012-08-01 13:43:55,2012-08-01,2012,2012-08,13,Wednesday,Other,TwitLonger Beta,Consumer spending is continuing to fall with weak June numbers. @BarackObama's policies have created a climate (cont) http://t.co/GA2MwpVg,13,47,0.7517101168632507,0.23683619499206543,0.011453669518232346,-0.7402564473450184,Negative
232552901824901120,2012-08-06 19:05:07,2012-08-06,2012,2012-08,19,Monday,Web,Twitter Web Client,Congratulations to Gabby Douglas on winning the Gold for the USA in gymnastics. She is terrific!,47,119,0.0033202157355844975,0.011772889643907547,0.9849069118499756,0.9815866961143911,Positive
232573681736503298,2012-08-06 20:27:41,2012-08-06,2012,2012-08,20,Monday,Web,Twitter Web Client,An 'extremely credible source' has called my office and told me that @BarackObama bought his house with the help of Tony Rezko.,145,363,0.020663075149059296,0.8998367190361023,0.0795002356171608,0.0588371604681015,Neutral
232830924675481600,2012-08-07 13:29:52,2012-08-07,2012,2012-08,13,Tuesday,Web,Twitter Web Client,"Wrong--@BarackObama's '08 campaign manager &, current Senior WH Advisor collected $100G fee from Iranian affiliate http://t.co/azS83eAN",35,109,0.659763514995575,0.3302294909954071,0.010006922297179699,-0.6497565926983953,Negative
232898573228990464,2012-08-07 17:58:41,2012-08-07,2012,2012-08,17,Tuesday,Web,Twitter Web Client,Now China 'calls in' US diplomats to lecture them on their illegal escapades. http://t.co/LWhbf4ml The new reality. @BarackObama is weak.,8,83,0.8512713313102722,0.14163148403167725,0.007097188849002123,-0.8441741424612701,Negative
235124033232990208,2012-08-13 21:21:52,2012-08-13,2012,2012-08,21,Monday,Web,Twitter Web Client,"Congratulations to our Olympic team for by far winning the most medals, including first place gold.",34,140,0.002397015457972884,0.014034864492714405,0.9835681915283203,0.9811711760703474,Positive
235800598237286400,2012-08-15 18:10:18,2012-08-15,2012,2012-08,18,Wednesday,Web,Twitter Web Client,"""Watch @PaulRyanVP explain how """"'It's irrefutable' that President Obama is damaging Medicare'"""" http://t.co/TeWHwTTP""",20,92,0.3905330002307892,0.5859187245368958,0.02354828454554081,-0.3669847156852484,Neutral
236161065497550848,2012-08-16 18:02:40,2012-08-16,2012,2012-08,18,Thursday,Web,Twitter Web Client,"My interview with Don Imus on @77WABCradio discussing my @RNC convention surprise &, @MittRomney's China policy http://t.co/kWK49NuX",4,18,0.013449112884700298,0.9391514658927917,0.04739944264292717,0.03395032975822687,Neutral
236184441146449920,2012-08-16 19:35:33,2012-08-16,2012,2012-08,19,Thursday,Web,Twitter Web Client,I still hold the all-time attendance and pay per view record at @WWE.,591,787,0.0034576363395899534,0.15659262239933014,0.8399497270584106,0.8364920907188207,Positive
236537149070143488,2012-08-17 18:57:05,2012-08-17,2012,2012-08,18,Friday,Web,Twitter Web Client,US government's foreign indebtedness has grown over 72% under @BarackObama. He is bleeding us dry to China.,115,286,0.894960880279541,0.09544172883033752,0.009597454220056534,-0.8853634260594845,Negative
239009177790459904,2012-08-24 14:40:03,2012-08-24,2012,2012-08,14,Friday,Web,Twitter Web Client,I am very surprised that @lancearmstrong gave up. I never thought he was a quitter...,28,194,0.7757546305656433,0.20519886910915375,0.019046470522880554,-0.7567081600427628,Negative
241584383235088384,2012-08-31 17:13:00,2012-08-31,2012,2012-08,17,Friday,Web,Twitter Web Client,We have all the cards. Now is the time to make a great deal with Iran.,89,84,0.016315165907144547,0.3364085257053375,0.6472763419151306,0.6309611760079861,Positive
243369048040144896,2012-09-05 15:24:37,2012-09-05,2012,2012-09,15,Wednesday,Web,Twitter Web Client,"Why does US doping agency destroy an American icon, @lancearmstrong, for events that took place years ago in France?",68,220,0.8490631580352783,0.14411263167858124,0.006824183743447065,-0.8422389742918313,Negative
244123358638247937,2012-09-07 17:21:58,2012-09-07,2012,2012-09,17,Friday,Web,Twitter Web Client,If @BarackObama had to use the same labor participation he had when he entered office then the unemployment number would be 11.2%,30,222,0.6724911332130432,0.3055761754512787,0.021932723000645638,-0.6505584102123976,Negative
245587044523462656,2012-09-11 18:18:08,2012-09-11,2012,2012-09,18,Tuesday,Web,Twitter Web Client,"The onus of the Chicago teachers' strike falls squarely on the teachers &, their union. Inexcusable to leave children without school.",34,168,0.9011578559875488,0.0919446125626564,0.0068975528702139854,-0.8942603031173348,Negative
245902265922224128,2012-09-12 15:10:43,2012-09-12,2012,2012-09,15,Wednesday,Web,Twitter Web Client,We fight to free Libya and they kill our Ambassador and other Americans. Obama's foreign policy is a joke.,208,1221,0.9394663572311401,0.05600253492593765,0.00453109759837389,-0.9349352596327662,Negative
245956504191131649,2012-09-12 18:46:14,2012-09-12,2012,2012-09,18,Wednesday,Other,TwitLonger Beta,"The Middle East is blowing up--we didn't back Egypt and now they riot against us. Iran is using Iraqi airspace, (cont) http://t.co/HVtjKSNN",13,144,0.9046305418014526,0.0907883420586586,0.004581192508339882,-0.9000493492931128,Negative
245962060964454400,2012-09-12 19:08:19,2012-09-12,2012,2012-09,19,Wednesday,Web,Twitter Web Client,"It's Wednesday, how many more of our embassies will be stormed by Islamists?",20,152,0.8486238121986389,0.1407480537891388,0.010628190822899342,-0.8379956213757396,Negative
246253814880038913,2012-09-13 14:27:39,2012-09-13,2012,2012-09,14,Thursday,Web,Twitter Web Client,"If Obama was smart, he would cancel the Muslim Brotherhood's WH visit later this month. He won't.",163,443,0.6709009408950806,0.3137492537498474,0.015349812805652618,-0.655551128089428,Negative
246661164782723072,2012-09-14 17:26:19,2012-09-14,2012,2012-09,17,Friday,Web,Twitter Web Client,"""Via @starpulse: """"Donald Trump Calls Barack Obama 'Incompetent'"""" http://t.co/Z5HjJFqj""",47,108,0.5735101699829102,0.4129612445831299,0.013528602197766304,-0.5599815677851439,Negative
248143084666376192,2012-09-18 19:34:56,2012-09-18,2012,2012-09,19,Tuesday,Web,Twitter Web Client,It's Tuesday. How many more non-stories will the liberal media try to manufacture so everyone ignores Obama's record?,132,445,0.8004305362701416,0.18624882400035858,0.013320676051080227,-0.7871098602190614,Negative
248157840500469762,2012-09-18 20:33:34,2012-09-18,2012,2012-09,20,Tuesday,Other,TwitLonger Beta,Our soldiers can't even have any more joint exercises with Afghan soldiers because they are getting shot in the (cont) http://t.co/lae0dJlK,15,87,0.8670555353164673,0.12788942456245422,0.005055044777691364,-0.8620004905387759,Negative
248466008841539585,2012-09-19 16:58:07,2012-09-19,2012,2012-09,16,Wednesday,Web,Twitter Web Client,"""Via @washingtonpost: """"The Donald's video should have trumped Eastwood"""" by @CapehartJ http://t.co/nxz1dYLb""",10,28,0.19196079671382904,0.7718207836151123,0.03621852397918701,-0.15574227273464203,Neutral
248471159803363328,2012-09-19 17:18:35,2012-09-19,2012,2012-09,17,Wednesday,Web,Twitter Web Client,"China has been unfairly subsidizing the export of cars &, auto parts. I've been saying this for 3 years...",110,145,0.8789041042327881,0.11433049291372299,0.006765443831682205,-0.8721386604011059,Negative
248490010599370752,2012-09-19 18:33:29,2012-09-19,2012,2012-09,18,Wednesday,Web,Twitter Web Client,"Have you seen the new #Trump fall collection exclusively available @Macys? Top selling brand nationwide.Ties, shirts, fragrance-great gifts.",11,40,0.0027979458682239056,0.04272742196917534,0.9544745683670044,0.9516766224987805,Positive
248882168431009793,2012-09-20 20:31:47,2012-09-20,2012,2012-09,20,Thursday,Web,Twitter Web Client,"""""""The important thing is not to stop questioning. Curiosity has its own reason for existing."""" --Albert Einstein""",300,620,0.01390326302498579,0.3871304988861084,0.5989663004875183,0.5850630374625325,Positive
250282366248030208,2012-09-24 17:15:40,2012-09-24,2012,2012-09,17,Monday,Web,Twitter Web Client,"Just left Liberty University. Chancellor Jerry Falwell Jr.&, his father have done an amazing job...great school &, the students were fantastic",209,564,0.01189197227358818,0.045796949416399,0.9423111081123352,0.930419135838747,Positive
250311855229255680,2012-09-24 19:12:51,2012-09-24,2012,2012-09,19,Monday,Web,Twitter Web Client,The Emmys were horrendous...the absolute worst show!,74,196,0.9533511996269226,0.03764330595731735,0.0090055325999856,-0.944345667026937,Negative
250960421287260160,2012-09-26 14:10:01,2012-09-26,2012,2012-09,14,Wednesday,Web,Twitter Web Client,Andy Williams has died. He was a friend of mine and a great guy.,17,72,0.6402190923690796,0.2442302256822586,0.1155506819486618,-0.5246684104204178,Negative
251130494291410945,2012-09-27 01:25:50,2012-09-27,2012,2012-09,1,Thursday,Web,Twitter Web Client,"Jerry Falwell, Jr. stated speech was best in University's history...my great honor.",31,61,0.004311244934797287,0.02472011186182499,0.9709686636924744,0.9666574187576771,Positive
251382918960783361,2012-09-27 18:08:53,2012-09-27,2012,2012-09,18,Thursday,Web,Twitter Web Client,"""Does Madonna know something we all don't about Barack? At a concert she said """"we have a black Muslim in the White House.""""""",1690,1301,0.20022052526474,0.7674123048782349,0.03236711397767067,-0.16785341128706932,Neutral
251673779099545600,2012-09-28 13:24:39,2012-09-28,2012,2012-09,13,Friday,Web,Twitter Web Client,Are you a young professional getting ready for a big meeting? Pick up a #Trump suit @Macys http://t.co/ils4Ysod Look your best!,33,55,0.00512326555326581,0.19996175169944763,0.7949150204658508,0.789791754912585,Positive
252850650784882688,2012-10-01 19:21:07,2012-10-01,2012,2012-10,19,Monday,Web,Twitter Web Client,"""In debate, @MittRomney should ask Obama why autobiography states """"born in Kenya, raised in Indonesia.""""""",632,882,0.10920441150665283,0.8589518666267395,0.03184373304247856,-0.07736067846417427,Neutral
252854124905897984,2012-10-01 19:34:55,2012-10-01,2012,2012-10,19,Monday,Web,Twitter Web Client,Only 36 days until the election. @MittRomney needs to stay on offense. Make Obama's terrible record the issue. #TimeToGetTough,45,250,0.6001072525978088,0.3266662061214447,0.07322654873132706,-0.5268807038664818,Negative
253119663570055169,2012-10-02 13:10:05,2012-10-02,2012,2012-10,13,Tuesday,Web,Twitter Web Client,"""""""I've learned that mistakes can often be as good a teacher as success."""" --Jack Welch""",159,512,0.00596145773306489,0.12315374612808228,0.8708847761154175,0.8649233183823526,Positive
253231150535942144,2012-10-02 20:33:05,2012-10-02,2012,2012-10,20,Tuesday,Web,Twitter Web Client,I'll be on @gretawire tonight on @foxnews at 10 pm.,16,37,0.0028054574504494667,0.8784123659133911,0.11878223717212677,0.1159767797216773,Neutral
253575964603342848,2012-10-03 19:23:15,2012-10-03,2012,2012-10,19,Wednesday,Web,Twitter Web Client,@escobedoantonio Thank you,1,4,0.012328588403761387,0.11071376502513885,0.8769575953483582,0.8646290069445968,Positive
253944806739439616,2012-10-04 19:48:54,2012-10-04,2012,2012-10,19,Thursday,Web,Twitter Web Client,"Scary &, Unsustainable: On Monday the US added more debt than from 1776 through Pearl Harbor http://t.co/fZGWVH5E",40,292,0.7837133407592773,0.202723890542984,0.013562747277319431,-0.7701505934819579,Negative
255397854347157505,2012-10-08 20:02:48,2012-10-08,2012,2012-10,20,Monday,Web,Twitter Web Client,How long did it take for Obama to call Hugo Chavez and congratulate him on his 'reelection?' Who do you think Chavez supports in ours?,689,959,0.0444287471473217,0.8809796571731567,0.07459168136119843,0.030162934213876724,Neutral
255680998069633025,2012-10-09 14:47:54,2012-10-09,2012,2012-10,14,Tuesday,Web,Twitter Web Client,.@jack_welch is correct--these reporters would not have been so brave while Jack was running GE.,19,46,0.43217313289642334,0.5182621479034424,0.049564704298973083,-0.38260842859745026,Neutral
255738703052435456,2012-10-09 18:37:12,2012-10-09,2012,2012-10,18,Tuesday,Web,Twitter Web Client,Looking forward to live tweeting during the rest of the debates. Will be a lot of fun.,51,77,0.0016645599389448762,0.0179863590747118,0.9803491234779358,0.9786845635389909,Positive
256111919491084288,2012-10-10 19:20:14,2012-10-10,2012,2012-10,19,Wednesday,Web,Twitter Web Client,Receiving thousands of thank you letters from @LibertyU students for my convocation speech. The honor was all mine! Great people.,35,50,0.004504782147705555,0.008409999310970306,0.9870852828025818,0.9825805006548762,Positive
256823035716325376,2012-10-12 18:25:57,2012-10-12,2012,2012-10,18,Friday,Web,Twitter Web Client,I'm going to the @Yankees game tonight to root them on--they always win when I am there.,114,250,0.0038482521194964647,0.06313976645469666,0.9330119490623474,0.929163696942851,Positive
256836413914488832,2012-10-12 19:19:07,2012-10-12,2012,2012-10,19,Friday,Web,Twitter Web Client,"""""""What we are watching on our TV screens is the unraveling of the Obama foreign policy."""" --@PaulRyanVP""",33,196,0.5380657911300659,0.43998175859451294,0.021952517330646515,-0.5161132737994194,Negative
258263681945706496,2012-10-16 17:50:34,2012-10-16,2012,2012-10,17,Tuesday,Web,Twitter Web Client,"Because Obama was so pathetic in the first debate, tonight's audience will be humongous--people want to see if he is for real.",42,180,0.6980823278427124,0.22146755456924438,0.080450139939785,-0.6176321879029274,Negative
258373635822215168,2012-10-17 01:07:29,2012-10-17,2012,2012-10,1,Wednesday,Web,Twitter Web Client,Why has Obama let China and others take our jobs?,131,544,0.8284498453140259,0.1618618220090866,0.009688382036983967,-0.8187614632770419,Negative
258566750071824384,2012-10-17 13:54:51,2012-10-17,2012,2012-10,13,Wednesday,Web,Twitter Web Client,"I still love Derek, he is a winner!",33,87,0.003641850082203746,0.01194671168923378,0.9844114184379578,0.980769568355754,Positive
258642133098049536,2012-10-17 18:54:24,2012-10-17,2012,2012-10,18,Wednesday,Web,Twitter Web Client,Can you imagine how embarrassing it would have been for the country if the candidates actually did get into a fist fight?,177,301,0.8899997472763062,0.10212868452072144,0.007871617563068867,-0.8821281297132373,Negative
258671417581780992,2012-10-17 20:50:46,2012-10-17,2012,2012-10,20,Wednesday,Web,Twitter Web Client,.@ashleycam2883 Re: Libya--Hillary took the blame for Obama.,17,53,0.5836388468742371,0.4061231017112732,0.010238043032586575,-0.5734008038416505,Negative
259031638380527616,2012-10-18 20:42:09,2012-10-18,2012,2012-10,20,Thursday,Web,Twitter Web Client,@crazymom28 I have a friend that wants to meet your sister.,6084,5983,0.01146348100155592,0.7694291472434998,0.21910743415355682,0.2076439531520009,Neutral
259035953161715713,2012-10-18 20:59:18,2012-10-18,2012,2012-10,20,Thursday,Web,Twitter Web Client,"@waycooljr37 @Nationals Bob Kraft &, Coach Bill are far too smart!",236,69,0.012121562846004963,0.08990994095802307,0.8979684710502625,0.8858469082042575,Positive
259324859623030784,2012-10-19 16:07:19,2012-10-19,2012,2012-10,16,Friday,Web,Twitter Web Client,.@MittRomney did a great job last night. Watch the clip! http://t.co/a1muA6zj,67,160,0.0020514829084277153,0.011672788299620152,0.9862756729125977,0.9842241900041699,Positive
259367543196758017,2012-10-19 18:56:55,2012-10-19,2012,2012-10,18,Friday,Web,Twitter Web Client,"@stu120 No, sadly, not even close!",120,65,0.7739458680152893,0.20456543564796448,0.021488726139068604,-0.7524571418762207,Negative
260488335003377664,2012-10-22 21:10:33,2012-10-22,2012,2012-10,21,Monday,Web,Twitter Web Client,I look forward to @MittRomney hitting Obama hard tonight for lying about Benghazi. CIA told Obama it was a terrorist attack after 24 hrs.,129,525,0.7733376622200012,0.18830019235610962,0.038362130522727966,-0.7349755316972733,Negative
260842555070115841,2012-10-23 20:38:06,2012-10-23,2012,2012-10,20,Tuesday,Web,Twitter Web Client,"""Thank you to @DailyTelegraph reviewer @NeilMidgley who stated """"'You've Been Trumped' was so biased in favour of the protesters...""",10,25,0.1573561578989029,0.47717881202697754,0.365464985370636,0.2081088274717331,Neutral
261842687370612736,2012-10-26 14:52:16,2012-10-26,2012,2012-10,14,Friday,Other,Facebook,The Letterman show really turned things around- people finally understand my $5 million dollar offer to charity.... http://t.co/FjVYwWR4,56,123,0.004685683641582727,0.03579800948500633,0.9595163464546204,0.9548306628130376,Positive
261909039238217728,2012-10-26 19:15:55,2012-10-26,2012,2012-10,19,Friday,Web,Twitter Web Client,Pretty audacious for Obama to call @MittRomney a BSer when he has lied about so much we don't have room to write.,214,645,0.8918918967247009,0.1004469096660614,0.007661257404834032,-0.8842306393198669,Negative
261917839865286656,2012-10-26 19:50:53,2012-10-26,2012,2012-10,19,Friday,Web,Twitter Web Client,Where's the transparency? Despite Obama's denial @sfchronicle stands by report he just talked with Jeremiah Wright.,19,100,0.39622604846954346,0.5857061147689819,0.018067821860313416,-0.37815822660923004,Neutral
261925589936648192,2012-10-26 20:21:41,2012-10-26,2012,2012-10,20,Friday,Web,Twitter Web Client,Barack Obama has everything to gain. Why would anyone ever deny $5M to charity?,572,774,0.11917632818222046,0.5422210097312927,0.3386026620864868,0.21942633390426636,Neutral
262277584568606721,2012-10-27 19:40:23,2012-10-27,2012,2012-10,19,Saturday,Web,Twitter Web Client,@Bernard McGuirk Thanks for being so nice and defending me on O'Reilly...you're terrific!,8,6,0.005003510508686304,0.016385629773139954,0.9786108136177063,0.97360730310902,Positive
262557984817823744,2012-10-28 14:14:36,2012-10-28,2012,2012-10,14,Sunday,Web,Twitter Web Client,"""A lot changed when David Letterman said """" he was probably born in this country""""--- the word probably is a total disaster for Obama.""",114,308,0.8019136190414429,0.17930874228477478,0.01877761445939541,-0.7831360045820475,Negative
262996426458546178,2012-10-29 19:16:48,2012-10-29,2012,2012-10,19,Monday,Other,Facebook,"Direct view of crane from apartment window. Crane was never properly secured, blowing in the breeze. http://t.co/fHVEFZd9",56,323,0.7364748120307922,0.250995010137558,0.012530115433037281,-0.723944696597755,Negative
262996863777636352,2012-10-29 19:18:33,2012-10-29,2012,2012-10,19,Monday,Web,Twitter Web Client,"All weights are on crane's wrong side --- very precarious below, move out!",35,152,0.7948998212814331,0.19055896997451782,0.014541178941726685,-0.7803586423397064,Negative
263286265934381058,2012-10-30 14:28:32,2012-10-30,2012,2012-10,14,Tuesday,Web,Twitter Web Client,"I am the best builder but if that were my building with the crane mishap, I would have been lambasted from coast to coast.",124,343,0.5779759883880615,0.24440763890743256,0.1776164323091507,-0.4003595560789108,Negative
263356437315588096,2012-10-30 19:07:22,2012-10-30,2012,2012-10,19,Tuesday,Web,Twitter Web Client,Fans shouldn't worry. We have adjusted the filming schedule of the upcoming 13th season of @CelebApprentice appropriately due to the storm.,34,140,0.017978396266698837,0.6545966863632202,0.32742491364479065,0.3094465173780918,Neutral
263650077283872769,2012-10-31 14:34:11,2012-10-31,2012,2012-10,14,Wednesday,Web,Twitter Web Client,Watch the clip from @Late_Show where the crowd cheers after I explain that my offer is about transparency http://t.co/02ABDshA,50,107,0.004403280559927225,0.3201337456703186,0.6754630208015442,0.671059740241617,Positive
263724431451504641,2012-10-31 19:29:38,2012-10-31,2012,2012-10,19,Wednesday,Web,Twitter Web Client,"There is nothing I would be happier to do than to donate the $5M to a charity of Obama’s choice, once he releases all of his records.",124,308,0.030122393742203712,0.21087175607681274,0.7590058445930481,0.7288834508508444,Positive
264044128134893568,2012-11-01 16:40:00,2012-11-01,2012,2012-11,16,Thursday,Other,Facebook,Press release. Video response to follow. http://t.co/3Xz74ipi,75,206,0.015143896453082561,0.9351910948753357,0.0496649444103241,0.034521047957241535,Neutral
264375651975458816,2012-11-02 14:37:21,2012-11-02,2012,2012-11,14,Friday,Web,Twitter Web Client,How could Obama leave those American heroes out to die in Benghazi? And he continues to lie to the public!,285,682,0.9388480186462402,0.056316979229450226,0.004835078027099371,-0.9340129406191409,Negative
264415457858183169,2012-11-02 17:15:32,2012-11-02,2012,2012-11,17,Friday,Web,Twitter Web Client,People are struggling to get gasoline for their cars--we are like a third world country.,128,499,0.9074495434761047,0.084816575050354,0.0077338675037026405,-0.8997156759724021,Negative
264884389639491584,2012-11-04 00:18:54,2012-11-04,2012,2012-11,0,Sunday,Web,Twitter Web Client,We don’t want to have a recount in any of the battleground states. Obama will steal it. Make sure all your friends and family vote.,141,692,0.8463006019592285,0.14258593320846558,0.011113366112112999,-0.8351872358471155,Negative
265560730441498626,2012-11-05 21:06:26,2012-11-05,2012,2012-11,21,Monday,Web,Twitter Web Client,"""Obama just stated """"It's always good to ignore Donald Trump."""" I state he is right, especially when the truth is against him.""",347,736,0.09447398781776428,0.48710763454437256,0.41841840744018555,0.32394441962242126,Neutral
265897915204128769,2012-11-06 19:26:17,2012-11-06,2012,2012-11,19,Tuesday,Web,Twitter Web Client,The New Black Panthers are back at the same Philly polling station from '08 http://t.co/LIBmCVDs Don't let them intimidate you!,137,474,0.2586820423603058,0.6224895119667053,0.11882837116718292,-0.13985367119312286,Neutral
265926855016718337,2012-11-06 21:21:17,2012-11-06,2012,2012-11,21,Tuesday,Web,Twitter Web Client,"I have had the pleasure of getting to know @AnnDRomney &, @MittRomney this past year. They love America. Let's push them over the top today.",329,752,0.004538302309811115,0.019899502396583557,0.9755622148513794,0.9710239125415683,Positive
266228570198777856,2012-11-07 17:20:12,2012-11-07,2012,2012-11,17,Wednesday,Web,Twitter Web Client,"""Brian, if I'm """"well past the last exit to relevance"""" how come you spent so much time reading my tweets last night? @NBCNightlyNews""",275,293,0.3787325322628021,0.5897822380065918,0.03148520365357399,-0.34724732860922813,Neutral
266292313863626752,2012-11-07 21:33:29,2012-11-07,2012,2012-11,21,Wednesday,Other,Facebook,Thank you to Joe Passov (Travelin’ Joe) of Golf Magazine for the great article... http://t.co/DQSHBWvw http://t.co/gt1eaZgv,53,35,0.002015267964452505,0.01956426538527012,0.9784204363822937,0.9764051684178412,Positive
266972430638137344,2012-11-09 18:36:02,2012-11-09,2012,2012-11,18,Friday,Web,Twitter Web Client,Robert Pattinson is putting on a good face for the release of Twilight. He took my advice on Kristen Stewart...I hope!,1986,2231,0.006688524037599564,0.07117850333452225,0.9221330285072327,0.9154445044696331,Positive
268086256750178304,2012-11-12 20:21:59,2012-11-12,2012,2012-11,20,Monday,Web,Twitter Web Client,"How come every time I show anger, disgust or impatience, enemies say I had a tantrum or meltdown—stupid or dishonest people?",615,600,0.9099978804588318,0.08436557650566101,0.0056364815682172775,-0.9043613988906145,Negative
268358671174627328,2012-11-13 14:24:27,2012-11-13,2012,2012-11,14,Tuesday,Web,Twitter Web Client,".@davidaxelrod David--Thank you, my great honor for a very worthy cause!",13,23,0.005571603775024414,0.012811346910893917,0.9816170930862427,0.9760454893112183,Positive
268416910595600384,2012-11-13 18:15:53,2012-11-13,2012,2012-11,18,Tuesday,Web,Twitter Web Client,"After Friday’s Twilight release, I hope Robert Pattinson will not be seen in public with Kristen--she will cheat on him again!",4734,5110,0.8646357655525208,0.12580983340740204,0.009554470889270306,-0.8550812946632504,Negative
268785553212854273,2012-11-14 18:40:44,2012-11-14,2012,2012-11,18,Wednesday,Web,Twitter Web Client,Celebrate 2013 @TrumpSoHo with downtown's nicest #NYE party. Get your tickets now: http://t.co/UgBCAMck,9,23,0.001465776120312512,0.01929345540702343,0.9792407155036926,0.9777749393833801,Positive
269122660531855362,2012-11-15 17:00:16,2012-11-15,2012,2012-11,17,Thursday,Web,Twitter Web Client,@rcthompson01 @cher I agree,162,57,0.02254873514175415,0.6135329604148865,0.36391836404800415,0.34136962890625,Neutral
270638658078535680,2012-11-19 21:24:18,2012-11-19,2012,2012-11,21,Monday,Web,Twitter Web Client,Petraeus is already negotiating a book deal. http://t.co/ZKJexYr9 Smart. Always negotiate when you are a hot commodity!,50,132,0.006341717671602964,0.13943833112716675,0.854219913482666,0.847878195811063,Positive
271289105105707009,2012-11-21 16:28:57,2012-11-21,2012,2012-11,16,Wednesday,Web,Twitter Web Client,"""""""A pessimist is one who makes difficulties of his opportunities...""",212,560,0.5179482102394104,0.43889379501342773,0.04315796494483948,-0.4747902452945709,Negative
273520503090733056,2012-11-27 20:15:44,2012-11-27,2012,2012-11,20,Tuesday,Web,Twitter Web Client,The Muslim Brotherhood dictator in Egypt is bad news. He will never be our true ally!,88,218,0.9446837306022644,0.04976103827357292,0.005555254407227039,-0.9391284761950374,Negative
274164059258109952,2012-11-29 14:53:00,2012-11-29,2012,2012-11,14,Thursday,Web,Twitter Web Client,"My son, @EricTrump, is in Memphis at St. Jude Children’s Research Hospital...",53,57,0.003967075143009424,0.8967142105102539,0.099318727850914,0.09535165270790458,Neutral
274206090869235712,2012-11-29 17:40:01,2012-11-29,2012,2012-11,17,Thursday,Web,Twitter Web Client,Scottish government having huge backlash on wind turbines. @AlexSalmond is becoming very unpopular.,9,45,0.8857393264770508,0.10731246322393417,0.0069481744430959225,-0.8787911520339549,Negative
274246345395671040,2012-11-29 20:19:58,2012-11-29,2012,2012-11,20,Thursday,Web,Twitter Web Client,It’s Thursday. How much did OPEC steal from all of us today?,58,143,0.505717396736145,0.45214977860450745,0.042132820934057236,-0.4635845758020878,Negative
275717584127676416,2012-12-03 21:46:09,2012-12-03,2012,2012-12,21,Monday,Web,Twitter Web Client,I am watching the New York mayoral race very closely...,25,40,0.008236232213675976,0.8183521032333374,0.1734117567539215,0.16517552454024553,Neutral
276083807898173440,2012-12-04 22:01:23,2012-12-04,2012,2012-12,22,Tuesday,Web,Twitter Web Client,The stock of my shirt and tie maker just hit an all-time high--great going--great product!,41,73,0.002759284805506468,0.0101650794968009,0.9870756268501282,0.9843163420446217,Positive
276806884583936000,2012-12-06 21:54:38,2012-12-06,2012,2012-12,21,Thursday,Web,Twitter Web Client,"... and many others. Drop to your knees, Sugar, and say thank you, Mr. Trump.",2649,3413,0.03105044737458229,0.2073095142841339,0.7616400122642517,0.7305895648896694,Positive
276812555337494529,2012-12-06 22:17:10,2012-12-06,2012,2012-12,22,Thursday,Web,Twitter Web Client,"We are way over the fiscal cliff. And with Obama Care being fully implemented in less than 14 months, it may be too late.",68,224,0.8178318738937378,0.16898012161254883,0.013187970034778118,-0.8046439038589597,Negative
278269256657956865,2012-12-10 22:45:35,2012-12-10,2012,2012-12,22,Monday,Web,Twitter Web Client,The Ground Zero Mosque should not go up where planned. It is wrong. My offer still stands to buy the property. Good deal for everyone.,729,751,0.5332934856414795,0.38022398948669434,0.08648249506950378,-0.4468109905719757,Negative
278550683056222209,2012-12-11 17:23:52,2012-12-11,2012,2012-12,17,Tuesday,Web,Twitter Web Client,@hopewellcody Thanks Cody,9,7,0.007626749109476805,0.20028804242610931,0.7920852303504944,0.7844584812410176,Positive
278583370378792960,2012-12-11 19:33:45,2012-12-11,2012,2012-12,19,Tuesday,Web,Twitter Web Client,"""""""Mogul Donald Trump has many powerful friends. And it turns out one of them is Anna Wintour.” http://t.co/PD6RxccF via @FoxNews""",14,22,0.01120785716921091,0.29294219613075256,0.6958499550819397,0.6846420979127288,Positive
278595479015653376,2012-12-11 20:21:52,2012-12-11,2012,2012-12,20,Tuesday,Web,Twitter Web Client,"“Fans like winners. They come to watch stars – great, exciting players who do great exciting things.” - The Art of The Deal",99,127,0.002309424802660942,0.02565530687570572,0.97203528881073,0.969725864008069,Positive
278974490120171520,2012-12-12 21:27:56,2012-12-12,2012,2012-12,21,Wednesday,Web,Twitter Web Client,Thousands of fans have been sending letters to Trump Tower in anticipation of @CelebApprentice. Really good show.,23,43,0.0032328565139323473,0.027796225622296333,0.9689708948135376,0.9657380382996053,Positive
281466686547316736,2012-12-19 18:31:02,2012-12-19,2012,2012-12,18,Wednesday,Web,Twitter Web Client,"Back by popular demand, @GiulianaRancic and @BravoAndy are co-hosting tonight's #MissUniverse pageant. They are great!",13,43,0.0015525894705206156,0.016674615442752838,0.9817727208137512,0.9802201313432306,Positive
282135748667387904,2012-12-21 14:49:38,2012-12-21,2012,2012-12,14,Friday,Web,Twitter Web Client,@PSU_Brush @Zigmanfreud Thanks Matt.,1,4,0.005272866692394018,0.1312679499387741,0.8634591698646545,0.8581863031722605,Positive
284753032640593921,2012-12-28 20:09:48,2012-12-28,2012,2012-12,20,Friday,Web,Twitter Web Client,"Once again Obama is going to lose on another prospective nomination. Chuck Hagel will not be named Sec. of Defense--&, probably shouldn't be.",24,59,0.8828439712524414,0.10732811689376831,0.009827949106693268,-0.8730160221457481,Negative
284760895064784896,2012-12-28 20:41:02,2012-12-28,2012,2012-12,20,Friday,Web,Twitter Web Client,@phillykayman The Art of the Deal is a good start.,5,4,0.017362216487526894,0.37330886721611023,0.6093289256095886,0.5919667091220617,Positive
286486041836265473,2013-01-02 14:56:09,2013-01-02,2013,2013-01,14,Wednesday,Web,Twitter Web Client,This is a terrible deal for the country and an embarrassment for Republicans!,159,417,0.9520024061203003,0.04066860303282738,0.007329025771468878,-0.9446733803488314,Negative
286869801387847680,2013-01-03 16:21:05,2013-01-03,2013,2013-01,16,Thursday,Web,Twitter Web Client,Via @politicalwire: “Trump Not Happy with Republicans” http://t.co/iNQYwBSS,14,24,0.5063472390174866,0.4800948202610016,0.013557938858866692,-0.4927893001586199,Negative
286882676605087744,2013-01-03 17:12:14,2013-01-03,2013,2013-01,17,Thursday,Web,Twitter Web Client,"""“In the end, you’re measured not by how much you undertake but what you finally accomplish."""" - The Art of the Deal""",362,636,0.008889799937605858,0.4501669108867645,0.5409433245658875,0.5320535246282816,Positive
286914039559368704,2013-01-03 19:16:52,2013-01-03,2013,2013-01,19,Thursday,Web,Twitter Web Client,"@jamesche85 Dopey, I never went bankrupt.",1,13,0.3487113118171692,0.5310779809951782,0.12021065503358841,-0.22850065678358078,Neutral
286948042739970049,2013-01-03 21:31:59,2013-01-03,2013,2013-01,21,Thursday,Web,Twitter Web Client,@ahm1038 They just acted but it was Obama that promised!,0,0,0.2714024484157562,0.6264881491661072,0.10210944712162018,-0.16929300129413605,Neutral
286960442851594241,2013-01-03 22:21:15,2013-01-03,2013,2013-01,22,Thursday,Web,Twitter Web Client,@pauljosephjr Doral is doing great!,0,1,0.0037220222875475883,0.018754716962575912,0.9775232672691345,0.9738012449815869,Positive
286961448045912065,2013-01-03 22:25:15,2013-01-03,2013,2013-01,22,Thursday,Web,Twitter Web Client,@jmendowns True!,0,0,0.015713104978203773,0.2167651355266571,0.7675217986106873,0.7518086936324835,Positive
288315330596581376,2013-01-07 16:05:06,2013-01-07,2013,2013-01,16,Monday,Web,Twitter Web Client,@jkaburu Work hard!,5,4,0.012145635671913624,0.0803571417927742,0.9074972867965698,0.8953516511246562,Positive
288674028472901633,2013-01-08 15:50:26,2013-01-08,2013,2013-01,15,Tuesday,Web,Twitter Web Client,@TonifReardon @foxandfriends Thanks.,0,0,0.012933283112943172,0.336914598941803,0.6501520872116089,0.6372188040986657,Positive
288723024771956737,2013-01-08 19:05:07,2013-01-08,2013,2013-01,19,Tuesday,Web,Twitter Web Client,We are going to ask Katherine Webb to be a judge at the Miss USA Pageant coming up in Las Vegas.,291,505,0.003331295447424054,0.8223997354507446,0.1742689311504364,0.17093763570301235,Neutral
288738817647718402,2013-01-08 20:07:53,2013-01-08,2013,2013-01,20,Tuesday,Web,Twitter Web Client,@381days Thank you.,2,0,0.012132146395742893,0.11885969340801239,0.8690081834793091,0.8568760370835662,Positive
288746481358344192,2013-01-08 20:38:20,2013-01-08,2013,2013-01,20,Tuesday,Web,Twitter Web Client,@KevinM_Mielke True!,8,5,0.015713104978203773,0.2167651355266571,0.7675217986106873,0.7518086936324835,Positive
288751812171952128,2013-01-08 20:59:31,2013-01-08,2013,2013-01,20,Tuesday,Web,Twitter Web Client,@CJohnson623 @billmaher Stay tuned!,8,8,0.009477896615862846,0.36973583698272705,0.6207862496376038,0.6113083530217409,Positive
289458542837104640,2013-01-10 19:47:49,2013-01-10,2013,2013-01,19,Thursday,Web,Twitter Web Client,Scary. President Obama told Boehner that the government doesn't have a spending problem http://t.co/MArtBvAp,126,445,0.48500800132751465,0.45918798446655273,0.055804017931222916,-0.42920398339629173,Negative
289481811623571456,2013-01-10 21:20:16,2013-01-10,2013,2013-01,21,Thursday,Web,Twitter Web Client,@MStuart1970 @foxandfriends True!,0,0,0.01297946646809578,0.26977047324180603,0.7172500491142273,0.7042705826461315,Positive
289744022921179136,2013-01-11 14:42:12,2013-01-11,2013,2013-01,14,Friday,Web,Twitter Web Client,@Melbelle96 Thanks Melanie.,5,4,0.008559426292777061,0.12465556710958481,0.8667849898338318,0.8582255635410547,Positive
289744825681604608,2013-01-11 14:45:24,2013-01-11,2013,2013-01,14,Friday,Web,Twitter Web Client,@LaDaleBuggs Thanks!,0,4,0.009863927960395813,0.11889243870973587,0.8712435960769653,0.8613796681165695,Positive
289802158218567680,2013-01-11 18:33:13,2013-01-11,2013,2013-01,18,Friday,Web,Twitter Web Client,@pellscuse11 Happy Birthday,1,0,0.0038579830434173346,0.01439766027033329,0.9817443490028381,0.9778863659594208,Positive
290881766162579457,2013-01-14 18:03:12,2013-01-14,2013,2013-01,18,Monday,Web,Twitter Web Client,The Republicans have been played into a trap by the President--they forgot the 14th amendment.....,33,88,0.8694417476654053,0.1212482899427414,0.009309911169111729,-0.8601318364962935,Negative
290950264821788672,2013-01-14 22:35:23,2013-01-14,2013,2013-01,22,Monday,Web,Twitter Web Client,“I don't measure a man's success by how high he climbs but how high he bounces when he hits bottom.” -- George S. Patton,531,1145,0.035825639963150024,0.6415317058563232,0.32264265418052673,0.2868170142173767,Neutral
291302432489742336,2013-01-15 21:54:46,2013-01-15,2013,2013-01,21,Tuesday,Web,Twitter Web Client,"“Go as far as you can see, when you get there, you'll be able to see farther.” -- J. P. Morgan",376,948,0.00724077457562089,0.28712111711502075,0.7056381106376648,0.6983973360620439,Positive
291939243419389953,2013-01-17 16:05:14,2013-01-17,2013,2013-01,16,Thursday,Web,Twitter Web Client,...or mentally troubled (or a con).,40,105,0.7365268468856812,0.25274786353111267,0.010725189000368118,-0.725801657885313,Negative
292340532259213312,2013-01-18 18:39:48,2013-01-18,2013,2013-01,18,Friday,Web,Twitter Web Client,@northsydgirl Yes.,1,0,0.04842890799045563,0.7225705981254578,0.22900058329105377,0.18057167530059814,Neutral
293765115105398784,2013-01-22 17:00:35,2013-01-22,2013,2013-01,17,Tuesday,Other,Facebook,Here I am with @RodStewart at Mar-a-Lago. http://t.co/CxYc0moW,20,14,0.0033974151592701674,0.8031085729598999,0.19349396228790283,0.19009654712863266,Neutral
293801832503971840,2013-01-22 19:26:30,2013-01-22,2013,2013-01,19,Tuesday,Web,Twitter Web Client,@JediJerad Thanks Jedi.,12,11,0.00963631272315979,0.1864825040102005,0.8038811683654785,0.7942448556423187,Positive
293802410965614592,2013-01-22 19:28:48,2013-01-22,2013,2013-01,19,Tuesday,Web,Twitter Web Client,@hmachann Thanks Heidi.,2,0,0.0068992371670901775,0.11133943498134613,0.8817613124847412,0.874862075317651,Positive
293812663287414784,2013-01-22 20:09:32,2013-01-22,2013,2013-01,20,Tuesday,Web,Twitter Web Client,@ghosttoast99 I do--and say hello to Carson.,1,1,0.004950180649757385,0.4643106162548065,0.5307391881942749,0.5257890075445175,Positive
294094883394838528,2013-01-23 14:50:58,2013-01-23,2013,2013-01,14,Wednesday,Web,Twitter Web Client,"I cannot believe the Republicans are extending the debt ceiling—I am a Republican &, I am embarrassed!",1812,2242,0.936293363571167,0.053344011306762695,0.010362675413489342,-0.9259306881576777,Negative
294111611482931201,2013-01-23 15:57:27,2013-01-23,2013,2013-01,15,Wednesday,Web,Twitter Web Client,... in order to occupy space in a truly ugly office building in a much worse location!,8,13,0.8660760521888733,0.1226920410990715,0.011231930926442146,-0.8548441212624311,Negative
294174826535477248,2013-01-23 20:08:38,2013-01-23,2013,2013-01,20,Wednesday,Web,Twitter Web Client,.@billmaher has not yet sent me the $5M he owes which I am giving to various charities. Come on Bill—you made a deal.,85,189,0.7022704482078552,0.27793753147125244,0.01979203149676323,-0.682478416711092,Negative
294192216136630273,2013-01-23 21:17:44,2013-01-23,2013,2013-01,21,Wednesday,Web,Twitter Web Client,Almost every television network wants me badly—but I stay loyal to @NBC.,139,143,0.08025211095809937,0.2616575062274933,0.658090353012085,0.5778382420539856,Positive
294869330443780097,2013-01-25 18:08:21,2013-01-25,2013,2013-01,18,Friday,Web,Twitter Web Client,@InTheHere True!,0,1,0.015713104978203773,0.2167651355266571,0.7675217986106873,0.7518086936324835,Positive
294894585287700481,2013-01-25 19:48:42,2013-01-25,2013,2013-01,19,Friday,Web,Twitter Web Client,Wind turbine syndrome is affecting tremendous numbers of people in their wake—stop ugly turbines.,85,112,0.9198569655418396,0.07294680178165436,0.007196233607828617,-0.912660731934011,Negative
295999352290291712,2013-01-28 20:58:39,2013-01-28,2013,2013-01,20,Monday,Web,Twitter Web Client,Still waiting to hear from @billmaher. Every day he dodges me is one less day that $5M is being used for charity.,59,110,0.9092471599578857,0.08409686386585236,0.006655934266746044,-0.9025912256911397,Negative
296359912576004096,2013-01-29 20:51:23,2013-01-29,2013,2013-01,20,Tuesday,Web,Twitter Web Client,"Just as I predicted, people are going to be shocked by the rise in premium prices thanks to Obama Care http://t.co/V7Wzlv3b Enjoy!",53,216,0.5792655348777771,0.30904263257980347,0.11169183254241943,-0.46757370233535767,Negative
296365534985994240,2013-01-29 21:13:44,2013-01-29,2013,2013-01,21,Tuesday,Web,Twitter Web Client,@largemarv74 @Yankees Not even close but that doesn't matter!,5,1,0.514062762260437,0.41711780428886414,0.06881941854953766,-0.44524334371089935,Negative
296665722761924608,2013-01-30 17:06:34,2013-01-30,2013,2013-01,17,Wednesday,Web,Twitter Web Client,“Remember people’s names and small details about them. Use both in conversation...,282,435,0.029204070568084717,0.7496073842048645,0.22118854522705078,0.19198447465896606,Neutral
297055380985499650,2013-01-31 18:54:56,2013-01-31,2013,2013-01,18,Thursday,Web,Twitter Web Client,@NYCTiggy 3 minutes.,1,3,0.019695455208420753,0.8833905458450317,0.09691406041383743,0.07721860520541668,Neutral
298461755930210304,2013-02-04 16:03:22,2013-02-04,2013,2013-02,16,Monday,Web,Twitter Web Client,.@BillMaher didn’t come through with his promised $5 million for charity so today I will sue him.,372,658,0.9168969988822937,0.07596011459827423,0.007142901420593262,-0.9097540974617004,Negative
298517681898934272,2013-02-04 19:45:36,2013-02-04,2013,2013-02,19,Monday,Web,Twitter Web Client,@PRW_StaysFresh That's good news!,1,1,0.004963428247720003,0.013534119352698326,0.9815024733543396,0.9765390451066196,Positive
298529172584800256,2013-02-04 20:31:15,2013-02-04,2013,2013-02,20,Monday,Web,Twitter Web Client,"If Karl Rove &, @GOP Establishment continue to attack the Tea Party, who delivered in 2010, then there will be a 3rd Party in 2016.",211,333,0.7482703328132629,0.2409546673297882,0.010774994269013405,-0.7374953385442495,Negative
298537009700556800,2013-02-04 21:02:24,2013-02-04,2013,2013-02,21,Monday,Web,Twitter Web Client,.@marklevinshow has been saying very nice things about me on his show recently. He has a fantastic radio show that I always enjoy!,49,56,0.0031828645151108503,0.009499011561274529,0.9873180985450745,0.9841352340299636,Positive
298795887893815296,2013-02-05 14:11:05,2013-02-05,2013,2013-02,14,Tuesday,Web,Twitter Web Client,@jeremygreen98 @Yankees Yes.,9,3,0.030394772067666054,0.7947880625724792,0.1748172491788864,0.14442247711122036,Neutral
298846966853545984,2013-02-05 17:34:03,2013-02-05,2013,2013-02,17,Tuesday,Web,Twitter Web Client,"Ask: Is there anyone else who can do this better than I can?That’s just another way of saying know yourself &, know your competition.",177,274,0.2794787883758545,0.48722678422927856,0.23329447209835052,-0.04618431627750397,Neutral
298874399396884482,2013-02-05 19:23:04,2013-02-05,2013,2013-02,19,Tuesday,Web,Twitter Web Client,@e_hig Hi Erica...and thanks.,7,2,0.005546183325350285,0.1410374492406845,0.8534164428710938,0.8478702595457435,Positive
298896845952929792,2013-02-05 20:52:15,2013-02-05,2013,2013-02,20,Tuesday,Web,Twitter Web Client,.@BrandenRoderick returns in All-Star @ApprenticeNBC 2001 Playmate of the Year is a determined competitor. She is terrific!,7,12,0.0019622696563601494,0.014484019950032234,0.9835537672042847,0.9815914975479245,Positive
299174562749366273,2013-02-06 15:15:48,2013-02-06,2013,2013-02,15,Wednesday,Web,Twitter Web Client,@HaiderMadHatter Speak to Vince.,2,2,0.022236106917262077,0.9160805344581604,0.06168340519070625,0.039447298273444176,Neutral
299245121982038017,2013-02-06 19:56:11,2013-02-06,2013,2013-02,19,Wednesday,Web,Twitter Web Client,@RicardoHernanG @CelebApprentice Thanks Ricardo.,1,3,0.006129927933216095,0.15985195338726044,0.8340180516242981,0.827888123691082,Positive
299518162339246080,2013-02-07 14:01:09,2013-02-07,2013,2013-02,14,Thursday,Web,Twitter Web Client,@BarkyJason Thanks.,0,0,0.01622108556330204,0.2752172350883484,0.7085617184638977,0.6923406329005957,Positive
299604146984738817,2013-02-07 19:42:49,2013-02-07,2013,2013-02,19,Thursday,Web,Twitter Web Client,@Russ_Steinberg Be careful!,6024,6846,0.10922874510288239,0.766516923904419,0.12425432354211807,0.015025578439235687,Neutral
299634763109642240,2013-02-07 21:44:29,2013-02-07,2013,2013-02,21,Thursday,Web,Twitter Web Client,@citychik_ Thanks Andrea and good luck.,0,2,0.005149928852915764,0.03925490751862526,0.9555951356887817,0.950445206835866,Positive
299899545788219392,2013-02-08 15:16:38,2013-02-08,2013,2013-02,15,Friday,Web,Twitter Web Client,@EdwardAshton30 Thanks.,3,3,0.01622108556330204,0.2752172350883484,0.7085617184638977,0.6923406329005957,Positive
301425610163646464,2013-02-12 20:20:40,2013-02-12,2013,2013-02,20,Tuesday,Web,Twitter Web Client,"Have confidence, work hard, and keep your focus on the small things that matter while keeping the big picture in mind.",577,1029,0.006180528551340103,0.06331218779087067,0.9305073022842407,0.9243267737329006,Positive
301427567754354688,2013-02-12 20:28:27,2013-02-12,2013,2013-02,20,Tuesday,Web,Twitter Web Client,@Millionayer Hi and thanks.,3,2,0.0068252915516495705,0.17717324197292328,0.8160014152526855,0.809176123701036,Positive
301445083746676736,2013-02-12 21:38:03,2013-02-12,2013,2013-02,21,Tuesday,Web,Twitter Web Client,"@BCDorris @piersmorgan @ApprenticeNBC Well, Trace will now have a second chance.",0,1,0.01249257568269968,0.47404956817626953,0.5134578943252563,0.5009653186425567,Positive
301736351995424768,2013-02-13 16:55:26,2013-02-13,2013,2013-02,16,Wednesday,Web,Twitter Web Client,@amelionaire69 Thanks Amelia!,5,4,0.0058517297729849815,0.06330765783786774,0.9308406114578247,0.9249888816848397,Positive
301740340421992448,2013-02-13 17:11:17,2013-02-13,2013,2013-02,17,Wednesday,Web,Twitter Web Client,@nydave77 Good luck!,1,2,0.007223582360893488,0.030743258073925972,0.9620331525802612,0.9548095702193677,Positive
301790315013087232,2013-02-13 20:29:52,2013-02-13,2013,2013-02,20,Wednesday,Web,Twitter Web Client,@yadapup I will try!,4,3,0.013791762292385101,0.2337467521429062,0.7524614334106445,0.7386696711182594,Positive
302063403407650817,2013-02-14 14:35:02,2013-02-14,2013,2013-02,14,Thursday,Web,Twitter Web Client,It is important to think positively. Negative thinking will kill your focus and destroy any chance you have of being successful.,566,1259,0.2094026356935501,0.42551007866859436,0.3650873005390167,0.1556846648454666,Neutral
302145599191523329,2013-02-14 20:01:39,2013-02-14,2013,2013-02,20,Thursday,Web,Twitter Web Client,@foodnfocus Happy Valentine's Day!,31,37,0.002558022039011121,0.014392620883882046,0.9830493927001953,0.9804913706611842,Positive
303930995789398016,2013-02-19 18:16:10,2013-02-19,2013,2013-02,18,Tuesday,Web,Twitter Web Client,"""""""I love the Lakers and when you love the Lakers, you want them to win so badly that you will work tirelessly."""" - Dr. Jerry Buss""",106,191,0.0066041406244039536,0.03502311185002327,0.9583727717399597,0.9517686311155558,Positive
303975557434064896,2013-02-19 21:13:15,2013-02-19,2013,2013-02,21,Tuesday,Web,Twitter Web Client,"Idiot @billmaher always forgets to mention that I am suing him to collect the $5M for charity, that he expressly offered.",141,175,0.8893890380859375,0.10172047466039658,0.008890447206795216,-0.8804985908791423,Negative
304327332993302529,2013-02-20 20:31:04,2013-02-20,2013,2013-02,20,Wednesday,Web,Twitter Web Client,.@DianneG @WCNC To the “news bigs” -- elevate Dianne Gallagher immediately—she is terrific!,21,10,0.006803791504353285,0.024195784702897072,0.9690004587173462,0.9621966672129929,Positive
304364212862451712,2013-02-20 22:57:37,2013-02-20,2013,2013-02,22,Wednesday,Android,Twitter for Android,@CATHCO9. Thanks.,1,0,0.00999915786087513,0.23873136937618256,0.7512694597244263,0.7412703018635511,Positive
304376373282234370,2013-02-20 23:45:57,2013-02-20,2013,2013-02,23,Wednesday,Android,Twitter for Android,@RickyTheBitch. Thanks.,114,94,0.00999915786087513,0.23873136937618256,0.7512694597244263,0.7412703018635511,Positive
305029068993200128,2013-02-22 18:59:31,2013-02-22,2013,2013-02,18,Friday,Web,Twitter Web Client,"... Will be there front &, center along with the 70 greatest players in the world. WGC-@Cadillac Championship",4,7,0.003155198646709323,0.13360920548439026,0.8632355332374573,0.860080334590748,Positive
305029100999938048,2013-02-22 18:59:39,2013-02-22,2013,2013-02,18,Friday,Web,Twitter Web Client,Enjoyed my visit to Trump Doral in Miami yesterday. Looking forward to returning for the WGC-@Cadillac Championship on March 6th-10th...,4,10,0.0015717449132353067,0.014792818576097488,0.983635425567627,0.9820636806543916,Positive
305067765318955010,2013-02-22 21:33:17,2013-02-22,2013,2013-02,21,Friday,Web,Twitter Web Client,@Ukfan71 Thanks.,1,2,0.01622108556330204,0.2752172350883484,0.7085617184638977,0.6923406329005957,Positive
305113282417680384,2013-02-23 00:34:09,2013-02-23,2013,2013-02,0,Saturday,Android,Twitter for Android,@BillWhiteNY. Thanks Bill!,0,4,0.003811351489275694,0.05069221183657646,0.9454964399337769,0.9416850884445012,Positive
305998507662254080,2013-02-25 11:11:44,2013-02-25,2013,2013-02,11,Monday,Android,Twitter for Android,@5thmcfly. In April - thanks.,2,2,0.003836653660982847,0.23872819542884827,0.757435142993927,0.7535984893329442,Positive
306079927931895808,2013-02-25 16:35:16,2013-02-25,2013,2013-02,16,Monday,Web,Twitter Web Client,@JUrciuoli19 Very good!,0,2,0.0050150081515312195,0.016498524695634842,0.9784865379333496,0.9734715297818184,Positive
306207483238703106,2013-02-26 01:02:07,2013-02-26,2013,2013-02,1,Tuesday,Android,Twitter for Android,Shark Tank is a dead Friday night filler compared to the Apprentice which has been number one show for week in the T. V. ratings!,119,100,0.5394533276557922,0.3482294976711273,0.11231721937656403,-0.4271361082792282,Negative
306465882220146688,2013-02-26 18:08:54,2013-02-26,2013,2013-02,18,Tuesday,Web,Twitter Web Client,""".....you keep forgetting to mention the fragrance, """"Success""""!""",16,40,0.5709190964698792,0.3611496686935425,0.06793118268251419,-0.502987913787365,Negative
306521703624880128,2013-02-26 21:50:43,2013-02-26,2013,2013-02,21,Tuesday,Web,Twitter Web Client,@preewbrfu1 Wind turbines are a disaster!,2,3,0.9141550064086914,0.07558397203683853,0.010261019691824913,-0.9038939867168665,Negative
306657971990065152,2013-02-27 06:52:12,2013-02-27,2013,2013-02,6,Wednesday,Android,Twitter for Android,"""""""@EliTheFourth: .@realDonaldTrump, I emulated you for a speech in 8th grade. I look up to you. #htm #purduecal #accredited"""" Thanks.""",9,9,0.004235618747770786,0.03490360826253891,0.9608607888221741,0.9566251700744033,Positive
306673134231248897,2013-02-27 07:52:27,2013-02-27,2013,2013-02,7,Wednesday,Android,Twitter for Android,"""""""@my_deeary: I wish @realDonaldTrump would teach me all his little secrets to success"""" Good idea!""",11,15,0.005864790175110102,0.034742869436740875,0.9593923091888428,0.9535275190137327,Positive
306826998637019136,2013-02-27 18:03:51,2013-02-27,2013,2013-02,18,Wednesday,Web,Twitter Web Client,"""""""Must-see morning clip: Donald Trump addresses Lil Wayne tweet and 'Celebrity Apprentice'""""http://t.co/ozoAePwPeL via @Salon""",15,12,0.004606639500707388,0.59914231300354,0.39625102281570435,0.39164438331499696,Neutral
306889406411845632,2013-02-27 22:11:50,2013-02-27,2013,2013-02,22,Wednesday,Web,Twitter Web Client,Karl Rove’s ads are the worst in political history!,20,37,0.9528936743736267,0.04019957035779953,0.006906785070896149,-0.9459868893027306,Negative
306905834468814849,2013-02-27 23:17:07,2013-02-27,2013,2013-02,23,Wednesday,Other,Facebook,".@DeeSnider, @StephenBaldwin7, and the rest of your favorites are back! All-Star @ApprenticeNBC premieres Sunday... http://t.co/HgtY00PY4Q",16,26,0.0013152282917872071,0.12079689651727676,0.8778878450393677,0.8765726167475805,Positive
307130010412646401,2013-02-28 14:07:55,2013-02-28,2013,2013-02,14,Thursday,Web,Twitter Web Client,@NattilyAttired @Pontifex I fully understand that side of the argument.,68,10,0.029606623575091362,0.6948069930076599,0.2755863666534424,0.24597974307835102,Neutral
307480401910312960,2013-03-01 13:20:15,2013-03-01,2013,2013-03,13,Friday,Android,Twitter for Android,Thanks Matthew!,29,64,0.005205048248171806,0.04316562041640282,0.9516293406486511,0.9464242924004793,Positive
307965247917006848,2013-03-02 21:26:51,2013-03-02,2013,2013-03,21,Saturday,Android,Twitter for Android,"""""""@stevesms1960: @realDonaldTrump just purchased a few Trump ties. Great styling!""""""",6,6,0.0033323480747640133,0.029858507215976715,0.966809093952179,0.9634767458774149,Positive
308053683407560704,2013-03-03 03:18:16,2013-03-03,2013,2013-03,3,Sunday,Android,Twitter for Android,"""""""@joshdefreitas1: @realDonaldTrump needs to next US president!!"""" Thanks Josh.""",29,19,0.004426834639161825,0.1436680257320404,0.8519051671028137,0.8474783324636519,Positive
308056075343650816,2013-03-03 03:27:46,2013-03-03,2013,2013-03,3,Sunday,Android,Twitter for Android,"""""""@NicoleWallace04: @realDonaldTrump youre responding to everyone else BUT me don😢💔"""" Not anymore Nicole, thanks.""",16,10,0.7658025622367859,0.21528394520282745,0.018913527950644493,-0.7468890342861414,Negative
308396883217375233,2013-03-04 02:02:01,2013-03-04,2013,2013-03,2,Monday,Other,Facebook,Looks like @OMAROSA is up to the challenge. #CelebApprentice,11,15,0.0030312517192214727,0.06602967530488968,0.9309390783309937,0.9279078266117722,Positive
308409193126318080,2013-03-04 02:50:56,2013-03-04,2013,2013-03,2,Monday,Other,Facebook,.@OMAROSA as a cashier- a big mistake by @BrandenRoderick. #CelebApprentice,18,32,0.8119251132011414,0.17526620626449585,0.012808640487492085,-0.7991164727136493,Negative
308409950143672320,2013-03-04 02:53:56,2013-03-04,2013,2013-03,2,Monday,Other,Facebook,Even @PiersMorgan is impressed by @THEGaryBusey. #CelebApprentice,14,40,0.0032497867941856384,0.044362664222717285,0.9523875713348389,0.9491377845406532,Positive
309031481345466368,2013-03-05 20:03:41,2013-03-05,2013,2013-03,20,Tuesday,Web,Twitter Web Client,It’s important to promote an image of yourself each and every day. It’s part of having a sense of self and a sense of purpose.,286,605,0.009232684038579464,0.22112883627414703,0.7696384191513062,0.7604057351127267,Positive
309386110805626880,2013-03-06 19:32:51,2013-03-06,2013,2013-03,19,Wednesday,Web,Twitter Web Client,"""Via @FOXSports: """"Trump 'blowing up' @DoralResort after WGC-@CadillacChamp"""" http://t.co/Vjhtx9CXjZ by @AP""",2,11,0.0723002478480339,0.895986020565033,0.031713731586933136,-0.04058651626110077,Neutral
309411391301877760,2013-03-06 21:13:18,2013-03-06,2013,2013-03,21,Wednesday,Web,Twitter Web Client,@Raul_Esquire Thanks Raul.,4,5,0.006124530453234911,0.11871819198131561,0.8751572370529175,0.8690327065996826,Positive
309875549357101056,2013-03-08 03:57:42,2013-03-08,2013,2013-03,3,Friday,Android,Twitter for Android,"""""""@No_Average_Joee: @realDonaldTrump you should run for president #genius #Trump2016"""" Thanks!""",34,29,0.008547816425561905,0.0956832766532898,0.8957688808441162,0.8872210644185543,Positive
310081061948362753,2013-03-08 17:34:20,2013-03-08,2013,2013-03,17,Friday,Web,Twitter Web Client,"""Via @MiamiHerald: """"Donald Trump aims to bring luxury to Doral Golf Resort &, Spa"""" http://t.co/fUZujcYRsn @DoralResort""",9,21,0.006536946631968021,0.7919427752494812,0.20152030885219574,0.19498336222022772,Neutral
310126694558232576,2013-03-08 20:35:40,2013-03-08,2013,2013-03,20,Friday,Web,Twitter Web Client,Resolve to be bigger than your problems. Who’s the boss? Realize that fear is the exact opposite of faith.,457,593,0.1943552941083908,0.5459617972373962,0.25968295335769653,0.06532765924930573,Neutral
310893194919428097,2013-03-10 23:21:28,2013-03-10,2013,2013-03,23,Sunday,Web,Twitter Web App,There's definitely no love lost between Piers and Omarosa.,38,51,0.13361746072769165,0.4909670054912567,0.37541553378105164,0.24179807305335999,Neutral
310932283240632320,2013-03-11 01:56:47,2013-03-11,2013,2013-03,1,Monday,Web,Twitter Web App,What?! LaToya is saying Omarosa is one of the nicest people she's met?,38,47,0.0584200955927372,0.1840311586856842,0.7575487494468689,0.6991286538541317,Positive
311571131968667648,2013-03-12 20:15:21,2013-03-12,2013,2013-03,20,Tuesday,Web,Twitter Web Client,"Ashley Judd's candidacy was created by Karl Rove's terrible ads, even before she thought seriously about running...",6,20,0.8775904178619385,0.1142820492386818,0.008127527311444283,-0.8694628905504942,Negative
312248500085727233,2013-03-14 17:06:58,2013-03-14,2013,2013-03,17,Thursday,Web,Twitter Web Client,"To show you how shallow politicians can be, many are jealous of my @CPACnews speaking slot &, also their fellow Republicans! Not good!",14,20,0.9264720678329468,0.06527730077505112,0.008250584825873375,-0.9182214830070734,Negative
312273419775385600,2013-03-14 18:45:59,2013-03-14,2013,2013-03,18,Thursday,Web,Twitter Web Client,Good move by @MSNBC in downgrading @WeGotEd to a dead weekend spot. This is truly a guy who shouldn't be on tv.,31,49,0.724757969379425,0.2343156337738037,0.04092641547322273,-0.6838315539062023,Negative
312679920474144768,2013-03-15 21:41:17,2013-03-15,2013,2013-03,21,Friday,Web,Twitter Web Client,"""""""Donald Trump CPAC Speech: U.S. Is Run By 'Very Stupid People'"""" http://t.co/O2JLKmoNnh via @HuffPostPol by @elisefoley""",22,54,0.8363078236579895,0.15572364628314972,0.007968594320118427,-0.8283392293378711,Negative
312708181480591360,2013-03-15 23:33:34,2013-03-15,2013,2013-03,23,Friday,Android,Twitter for Android,Thanks for all of the accolades on my speech today - it's all about the truth!,30,48,0.0034174518659710884,0.016693104058504105,0.979889452457428,0.9764720005914569,Positive
313232072586178560,2013-03-17 10:15:20,2013-03-17,2013,2013-03,10,Sunday,Android,Twitter for Android,Don't forget to watch Celebrity Apprentice tonight at 9 on NBC - GREAT EPISODE!,36,68,0.0015695488546043634,0.012393676675856113,0.9860367178916931,0.9844671690370888,Positive
313351360529694721,2013-03-17 18:09:20,2013-03-17,2013,2013-03,18,Sunday,Android,Twitter for Android,"""""""@RealJonJenkins: @realDonaldTrump I spent my honeymoon in 2010 at the Trump Intl Las Vegas. Amazing place you've created."""" Thanks!""",6,11,0.0021787374280393124,0.013739231042563915,0.9840819835662842,0.9819032461382449,Positive
313459978348404738,2013-03-18 01:20:57,2013-03-18,2013,2013-03,1,Monday,Web,Twitter Web Client,"There’s no love lost between @latoyajackson &, @OMAROSA Disrespectful? Who is being disrespectful? #CelebApprentice",13,31,0.4881075620651245,0.45050373673439026,0.06138865277171135,-0.42671890929341316,Negative
313734916737204224,2013-03-18 19:33:27,2013-03-18,2013,2013-03,19,Monday,Web,Twitter Web Client,"Vattenfall, the company behind a proposed asinine windfarm off the coast of Aberdeen, Scotland, is having serious financial difficulty.",8,32,0.8926957845687866,0.10138485580682755,0.005919349379837513,-0.8867764351889491,Negative
313970051453710336,2013-03-19 11:07:48,2013-03-19,2013,2013-03,11,Tuesday,Android,Twitter for Android,Golf match? I've won 18 Club Championships including this weekend. @mcuban swings like a little girl with no power or talent. Mark's a loser,1519,1295,0.658012330532074,0.2636428475379944,0.07834474742412567,-0.5796675831079483,Negative
313971952526168065,2013-03-19 11:15:21,2013-03-19,2013,2013-03,11,Tuesday,Android,Twitter for Android,@mcuban is very short off the tee - and his basketball sucks also!,211,156,0.9501374959945679,0.043660327792167664,0.006202226970344782,-0.9439352690242231,Negative
314085307882561536,2013-03-19 18:45:47,2013-03-19,2013,2013-03,18,Tuesday,Web,Twitter Web Client,"""""""One of the most obvious lessons on @ApprenticeNBC is for the candidates to learn to think quickly."""" - Think Like a Champion""",25,38,0.014415528625249863,0.3798080086708069,0.6057764291763306,0.5913609005510807,Positive
314085754307497985,2013-03-19 18:47:33,2013-03-19,2013,2013-03,18,Tuesday,Web,Twitter Web Client,.@RNC report was written by the ruling class of consultants who blew the election. Short on ideas. Just giving excuses to donors.,195,211,0.9101220965385437,0.08378899097442627,0.006088904570788145,-0.9040331919677556,Negative
314131124454559744,2013-03-19 21:47:51,2013-03-19,2013,2013-03,21,Tuesday,Web,Twitter Web Client,".@mcuban Mark, okay with me but don't start your bullshit again!",193,185,0.8584482073783875,0.1261521428823471,0.015399695374071598,-0.8430485120043159,Negative
314480088857059328,2013-03-20 20:54:30,2013-03-20,2013,2013-03,20,Wednesday,Web,Twitter Web Client,. @OMAROSA is smart and strategic. People should cut her some slack and respect the way she works on @ApprenticeNBC.,78,124,0.04243878275156021,0.29593849182128906,0.6616227030754089,0.6191839203238487,Positive
314489249787420672,2013-03-20 21:30:54,2013-03-20,2013,2013-03,21,Wednesday,Web,Twitter Web Client,@RealHotwaffles Thanks.,1,4,0.01622108556330204,0.2752172350883484,0.7085617184638977,0.6923406329005957,Positive
315925956864901120,2013-03-24 20:39:52,2013-03-24,2013,2013-03,20,Sunday,Android,Twitter for Android,"""""""@Slim_Shady2o3: @realDonaldTrump yay i cant wait mr trump! You have the best show on tv on sunday nights!"""" THANKS!""",13,10,0.002080377656966448,0.0056043085642158985,0.9923152923583984,0.990234914701432,Positive
316282709154619392,2013-03-25 20:17:28,2013-03-25,2013,2013-03,20,Monday,Web,Twitter Web Client,"Obama has now become the weakest POTUS against China, yuan just hit record high against dollar http://t.co/sEbQQycPmf Very sad!",43,161,0.9324672818183899,0.06024603918194771,0.007286689709872007,-0.9251805921085179,Negative
316947058667958272,2013-03-27 16:17:22,2013-03-27,2013,2013-03,16,Wednesday,Web,Twitter Web Client,"In case you missed it, last week's @extratv interview with @AJCalloway discussing Tiger Woods &, much more http://t.co/2WrbUpiP0W",8,7,0.003308594925329089,0.839002788066864,0.15768872201442719,0.1543801270890981,Neutral
316976332040970240,2013-03-27 18:13:41,2013-03-27,2013,2013-03,18,Wednesday,Web,Twitter Web Client,@thedealszone @washtimes Thank you.,1,1,0.00964348390698433,0.16070227324962616,0.8296542763710022,0.8200107924640179,Positive
317215426549526528,2013-03-28 10:03:45,2013-03-28,2013,2013-03,10,Thursday,Android,Twitter for Android,"""""""@KennethLaguer: @realDonaldTrump you did great on letterman"""" Thanks Kenneth!""",3,2,0.0024513963144272566,0.010077561251819134,0.9874710440635681,0.9850196477491409,Positive
317220275320127488,2013-03-28 10:23:01,2013-03-28,2013,2013-03,10,Thursday,Android,Twitter for Android,"""""""@Higgie0: @realDonaldTrump @Late_Show... watched you Letterman.. Good Job! Your Hired!"""" Thanks!""",2,6,0.0026447128038853407,0.016480298712849617,0.9808750152587891,0.9782303024549037,Positive
317223699482808320,2013-03-28 10:36:38,2013-03-28,2013,2013-03,10,Thursday,Android,Twitter for Android,"""""""@Greener17wing: @realDonaldTrump ya hit it out of the park. #preztrump from a Canadian #yourhired"""" Thanks!""",2,1,0.005868422333151102,0.04848044365644455,0.945651113986969,0.9397826916538179,Positive
317247479793995776,2013-03-28 12:11:08,2013-03-28,2013,2013-03,12,Thursday,Android,Twitter for Android,"""""""@pdattolo79: @realDonaldTrump was amazing on Letterman. When are you officially going to announce you are running for President in 2016?""",15,21,0.002623865380883217,0.03702648729085922,0.9603496193885803,0.9577257540076971,Positive
317679210602827777,2013-03-29 16:46:40,2013-03-29,2013,2013-03,16,Friday,Web,Twitter Web Client,"Achievers go for the challenge, so the next deal is what they're thinking about. They have an obligation to best themselves.",142,265,0.019752219319343567,0.3678261339664459,0.6124216318130493,0.5926694124937057,Positive
317936116428840960,2013-03-30 09:47:31,2013-03-30,2013,2013-03,9,Saturday,Android,Twitter for Android,"""""""@Thaddalicious: @realDonaldTrump should be president, he knows what he is talking about #rolemodel"""" Thank you!""",19,28,0.006426868494600058,0.042573388665914536,0.9509997367858887,0.9445728682912886,Positive
317962835974053888,2013-03-30 11:33:42,2013-03-30,2013,2013-03,11,Saturday,Android,Twitter for Android,North Korea is reliant on China. China could solve this problem easily if they wanted to but they have no respect for our leaders.,163,324,0.8640457391738892,0.1271989643573761,0.008755323477089405,-0.8552904156967998,Negative
318662380265541632,2013-04-01 09:53:26,2013-04-01,2013,2013-04,9,Monday,Android,Twitter for Android,"""""""@mcs3289: Who is the better boss? Mr. or Mrs. Trump? Can't wait to find out next week! @realDonaldTrump @ApprenticeNBC""""""",14,12,0.002679274883121252,0.038715749979019165,0.9586049318313599,0.9559256569482386,Positive
318808732211503105,2013-04-01 19:34:59,2013-04-01,2013,2013-04,19,Monday,Web,Twitter Web Client,Immigration reform is all risk for the @GOP. Their base doesn’t want it and the 12M illegals will all vote Democrat.,1877,920,0.8919517993927002,0.1000944972038269,0.007953750900924206,-0.883998048491776,Negative
318826970139983872,2013-04-01 20:47:27,2013-04-01,2013,2013-04,20,Monday,Web,Twitter Web Client,Sacrificing our nation’s bravest for ungrateful Iraqis = great for China. China is taking majority of the oil http://t.co/U94jvw9pGT,48,104,0.7179082036018372,0.25086480379104614,0.031226975843310356,-0.6866812277585268,Negative
318846641505452032,2013-04-01 22:05:37,2013-04-01,2013,2013-04,22,Monday,Web,Twitter Web Client,"In the 10:30 PM ET lead-in to local news, @ApprenticeNBC delivered a 31 percent margin of victory...",13,15,0.004909010138362646,0.5241261124610901,0.4709649085998535,0.46605589846149087,Neutral
320166227744014338,2013-04-05 13:29:11,2013-04-05,2013,2013-04,13,Friday,Android,Twitter for Android,"""""""@Mr_Asuaiko: one day i'll be rich and powerful like my mentor @realDonaldTrump"""" Great!""",12,15,0.003084793221205473,0.018032776191830635,0.978882372379303,0.9757975791580975,Positive
320672843702607872,2013-04-06 23:02:18,2013-04-06,2013,2013-04,23,Saturday,Android,Twitter for Android,When is South Korea going to start paying us for the massive amounts of money we are spending to protect them from the North?,166,346,0.5806532502174377,0.3963925540447235,0.022954192012548447,-0.5576990582048893,Negative
320863085466353664,2013-04-07 11:38:15,2013-04-07,2013,2013-04,11,Sunday,Android,Twitter for Android,"""""""@GiovaChris: """"@SammartinoBruno: @realDonaldTrump and I backstage at WWE Hall of Fame. A great man and good friend. http://t.co/8FMQzJbwZQ""""""""""",76,43,0.0025850452948361635,0.039064839482307434,0.9583501219749451,0.9557650766801089,Positive
320881258144096256,2013-04-07 12:50:28,2013-04-07,2013,2013-04,12,Sunday,Android,Twitter for Android,"""""""@luwfcrule: @realDonaldTrump When will Apprentice USA be back on UK TV? jealous of not being able to watch it like you are in the USA. SOON""",7,9,0.6438222527503967,0.2950153648853302,0.06116237863898277,-0.582659874111414,Negative
321807157156777984,2013-04-10 02:09:39,2013-04-10,2013,2013-04,2,Wednesday,Web,Twitter Web Client,.@JerryLawler was terrific. #WWEHOF http://t.co/0pOoh6ixWC,27,37,0.0031541588250547647,0.014799445867538452,0.9820464253425598,0.978892266517505,Positive
321951842244378625,2013-04-10 11:44:35,2013-04-10,2013,2013-04,11,Wednesday,Android,Twitter for Android,"""""""@mersjm1: @realDonaldTrump Why did you get this tattoo?!!!? http://t.co/SGI4oBcWp6"""" I never got a tattoo and never would!""",25,38,0.6259669661521912,0.3398609161376953,0.034172024577856064,-0.5917949415743351,Negative
322384761379225600,2013-04-11 16:24:51,2013-04-11,2013,2013-04,16,Thursday,Web,Twitter Web Client,"@MdAhGOD Not much, it's too easy!",20,15,0.059330347925424576,0.29313814640045166,0.6475315690040588,0.5882012210786343,Positive
322798240913313793,2013-04-12 19:47:52,2013-04-12,2013,2013-04,19,Friday,Web,Twitter Web Client,The only American who has met with the North Korean man child is Dennis Rodman. Isn’t that frightening and sad?,488,742,0.8825247883796692,0.1100037693977356,0.007471412420272827,-0.8750533759593964,Negative
323563277915410432,2013-04-14 22:27:51,2013-04-14,2013,2013-04,22,Sunday,Android,Twitter for Android,"""""""@Kyle_j91: @realDonaldTrump If the US asked for reimbursement for defense and the Koreans declined, then what? Let's rebuild the U.S.!""",9,28,0.2584581673145294,0.6798791289329529,0.061662618070840836,-0.19679554924368858,Neutral
323602000115814401,2013-04-15 01:01:43,2013-04-15,2013,2013-04,1,Monday,Web,Twitter Web Client,It’s true—@dennisrodman gets the comeback of the year award. I didn’t like having to fire him. #CelebApprentice,12,26,0.3386407792568207,0.4262971580028534,0.23506206274032593,-0.10357871651649475,Neutral
323622747433496576,2013-04-15 02:24:10,2013-04-15,2013,2013-04,2,Monday,Web,Twitter Web Client,Do you know how many years @TheRealMarilu starred on Taxi? #CelebApprentice,2,12,0.021455904468894005,0.9157432317733765,0.06280088424682617,0.04134497977793217,Neutral
324678418883047424,2013-04-18 00:19:01,2013-04-18,2013,2013-04,0,Thursday,Android,Twitter for Android,"""""""@LRod421: @realDonaldTrump @MLB @Yankees what do you think the yankees will end up doing with his contract. Pay it or contess it"""" Contest?""",3,6,0.08563211560249329,0.8928877115249634,0.02148008905351162,-0.06415202654898167,Neutral
325403673599545346,2013-04-20 00:20:56,2013-04-20,2013,2013-04,0,Saturday,Android,Twitter for Android,"""""""@mikeohio2323: @rob_bieber @realdonaldtrump Tell the victims and their families about this guy's rights. Terrible!""",50,52,0.9410606622695923,0.05345906689763069,0.005480283871293068,-0.9355803783982992,Negative
325471948941434881,2013-04-20 04:52:14,2013-04-20,2013,2013-04,4,Saturday,Android,Twitter for Android,"""""""@_ayooPRINCESS: . Many people dislike @realDonaldTrump but the man is the man and I can't lie 👍 ."""" So true!""",29,40,0.25286298990249634,0.3021337687969208,0.4450032711029053,0.19214028120040894,Positive
325971381823082496,2013-04-21 13:56:48,2013-04-21,2013,2013-04,13,Sunday,Android,Twitter for Android,Didn't the Boston killer even run over his own brother with a car in order to get away? We are not dealing with an innocent baby here-DEATH,247,364,0.9303810000419617,0.06424088776111603,0.005378103349357843,-0.9250028966926038,Negative
326315217363554304,2013-04-22 12:43:05,2013-04-22,2013,2013-04,12,Monday,Android,Twitter for Android,"""""""@tdudz5: @realDonaldTrump you r the most honest and real person on twitter. Twitter was invented for Trump!"""" Thanks, very nice!""",35,39,0.005009952466934919,0.013671613298356533,0.9813184142112732,0.9763084617443383,Positive
326884217785024512,2013-04-24 02:24:05,2013-04-24,2013,2013-04,2,Wednesday,Android,Twitter for Android,"@GinaCHaley They devalue everything, stupid!",9,9,0.9136401414871216,0.0764966756105423,0.009863168932497501,-0.9037769725546241,Negative
326972596581191680,2013-04-24 08:15:16,2013-04-24,2013,2013-04,8,Wednesday,Android,Twitter for Android,"""""""@Jenil93_: @realDonaldTrump No melting of ice caps in the degree that global warming predicted. On the contrary increased ice in Antarctica""",81,43,0.04175371304154396,0.7974599003791809,0.160786435008049,0.11903272196650505,Neutral
326982277034831872,2013-04-24 08:53:44,2013-04-24,2013,2013-04,8,Wednesday,Android,Twitter for Android,"""""""@Fun_Foy: @realDonaldTrump Didn't some other guy admit to actually committing this brutal crime?"""" Yes, but they committed other attacks!""",7,4,0.647810697555542,0.3344811797142029,0.01770815998315811,-0.6301025375723839,Negative
327154080617218048,2013-04-24 20:16:25,2013-04-24,2013,2013-04,20,Wednesday,Web,Twitter Web Client,The sub-station in Blackdog is very dangerous on unregulated landfill—fire hazard! @AlexSalmond @pressjournal,6,8,0.8767392039299011,0.11315111070871353,0.010109690017998219,-0.8666295139119029,Negative
327398771564630016,2013-04-25 12:28:44,2013-04-25,2013,2013-04,12,Thursday,Android,Twitter for Android,"@TatorJuice Wow, so nice! Thanks, I wish I could have met him.",0,0,0.005898873787373304,0.01352336723357439,0.9805777072906494,0.9746788335032761,Positive
327459422039326720,2013-04-25 16:29:44,2013-04-25,2013,2013-04,16,Thursday,Web,Twitter Web Client,@HowardSternJohn @DonaldJTrumpJr No!,169,70,0.05634944140911102,0.790442705154419,0.1532078981399536,0.09685845673084259,Neutral
328364109869490177,2013-04-28 04:24:39,2013-04-28,2013,2013-04,4,Sunday,Android,Twitter for Android,@DBradleyRI You are a great looking guy who is really smart - you can do much better than your current girlfriend - she's nothing!,65,94,0.017759593203663826,0.03749324008822441,0.9447470903396606,0.9269874971359968,Positive
328672137101586434,2013-04-29 00:48:38,2013-04-29,2013,2013-04,0,Monday,Android,Twitter for Android,"""""""@ClevelandGuy70: @realDonaldTrump Sunday 9pm-11pm on NBC is the best TV of the week...Love the show Mr Trump #CelebApprentice"""" Thanks!""",5,7,0.002550088567659259,0.010060272179543972,0.9873896837234497,0.9848395951557904,Positive
328680419476246528,2013-04-29 01:21:33,2013-04-29,2013,2013-04,1,Monday,Web,Twitter Web Client,Looks like Plan B is stuck with the mechanical dog. @THEGaryBusey has latched on and won’t let go. #CelebApprentice,19,39,0.25510042905807495,0.6544967293739319,0.09040284156799316,-0.1646975874900818,Neutral
328702926887464960,2013-04-29 02:50:59,2013-04-29,2013,2013-04,2,Monday,Web,Twitter Web Client,Mechanical dog is going to be trending tonight. #MechanicalDog #CelebApprentice,358,243,0.005886295344680548,0.26346468925476074,0.7306489944458008,0.7247626991011202,Positive
328956039577882624,2013-04-29 19:36:46,2013-04-29,2013,2013-04,19,Monday,Web,Twitter Web Client,"""""""Failed show @DannyZuker"""" season 1 of @apprenticenbc had 28 million viewers and 41.5 million watching.....""",18,20,0.9235439896583557,0.06994926929473877,0.006506761070340872,-0.9170372285880148,Negative
328965494159843328,2013-04-29 20:14:20,2013-04-29,2013,2013-04,20,Monday,Web,Twitter Web Client,".@DannyZuker I'm in front of the camera and behind the camera- just looked at your picture, you'll never be in front of the camera!",29,39,0.20457573235034943,0.5931162238121033,0.20230801403522491,-0.0022677183151245117,Neutral
328965921395851265,2013-04-29 20:16:02,2013-04-29,2013,2013-04,20,Monday,Web,Twitter Web Client,".@DannyZuker Don't lie, @ApprenticeNBC was #1 in all major demos at 10. Do not lie!",17,15,0.06560755521059036,0.41404005885124207,0.5203523635864258,0.4547448083758354,Positive
329804843659165697,2013-05-02 03:49:36,2013-05-02,2013,2013-05,3,Thursday,Android,Twitter for Android,"""""""@broadflameec: @dblsolo7 @hdiallo @BarrieLouise @ForQ2 @realDonaldTrump Small man. Large ego."""" No, large man 6'3"""". Large ego!""",30,13,0.3237378001213074,0.5820614695549011,0.0942007526755333,-0.22953704744577408,Neutral
330155179779448832,2013-05-03 03:01:43,2013-05-03,2013,2013-05,3,Friday,Android,Twitter for Android,"""""""@s__nguyen: @realDonaldTrump Thank you for being a great inspiration to us in the younger generation. We need more leaders like you!""""Thanks""",36,42,0.0028077687602490187,0.009674293920397758,0.9875178933143616,0.9847101245541126,Positive
330341945916411904,2013-05-03 15:23:52,2013-05-03,2013,2013-05,15,Friday,Web,Twitter Web Client,It's crunch time. This Sunday's All-Star Celebrity @ApprenticeNBC's task will separate the winners from the losers.,11,17,0.010410523042082787,0.7927934527397156,0.19679592549800873,0.18638540245592594,Neutral
331484261720915969,2013-05-06 19:03:01,2013-05-06,2013,2013-05,19,Monday,Web,Twitter Web Client,.@TheRealMarilu was very impressive and is a great person. The All Star Celebrity @ApprenticeNBC viewers loved her.,15,18,0.003083174116909504,0.010757626965641975,0.9861591458320618,0.9830759717151523,Positive
331720269553098752,2013-05-07 10:40:49,2013-05-07,2013,2013-05,10,Tuesday,Android,Twitter for Android,Head of Air Force's anti-sexual assault unit arrested for sexual assault! It just seems that our Country is not what it used to be.,134,371,0.9413018226623535,0.05404825136065483,0.004649899899959564,-0.936651922762394,Negative
331948815722631168,2013-05-08 01:48:59,2013-05-08,2013,2013-05,1,Wednesday,Android,Twitter for Android,"""""""@Heaveenly: @realDonaldTrump how does it feel to have 2.1 million followers"""" Great-like owning The New York Times without the lo$$es! .""",50,51,0.018915779888629913,0.167709618806839,0.8133745789527893,0.7944587990641594,Positive
331950013452275712,2013-05-08 01:53:45,2013-05-08,2013,2013-05,1,Wednesday,Android,Twitter for Android,"@BobKurlander Thanks Bob, it is one of the best and will only get better-I will be spending lots of money this Summer!",0,4,0.0026274078991264105,0.008707473985850811,0.9886651039123535,0.9860376960132271,Positive
332310159340752896,2013-05-09 01:44:50,2013-05-09,2013,2013-05,1,Thursday,Android,Twitter for Android,"Man, we had a great day today at Trump Tower - lots of money was given to many people who really needed it - good feelings and happiness!",127,98,0.004645373672246933,0.00807888898998499,0.9872756600379944,0.9826302863657475,Positive
332331185051156485,2013-05-09 03:08:23,2013-05-09,2013,2013-05,3,Thursday,Android,Twitter for Android,"""""""@samflaherty_: @realDonaldTrump I'd bet my life savings Obama has a higher IQ than you"""" You would lose!""",121,109,0.7994321584701538,0.154429629445076,0.046138226985931396,-0.7532939314842224,Negative
332528353716355072,2013-05-09 16:11:52,2013-05-09,2013,2013-05,16,Thursday,Web,Twitter Web Client,"I watched @todayshow this AM re: @MarthaStewart &, dating. She looks terrific, better than ever, any guy would be lucky to be with her.",121,130,0.0037965145893394947,0.013078266754746437,0.9831251502037048,0.9793286356143653,Positive
333050909447815168,2013-05-11 02:48:19,2013-05-11,2013,2013-05,2,Saturday,Android,Twitter for Android,Leightweight @Lord Sugar virtually begged my reps to have me stop mocking him. Every time this dope goes on Apprentice I make money-too easy,155,99,0.8004758954048157,0.16515685617923737,0.03436717763543129,-0.7661087177693844,Negative
336459518424776704,2013-05-20 12:32:54,2013-05-20,2013,2013-05,12,Monday,Android,Twitter for Android,"""""""@mr_al_131: Was glued to@ApprenticeNBC all season one of my favourites @realDonaldTrump Great ending Amazing show! Thx Sir."""" Thank you.""",6,11,0.0028398369904607534,0.00762091763317585,0.9895392060279846,0.9866993690375239,Positive
336527179800264704,2013-05-20 17:01:46,2013-05-20,2013,2013-05,17,Monday,Web,Twitter Web Client,".@MELANIATRUMP, @IvankaTrump, @EricTrump, @DonaldJTrumpJr &, I thank our loyal fans for another great season of @ApprenticeNBC!",57,32,0.0023985644802451134,0.014614248648285866,0.9829871654510498,0.9805886009708047,Positive
337327147326767104,2013-05-22 22:00:33,2013-05-22,2013,2013-05,22,Wednesday,Other,Facebook,"""""""Trust yourself. Create the kind of self that you will be happy to live with all your life."""" - Golda Meir""",266,457,0.0035996262449771166,0.058045897632837296,0.9383544325828552,0.9347548063378781,Positive
337373331022036992,2013-05-23 01:04:04,2013-05-23,2013,2013-05,1,Thursday,Android,Twitter for Android,@tubby511 They are dummies!,2,2,0.86676025390625,0.1113678440451622,0.021871868520975113,-0.8448883853852749,Negative
337373987388653568,2013-05-23 01:06:41,2013-05-23,2013,2013-05,1,Thursday,Android,Twitter for Android,@DJLoopsFruit That's because I know him-he's a lowlife!,19,14,0.8929092288017273,0.09338817000389099,0.013702577911317348,-0.87920665089041,Negative
337394236251074560,2013-05-23 02:27:09,2013-05-23,2013,2013-05,2,Thursday,Android,Twitter for Android,"""""""@MC21701: @realDonaldTrump @jeff_lip is it true that it was your idea for Steve to name his company Wynn, or is that urban legend?""""I helped""",7,19,0.01510167121887207,0.8541889786720276,0.13070933520793915,0.11560766398906708,Neutral
337710578002980865,2013-05-23 23:24:10,2013-05-23,2013,2013-05,23,Thursday,Android,Twitter for Android,"I loved beating these two terrible human beings. I would never recommend that anyone use her lawyer, he is a total loser!",61,83,0.9363963007926941,0.048489078879356384,0.015114621259272099,-0.921281679533422,Negative
338026167296724992,2013-05-24 20:18:13,2013-05-24,2013,2013-05,20,Friday,Android,Twitter for Android,"""""""@MaasMaasWhatup: Nobody does the Twitter thing quite like @realDonaldTrump. That man engages his critics like nobody I've seen before. T.""",34,21,0.15417516231536865,0.4300238788127899,0.41580095887184143,0.2616257965564728,Neutral
338042150812012546,2013-05-24 21:21:43,2013-05-24,2013,2013-05,21,Friday,Android,Twitter for Android,It should be mandatory that all haters and losers use their real name or identification when tweeting - they will no longer be so brave!,1235,1138,0.8679431676864624,0.12227857857942581,0.009778201580047607,-0.8581649661064148,Negative
338103828035538944,2013-05-25 01:26:48,2013-05-25,2013,2013-05,1,Saturday,Android,Twitter for Android,"@pusspuss09 Thanks, Country is in trouble.",205,205,0.8669893145561218,0.1198534220457077,0.013157308101654053,-0.8538320064544678,Negative
338427027893923840,2013-05-25 22:51:05,2013-05-25,2013,2013-05,22,Saturday,Android,Twitter for Android,"""""""@thatBrody: @realDonaldTrump @billyharry1 @HowardStern @DannyZuker Donald will always be one of Howard's greatest guests. So true!""",5,5,0.0033979143481701612,0.016725599765777588,0.9798765182495117,0.9764786039013416,Positive
338431147115687936,2013-05-25 23:07:27,2013-05-25,2013,2013-05,23,Saturday,Android,Twitter for Android,"""""""@thatBrody: @realDonaldTrump The @SternShow would never have @DannyZuker on. A.) Not funny enough. B.) Not famous enough. C) Hates losers.""",10,9,0.9337597489356995,0.05916185304522514,0.007078336551785469,-0.926681412383914,Negative
338452423448334336,2013-05-26 00:32:00,2013-05-26,2013,2013-05,0,Sunday,Android,Twitter for Android,"""""""@kerim322: @realDonaldTrump @msaid10 suddenly I was just motivated with Donald Trump, without any reason.""",4,9,0.5274133682250977,0.41875866055488586,0.05382800102233887,-0.4735853672027588,Negative
339156312216715265,2013-05-27 23:09:00,2013-05-27,2013,2013-05,23,Monday,Android,Twitter for Android,"""""""@GilCharles: @realDonaldTrump can I get a RT for @PetsAliveWest in NY. Saving lots of animals.""""""",9,33,0.012308348901569843,0.24286523461341858,0.7448264360427856,0.7325180871412158,Positive
339165426217000960,2013-05-27 23:45:13,2013-05-27,2013,2013-05,23,Monday,Android,Twitter for Android,"""""""@eliiizabethhhhh: @realDonaldTrump run for president in 2016 so I can vote for you! You would have this country fixed in a month!""",38,36,0.03862832486629486,0.20948714017868042,0.7518845200538635,0.7132561951875687,Positive
339470579893669888,2013-05-28 19:57:47,2013-05-28,2013,2013-05,19,Tuesday,Web,Twitter Web Client,"@Austile147 U.S.A. is not rich, owes 17 trillion dollars.",9,5,0.7458000183105469,0.23517394065856934,0.01902603544294834,-0.7267739828675985,Negative
339754207806636033,2013-05-29 14:44:50,2013-05-29,2013,2013-05,14,Wednesday,Web,Twitter Web Client,I have a surprise for a really special kid on Thursday’s episode of @KatieShow with @KatieCouric: http://t.co/7cN2yzp8mN,25,33,0.0013349571963772178,0.04433740675449371,0.9543276429176331,0.9529926857212558,Positive
339933638852485120,2013-05-30 02:37:49,2013-05-30,2013,2013-05,2,Thursday,Android,Twitter for Android,"""""""@warrencasselljr: You're exactly what America needs Mr. Trump @realDonaldTrump http://t.co/nWYqIvdOfT"""" Thanks!""",17,15,0.003110047895461321,0.015167922712862492,0.9817220568656921,0.9786120089702308,Positive
339986584407519232,2013-05-30 06:08:13,2013-05-30,2013,2013-05,6,Thursday,Android,Twitter for Android,"""""""@GuyEndoreKaiser: @realDonaldTrump You are a true American, not like some of these others. Love your Macy's ties!!! Love your books!""""thanks""",32,27,0.007191170938313007,0.022357458248734474,0.9704514145851135,0.9632602436468005,Positive
340077259555753984,2013-05-30 12:08:31,2013-05-30,2013,2013-05,12,Thursday,Android,Twitter for Android,"""""""@StockMarket100: @realDonaldTrump correct me if I'm wrong but didnt you give @LilJon charity 20k?"""" Yes, 20k plus 100k for great cause!""",7,5,0.010497399605810642,0.20921197533607483,0.7802906036376953,0.7697932040318847,Positive
340186870401093632,2013-05-30 19:24:04,2013-05-30,2013,2013-05,19,Thursday,Web,Twitter Web Client,One of the many reasons that @VattenfallGroup dropped out of windfarm project—they couldn’t solve military radar defense problems,5,9,0.8858607411384583,0.1069098636507988,0.007229347247630358,-0.8786313938908279,Negative
340510054304329728,2013-05-31 16:48:17,2013-05-31,2013,2013-05,16,Friday,Web,Twitter Web Client,"Today, Judge St. Eve ruled in my favor on the two remaining claims brought by Goldberg in Chicago. The case is now officially over...",31,20,0.0048160916194319725,0.49739134311676025,0.4977925419807434,0.49297645036131144,Positive
341318062148026369,2013-06-02 22:19:02,2013-06-02,2013,2013-06,22,Sunday,Android,Twitter for Android,"Thank you to the Robb Report, The Best of the Best issue, for just naming Trump International Golf Links the Best New Golf Course In World!",20,28,0.002672829432412982,0.018976235762238503,0.9783509373664856,0.9756781079340726,Positive
341667168494174208,2013-06-03 21:26:15,2013-06-03,2013,2013-06,21,Monday,Web,Twitter Web Client,"@ThomasVanhoutte Thanks, 57th and Fifth.",1,3,0.005964888725429773,0.23133930563926697,0.762695848941803,0.7567309602163732,Positive
341758471445835776,2013-06-04 03:29:03,2013-06-04,2013,2013-06,3,Tuesday,Android,Twitter for Android,"""""""@jakecbaum: @TrumpChicago @realDonaldTrump I will definitely be there again soon! Save me a nice table with a lovely east view! :D""""""",15,13,0.001605755416676402,0.011702748946845531,0.9866914749145508,0.9850857194978744,Positive
342183558200295424,2013-06-05 07:38:12,2013-06-05,2013,2013-06,7,Wednesday,Android,Twitter for Android,Thanks to @johnrich for putting on such a great concert fot @Stjude. John was a winner on Celebrity Apprentice and is a fantastic guy.,21,19,0.002879305509850383,0.010663550347089767,0.9864571690559387,0.9835778635460883,Positive
342274911173234690,2013-06-05 13:41:12,2013-06-05,2013,2013-06,13,Wednesday,Web,Twitter Web Client,"@Jonzy1523 @TrumpChicago Thanks, very proud of it.",0,4,0.003140714019536972,0.014163174666464329,0.9826960563659668,0.9795553423464298,Positive
342313853767532545,2013-06-05 16:15:57,2013-06-05,2013,2013-06,16,Wednesday,Web,Twitter Web Client,@tfore4 Our clubhouse on the North Sea. http://t.co/pt4JrevifH,1,4,0.004337269347161055,0.9258958697319031,0.0697668194770813,0.06542955012992024,Neutral
342320095332294657,2013-06-05 16:40:45,2013-06-05,2013,2013-06,16,Wednesday,Web,Twitter Web Client,@Judare So true!,1,4,0.010126059874892235,0.04465945065021515,0.945214569568634,0.9350885096937418,Positive
344546262839869440,2013-06-11 20:06:45,2013-06-11,2013,2013-06,20,Tuesday,Web,Twitter Web Client,"""""""Always pretend that you're working for yourself. You'll do a wonderful job. It's simple, but it works."""" - Think Like a Billionaire""",342,610,0.010439198464155197,0.050068199634552,0.9394925832748413,0.9290533848106861,Positive
344764825601196033,2013-06-12 10:35:14,2013-06-12,2013,2013-06,10,Wednesday,Android,Twitter for Android,"""""""@Yra007Unaj: @realDonaldTrump I most definitely agree with you. Such an inspiration you are"""" Thanks and work hard and smart!""",11,10,0.003936027642339468,0.011483801528811455,0.9845801591873169,0.9806441315449774,Positive
344907164248322048,2013-06-12 20:00:50,2013-06-12,2013,2013-06,20,Wednesday,Android,Twitter for Android,"""""""@ArberDoci: @DannyZuker I think you try and make fun of @realDonaldTrump because you're jealous. Try and compare your career to his.""""""",8,13,0.7298968434333801,0.24880771338939667,0.021295486018061638,-0.7086013574153185,Negative
345632733889957889,2013-06-14 20:03:59,2013-06-14,2013,2013-06,20,Friday,Web,Twitter Web Client,@AdeleBrumley Thanks!,1,4,0.009863927960395813,0.11889243870973587,0.8712435960769653,0.8613796681165695,Positive
346064383086055424,2013-06-16 00:39:13,2013-06-16,2013,2013-06,0,Sunday,Android,Twitter for Android,"""""""@hellocory: Oh my god the twitter fight between @dannyzuck and @realDonaldTrump"""" There is no fight with @DannyZuker, he is a nobody!""",21,19,0.696492075920105,0.24938108026981354,0.054126858711242676,-0.6423652172088623,Negative
348134696317751296,2013-06-21 17:45:54,2013-06-21,2013,2013-06,17,Friday,Web,Twitter Web Client,@KJLLeonard Thanks!,0,1,0.009863927960395813,0.11889243870973587,0.8712435960769653,0.8613796681165695,Positive
349694605421318146,2013-06-26 01:04:25,2013-06-26,2013,2013-06,1,Wednesday,Android,Twitter for Android,"""""""@emileegorham: @realDonaldTrump I couldn't be a bigger fan! Love all you do!"""" Thanks Emilee!""",8,8,0.0028664262499660254,0.006860685534775257,0.9902729392051697,0.9874065129552037,Positive
349968298164764672,2013-06-26 19:11:59,2013-06-26,2013,2013-06,19,Wednesday,Web,Twitter Web Client,"Shining over Fifth Avenue, @TrumpTowerNY (a NY icon) offers a full service restaurant, bar, cafe, ice cream parlor and Gucci.",31,39,0.0021377545781433582,0.12667469680309296,0.8711876273155212,0.8690498727373779,Positive
351113437541175297,2013-06-29 23:02:21,2013-06-29,2013,2013-06,23,Saturday,Android,Twitter for Android,@KillngAmerJobs They will mostly vote for Dems.,0,3,0.15713301301002502,0.7847930788993835,0.05807388946413994,-0.09905912354588509,Neutral
351119135830327298,2013-06-29 23:25:00,2013-06-29,2013,2013-06,23,Saturday,Android,Twitter for Android,"What my father really gave me is a good (great) brain, motivation and the benefit of his experience-unlike the haters and losers (lazy!).",563,518,0.025801129639148712,0.06088024377822876,0.9133186340332031,0.8875175043940544,Positive
351121237713494017,2013-06-29 23:33:21,2013-06-29,2013,2013-06,23,Saturday,Android,Twitter for Android,@spsmith78 So how is he allowed to get away with the crap he says?,2,4,0.8560537695884705,0.13587218523025513,0.00807405635714531,-0.8479797132313251,Negative
351123645684400129,2013-06-29 23:42:55,2013-06-29,2013,2013-06,23,Saturday,Android,Twitter for Android,@ebrumby Thank you.,4,5,0.012132146395742893,0.11885969340801239,0.8690081834793091,0.8568760370835662,Positive
351148389473333248,2013-06-30 01:21:14,2013-06-30,2013,2013-06,1,Sunday,Android,Twitter for Android,"""""""@queenof72: @realDonaldTrump u should have run for president. our country is in a mess"""" Much bigger than you know!""",65,39,0.9069032073020935,0.07945708185434341,0.013639752753078938,-0.8932634545490146,Negative
352096103350546434,2013-07-02 16:07:07,2013-07-02,2013,2013-07,16,Tuesday,Web,Twitter Web Client,"Snowden, if you’re such a hero then come back home and face justice. In reality, you are just another wiseguy traitor.",134,247,0.9121268391609192,0.07796601951122284,0.009907238185405731,-0.9022196009755135,Negative
352142723970633728,2013-07-02 19:12:22,2013-07-02,2013,2013-07,19,Tuesday,Web,Twitter Web Client,"“Get in. Get it done. Get it done right. Get out.” – My father, Fred C. Trump",345,399,0.0214756540954113,0.575482964515686,0.4030413329601288,0.3815656788647175,Neutral
352354905517854720,2013-07-03 09:15:30,2013-07-03,2013,2013-07,9,Wednesday,Android,Twitter for Android,"""""""@HawksFanDenver: @realDonaldTrump What is the best way to grow money when not starting with much?"""" Marry a rich person!""",99,158,0.020508401095867157,0.5366098880767822,0.44288167357444763,0.4223732724785805,Neutral
352366723724345345,2013-07-03 10:02:28,2013-07-03,2013,2013-07,10,Wednesday,Android,Twitter for Android,Oil prices just went over $100 per barrel for first time in nine months!,26,141,0.23247362673282623,0.5391679406166077,0.2283584624528885,-0.004115164279937744,Neutral
353466755181592577,2013-07-06 10:53:36,2013-07-06,2013,2013-07,10,Saturday,Android,Twitter for Android,@ruffff2 Thanks-a great place!,2,2,0.00405732961371541,0.01485179178416729,0.9810909032821655,0.9770335736684501,Positive
353603202966487040,2013-07-06 19:55:47,2013-07-06,2013,2013-07,19,Saturday,Android,Twitter for Android,@GolfweekMag - Thank you for Trump Scotland honor!,5,3,0.0037107644602656364,0.019266841933131218,0.9770224094390869,0.9733116449788213,Positive
353604076858122240,2013-07-06 19:59:16,2013-07-06,2013,2013-07,19,Saturday,Android,Twitter for Android,"""""""@johnnyboob2: @realDonaldTrump what do you think of the recent job numbers suggesting the economy is back on track?"""" False hope.""",14,26,0.610421895980835,0.3623248040676117,0.02725333161652088,-0.5831685643643141,Negative
353689604165087232,2013-07-07 01:39:07,2013-07-07,2013,2013-07,1,Sunday,Android,Twitter for Android,"""""""@chuckesquivel: RT @realDonaldTrump """"@kormylo: @realDonaldTrump In my opinion you have a duty to run for president in 2016.""",25,22,0.034045375883579254,0.8419562578201294,0.12399834394454956,0.0899529680609703,Neutral
354275378979811329,2013-07-08 16:26:47,2013-07-08,2013,2013-07,16,Monday,Web,Twitter Web Client,"@MarcoCompagno You are probably correct, I am too honest to be a good politician!",5,12,0.33671513199806213,0.4593173861503601,0.20396748185157776,-0.13274765014648438,Neutral
354354723136077826,2013-07-08 21:42:04,2013-07-08,2013,2013-07,21,Monday,Web,Twitter Web Client,@stenbizzle @Tomdoggy True and thanks.,1,1,0.007775272708386183,0.16807042062282562,0.824154257774353,0.8163789850659668,Positive
354614793010806786,2013-07-09 14:55:29,2013-07-09,2013,2013-07,14,Tuesday,Web,Twitter Web Client,Be sure to check out the new projects @fundanything http://t.co/CMFrwv0P5t Giving away money!,17,20,0.0022735700476914644,0.21125903725624084,0.786467432975769,0.7841938629280776,Positive
355037264960700416,2013-07-10 18:54:14,2013-07-10,2013,2013-07,18,Wednesday,Web,Twitter Web Client,@djRandyRan Happy Birthday.,2,4,0.003399201203137636,0.01350070908665657,0.9831000566482544,0.9797008554451168,Positive
355964776591007747,2013-07-13 08:19:50,2013-07-13,2013,2013-07,8,Saturday,Android,Twitter for Android,"""""""@UmerRizwan2: @realDonaldTrump Can i get a hello for all the Canadians down in Ottawa, Ontario ?"""" Hello Umer, you sound like a great guy!""",24,19,0.002230838406831026,0.02211252599954605,0.9756566286087036,0.9734257902018726,Positive
356189569835728896,2013-07-13 23:13:05,2013-07-13,2013,2013-07,23,Saturday,Android,Twitter for Android,"""""""@DJ_DFunk: Can't wait to hear @realDonaldTrump speak at the PGA Jr. Championship in a couple weeks at his course in Washington DC! Great.""",9,15,0.001272533554583788,0.010008464567363262,0.9887189269065857,0.9874463933520019,Positive
357223342555676672,2013-07-16 19:40:56,2013-07-16,2013,2013-07,19,Tuesday,Web,Twitter Web Client,Weiner and Spitzer are on top of the latest polls. A sad day for the greatest city on earth! They will spend lots of time together.,53,72,0.15305939316749573,0.2469051331281662,0.6000354886054993,0.44697609543800354,Positive
357559732313137152,2013-07-17 17:57:37,2013-07-17,2013,2013-07,17,Wednesday,Web,Twitter Web Client,@CMCoe Have fun!,4,8,0.003576064482331276,0.018995223566889763,0.9774287343025208,0.9738526698201895,Positive
357646419701665795,2013-07-17 23:42:05,2013-07-17,2013,2013-07,23,Wednesday,Android,Twitter for Android,"""""""@JeremyHL: @realDonaldTrump - Your #Chicago tower really sparked a riverwalk revival! #ThankYou"""" Thanks""",9,13,0.002254805527627468,0.011368981562554836,0.9863762259483337,0.9841214204207063,Positive
357671634561286145,2013-07-18 01:22:17,2013-07-18,2013,2013-07,1,Thursday,Android,Twitter for Android,"Don't talk about Rolling Stone Magazine but, most importantly, don't buy it. This degenerate killed and maimed so many wonderful people!",295,693,0.9397919178009033,0.05312831699848175,0.007079752162098885,-0.9327121656388044,Negative
357866417607016448,2013-07-18 14:16:17,2013-07-18,2013,2013-07,14,Thursday,Other,Twitlonger,"""""""We all have the capability to read, or sense, what's happening with others. It can often give you the edge (cont) http://t.co/IyxNQdSD6u""",22,34,0.013494684360921383,0.6010470986366272,0.3854581415653229,0.3719634572044015,Neutral
357928308618428416,2013-07-18 18:22:13,2013-07-18,2013,2013-07,18,Thursday,Web,Twitter Web Client,The Fed’s pumping is great news in the short term but it can’t last forever. Be prudent in your market investing.,865,615,0.03053773008286953,0.2356860637664795,0.7337762117385864,0.7032384816557169,Positive
357930743286071297,2013-07-18 18:31:53,2013-07-18,2013,2013-07,18,Thursday,Web,Twitter Web Client,"""@TrumpPhillyGM """"@realDonaldTrump You have truly elevated this club to another level. We thank you!"""" Thanks!""",1,2,0.002735388930886984,0.009793765842914581,0.987470805644989,0.984735416714102,Positive
357953025144393730,2013-07-18 20:00:26,2013-07-18,2013,2013-07,20,Thursday,Web,Twitter Web Client,"“Labor disgraces no man, unfortunately, you occasionally find men who disgrace labor.” - Gen. Ulysses S. Grant",107,186,0.6988577246665955,0.2784496545791626,0.022692622616887093,-0.6761651020497084,Negative
358002216692482049,2013-07-18 23:15:54,2013-07-18,2013,2013-07,23,Thursday,Web,Twitter Web Client,"For the disciples of global warming, in 150 summers (years) there have been 20 heat waves as bad or worse than current-this has happened b4!",86,143,0.4641161561012268,0.4818715453147888,0.05401233956217766,-0.41010381653904915,Neutral
358282047049052161,2013-07-19 17:47:51,2013-07-19,2013,2013-07,17,Friday,Web,Twitter Web Client,@MGSeneca He was a great friend of mine--loyal guy.,2,1,0.006185316946357489,0.024737181141972542,0.969077467918396,0.9628921509720385,Positive
359274434492121088,2013-07-22 11:31:14,2013-07-22,2013,2013-07,11,Monday,Android,Twitter for Android,@not_that_actor A terrible situation.,1,2,0.9221857190132141,0.06868154555559158,0.00913273449987173,-0.9130529845133424,Negative
359806216458878979,2013-07-23 22:44:21,2013-07-23,2013,2013-07,22,Tuesday,Android,Twitter for Android,"""""""@kimekime19: @realDonaldTrump people will someday listen to you"""" I hope it's not too late!""",8,13,0.007373967207968235,0.10045331716537476,0.8921727538108826,0.8847987866029143,Positive
359806634563862528,2013-07-23 22:46:01,2013-07-23,2013,2013-07,22,Tuesday,Android,Twitter for Android,@presidentstevie Not when you are running for Mayor!,64,48,0.20871518552303314,0.7154912948608398,0.07579348981380463,-0.13292169570922852,Neutral
359820642490662913,2013-07-23 23:41:40,2013-07-23,2013,2013-07,23,Tuesday,Android,Twitter for Android,"Remember, Anthony Wiener continued sending sick pics. long after his resignation from Congress and his apology-zero control over himself!",67,98,0.8890056014060974,0.10325394570827484,0.007740368135273457,-0.881265233270824,Negative
359829878834601985,2013-07-24 00:18:23,2013-07-24,2013,2013-07,0,Wednesday,Android,Twitter for Android,"""""""@realjosepineda: @realDonaldTrump on the Fresh Prince!! Classic episode http://t.co/YlDqBo2yrp""""""",144,74,0.001988963922485709,0.025685647502541542,0.9723253846168518,0.9703364206943661,Positive
359836929728065536,2013-07-24 00:46:24,2013-07-24,2013,2013-07,0,Wednesday,Android,Twitter for Android,"""""""@VOIPDATA: How about Eliot Spitzer? Will you say the same ? """"@realDonaldTrump: On Anthony Wiener, I TOLD YOU SO!"""""""" Eliot is also sick!""",11,14,0.8180805444717407,0.16157248616218567,0.02034692093729973,-0.797733623534441,Negative
359863574191017987,2013-07-24 02:32:16,2013-07-24,2013,2013-07,2,Wednesday,Android,Twitter for Android,"""""""@cphily4u: @realDonaldTrump ...you always speak the truth!!! #nobulldonald!!!!""""""",5,4,0.010194417089223862,0.08795396238565445,0.9018515944480896,0.8916571773588657,Positive
359867295364956160,2013-07-24 02:47:03,2013-07-24,2013,2013-07,2,Wednesday,Android,Twitter for Android,"""""""@chinnis_28: @realDonaldTrump #Trump2016 only one I can think of to fix this spending problem.""""""",2,11,0.6285805106163025,0.33532965183258057,0.03608977794647217,-0.5924907326698303,Negative
359867800631787520,2013-07-24 02:49:04,2013-07-24,2013,2013-07,2,Wednesday,Android,Twitter for Android,"""""""@DStandridge92: @realDonaldTrump family is the US version of the Royal family!"""" No, but thank you so much!""",13,14,0.011491063982248306,0.13302414119243622,0.8554847240447998,0.8439936600625515,Positive
361100644146352130,2013-07-27 12:27:57,2013-07-27,2013,2013-07,12,Saturday,Android,Twitter for Android,@vin7768 Thank you-work hard and good luck.,6,6,0.006547630298882723,0.02408692054450512,0.9693655371665955,0.9628179068677127,Positive
361625294995591169,2013-07-28 23:12:43,2013-07-28,2013,2013-07,23,Sunday,Android,Twitter for Android,"""""""@JUrciuoli19: @realDonaldTrump Really hoping NBC will officially announce renewal of show very soon! Apprentice is casting now-season 14.""",13,12,0.001515996060334146,0.044538967311382294,0.9539450407028198,0.9524290446424857,Positive
361857950140211201,2013-07-29 14:37:12,2013-07-29,2013,2013-07,14,Monday,Web,Twitter Web Client,"""@Deelaney31 """"@realDonaldTrump Besides hard work, what has made you such an enormous success?"""" I love what I do.""",2,4,0.0026238642167299986,0.016478942707180977,0.9808971881866455,0.9782733239699155,Positive
361873382557495298,2013-07-29 15:38:32,2013-07-29,2013,2013-07,15,Monday,Web,Twitter Web Client,"""@MontoyaMania """"a good 75% of @realDonaldTrump 's tweets get favorited"""" Great!""",3,3,0.003162856912240386,0.011222447268664837,0.9856147170066833,0.982451860094443,Positive
362361762252722176,2013-07-30 23:59:11,2013-07-30,2013,2013-07,23,Tuesday,Android,Twitter for Android,@da1nonlyasulony Thank you so much Adam!,3,5,0.0053183650597929955,0.015409737825393677,0.9792719483375549,0.9739535832777619,Positive
362541531871186947,2013-07-31 11:53:31,2013-07-31,2013,2013-07,11,Wednesday,Android,Twitter for Android,"""""""@AronsArmy: @realDonaldTrump dear sir... So can i ask. Hpw can i fuel my passion"""" Only by doing something that you love!""",22,32,0.007634282112121582,0.2389713078737259,0.753394365310669,0.7457600831985474,Positive
362546247145504768,2013-07-31 12:12:15,2013-07-31,2013,2013-07,12,Wednesday,Android,Twitter for Android,@not_that_actor Thank you Andy!,0,3,0.004151081666350365,0.028908846899867058,0.9669400453567505,0.9627889636904001,Positive
362635601977159681,2013-07-31 18:07:19,2013-07-31,2013,2013-07,18,Wednesday,Web,Twitter Web Client,"""Via @PostSports @barrysvrluga """"Donald Trump has major aspirations for his Trump National Golf Club in Virginia"""" http://t.co/6njHbO5rmM""",3,14,0.005458290688693523,0.7642367482185364,0.23030497133731842,0.2248466806486249,Neutral
362909368674566145,2013-08-01 12:15:10,2013-08-01,2013,2013-08,12,Thursday,Android,Twitter for Android,"""""""@ShellySrt0527: @realDonaldTrump what will it take to bring back the made in the USA label?"""" Great leadership!""",24,33,0.006892116740345955,0.08180967718362808,0.9112981557846069,0.904406039044261,Positive
362999858317099008,2013-08-01 18:14:45,2013-08-01,2013,2013-08,18,Thursday,Web,Twitter Web Client,Be sure to keep following announcements on the development of Trump International Golf Club Dubai. Will be spectacular.,18,32,0.0017200337024405599,0.028716331347823143,0.9695636034011841,0.9678435696987435,Positive
363008114582228992,2013-08-01 18:47:33,2013-08-01,2013,2013-08,18,Thursday,Web,Twitter Web Client,A sad day for America with Snowden being granted asylum in Russia. Putin is laughing at Obama.,151,321,0.9062544107437134,0.08608660846948624,0.007658979389816523,-0.8985954313538969,Negative
363341175727456256,2013-08-02 16:51:01,2013-08-02,2013,2013-08,16,Friday,Web,Twitter Web Client,"""Over 35 CIA operatives were on the ground in Benghazi the night of the 9.11 attack http://t.co/gLIQUPbLnV Still a """"phony scandal""""?""",355,561,0.8363638520240784,0.15749602019786835,0.006140214391052723,-0.8302236376330256,Negative
363370866484051968,2013-08-02 18:49:00,2013-08-02,2013,2013-08,18,Friday,Web,Twitter Web Client,Less than ten days until I keynote @bobvanderplaats’ @theFAMiLYLEADER Leadership Summit. Tix going fast.http://t.co/kWP1FV0eY9,8,21,0.0017381233628839254,0.11815176904201508,0.8801101446151733,0.8783720212522894,Positive
364178895358013440,2013-08-05 00:19:49,2013-08-05,2013,2013-08,0,Monday,Android,Twitter for Android,"""""""@lauren_boals: Sipping on some Starbucks in the Trump Towers my first day in NYC. Very impressive and inspirational #amazing!""",17,20,0.002723978366702795,0.012212893925607204,0.9850630760192871,0.9823390976525843,Positive
364475688515936256,2013-08-05 19:59:10,2013-08-05,2013,2013-08,19,Monday,Web,Twitter Web Client,"Take your work seriously, take yourself less seriously. It’s a great recipe for some good times &, great memories.",244,447,0.01708783209323883,0.09115190804004669,0.8917602896690369,0.874672457575798,Positive
364764518083067904,2013-08-06 15:06:52,2013-08-06,2013,2013-08,15,Tuesday,Web,Twitter Web Client,@cloverc8 Great!,0,2,0.008625463582575321,0.025978099554777145,0.9653964638710022,0.9567710002884269,Positive
364797336058216448,2013-08-06 17:17:17,2013-08-06,2013,2013-08,17,Tuesday,Web,Twitter Web Client,@BrianRyback Thank you Brian and good luck.,3,0,0.005303871352225542,0.036557722836732864,0.9581384062767029,0.9528345349244773,Positive
364918860794707972,2013-08-07 01:20:10,2013-08-07,2013,2013-08,1,Wednesday,Android,Twitter for Android,"""""""@JAGOfficial: @realDonaldTrump @ApprenticeNBC has inspired me to have a fundraiser event this Sunday at my home for a bone marrow case.""",14,15,0.002723344136029482,0.1129734143614769,0.8843032121658325,0.881579868029803,Positive
364972292108853248,2013-08-07 04:52:29,2013-08-07,2013,2013-08,4,Wednesday,Android,Twitter for Android,"""""""@ilerios97: @realDonaldTrump SIXTEEN is amazing!!!! The best dinner I've ever had in my life!!!"""" Thanks,best in Chicago!""",10,22,0.0033659578766673803,0.006327203940600157,0.9903068542480469,0.9869408963713795,Positive
365529136812408832,2013-08-08 17:45:12,2013-08-08,2013,2013-08,17,Thursday,Web,Twitter Web Client,Just a few days until I keynote at @bobvanderplaats’ @theFAMiLYLEADER Leadership Summit in Iowa http://t.co/kWP1FV0eY9 Very exciting,7,18,0.0011123445583507419,0.019012870267033577,0.9798747897148132,0.9787624451564625,Positive
365841648430759938,2013-08-09 14:27:00,2013-08-09,2013,2013-08,14,Friday,Web,Twitter Web Client,"@SmuMom54 He should meet him &, beat him--but that doesn't look like it's going to happen.",0,2,0.5963057279586792,0.3748101592063904,0.028884153813123703,-0.5674215741455555,Negative
366559129059332098,2013-08-11 13:58:01,2013-08-11,2013,2013-08,13,Sunday,Android,Twitter for Android,"""""""@TheNickSutton: .@realDonaldTrump great job during your interview on @ThisWeekABC! This country needs you."""" Thank you!""",13,16,0.003011054825037718,0.011119828559458256,0.9858690500259399,0.9828579952009022,Positive
366564430667972609,2013-08-11 14:19:05,2013-08-11,2013,2013-08,14,Sunday,Android,Twitter for Android,"""""""@DanScavino: @realDonaldTrump @theFAMiLYLEADER just saw last nights speech via DesMoines Register - was amazing Mr. Trump! Thanks Dan!""",10,14,0.002837855601683259,0.016173725947737694,0.9809884428977966,0.9781505872961134,Positive
367025736445460480,2013-08-12 20:52:09,2013-08-12,2013,2013-08,20,Monday,Web,Twitter Web Client,"""Thank you Readers' Choice: Trump Int'l Hotel Las Vegas has been nominated by 10 Best for """"Best Pet-Friendly Hotel"""" http://t.co/g30BfQgFE9""",30,30,0.0023249397054314613,0.030707482248544693,0.9669675827026367,0.9646426429972053,Positive
367101721304391680,2013-08-13 01:54:05,2013-08-13,2013,2013-08,1,Tuesday,Android,Twitter for Android,"""""""@LadyGaydar: @realDonaldTrump you are an important person that's why @HuffingtonPost @ariannahuff can't stop talking about you.""""""",11,11,0.006071227136999369,0.047315239906311035,0.9466135501861572,0.9405423230491579,Positive
367359861723365376,2013-08-13 18:59:50,2013-08-13,2013,2013-08,18,Tuesday,Web,Twitter Web Client,.@SenMikeLee refuted every point Karl 1.6% Rove made on the need to defund ObamaCare.Must listen http://t.co/b7v6WVy5Kh @TheRightScoop,17,40,0.5493867993354797,0.4228212237358093,0.027791928499937057,-0.5215948708355427,Negative
367563203007766528,2013-08-14 08:27:51,2013-08-14,2013,2013-08,8,Wednesday,Android,Twitter for Android,"""""""@Americanwoman00: @realDonaldTrump Great interview on Greta. Can I tell you that I think that you are awesome? Thank you!""",3,10,0.004003188107162714,0.009272661060094833,0.9867241978645325,0.9827210097573698,Positive
367696433798844419,2013-08-14 17:17:15,2013-08-14,2013,2013-08,17,Wednesday,Web,Twitter Web Client,"“When your brand begins to build, you too will be faced with opportunities for greater recognition.” – Midas Touch",72,152,0.0025833959225565195,0.1050950363278389,0.8923215866088867,0.8897381906863302,Positive
367976526958321664,2013-08-15 11:50:15,2013-08-15,2013,2013-08,11,Thursday,Android,Twitter for Android,"""""""@Tommyguns11: @realDonaldTrump stop talking and run in 2016! If your name is on that ballot, you've go my vote! #MakeItHappen #FixAmerica""""""",25,24,0.2604907751083374,0.4838433563709259,0.2556658387184143,-0.004824936389923096,Neutral
368037479615455232,2013-08-15 15:52:27,2013-08-15,2013,2013-08,15,Thursday,Web,Twitter Web Client,@kelseyalxandraa Thanks Kelsey.,0,2,0.005978320725262165,0.11160379648208618,0.8824177980422974,0.8764394773170352,Positive
368122598611099648,2013-08-15 21:30:41,2013-08-15,2013,2013-08,21,Thursday,Web,Twitter Web Client,"NIELSEN RATINGS: 1.@ThisWeekABC, 2.52 viewers, 6 SHR,1.91RTG, .55 25-54 2.@meetthepress 2.24 total viewers, 5 SHR,1.61RTG, .47 25-54",5,12,0.01960957981646061,0.921372652053833,0.05901774764060974,0.03940816782414913,Neutral
368563292823752704,2013-08-17 02:41:51,2013-08-17,2013,2013-08,2,Saturday,Android,Twitter for Android,"""""""@thineline4: @realDonaldTrump For a long time I thought you were so nasty. Now after reading your tweets I changed my mind."""" Great!""",21,13,0.734006941318512,0.1733396202325821,0.09265346825122833,-0.6413534730672836,Negative
368934930790629376,2013-08-18 03:18:36,2013-08-18,2013,2013-08,3,Sunday,Android,Twitter for Android,"""""""@Sofia_Mozek: @realDonaldTrump My mind would explode with happiness if Donald Trump was elected president.""""""",40,29,0.0035893097519874573,0.019706781953573227,0.9767038822174072,0.9731145724654198,Positive
369229268712030209,2013-08-18 22:48:12,2013-08-18,2013,2013-08,22,Sunday,Android,Twitter for Android,"""""""@AmbeyLambey: I love when @realDonaldTrump tells everyone the truth about America. #RunForPresident""""""",33,39,0.006296620238572359,0.045041948556900024,0.9486614465713501,0.9423648263327777,Positive
369439265446309888,2013-08-19 12:42:39,2013-08-19,2013,2013-08,12,Monday,Android,Twitter for Android,"So, lets get this right. Steve Jobs dies and leaves his wife everything-billions of dollars. Now his wife has a boyfriend (lover). Oh Steve!",3739,3712,0.6084924936294556,0.3472138047218323,0.04429371654987335,-0.5641987770795822,Negative
369618844622815232,2013-08-20 00:36:14,2013-08-20,2013,2013-08,0,Tuesday,Android,Twitter for Android,@J_TJOHNSON Thanks,0,2,0.0161031112074852,0.29148635268211365,0.6924105882644653,0.6763074770569801,Positive
369878844917833728,2013-08-20 17:49:23,2013-08-20,2013,2013-08,17,Tuesday,Web,Twitter Web Client,".@MattBevin: As someone well versed in job creation and the Private Sector, if you lie on your resume, You’re Fired!",64,129,0.7559859156608582,0.22360119223594666,0.02041289396584034,-0.7355730216950178,Negative
370235771292110848,2013-08-21 17:27:41,2013-08-21,2013,2013-08,17,Wednesday,Web,Twitter Web Client,"Congress must defund ObamaCare. It is destroying Medicare and breaking promises to our Seniors, including veterans.",89,174,0.914507269859314,0.07895106077194214,0.0065416498109698296,-0.9079656200483441,Negative
370364934540247040,2013-08-22 02:00:56,2013-08-22,2013,2013-08,2,Thursday,Android,Twitter for Android,"""""""@RichKowalski31: @realDonaldTrump what do you think is the best industry to get into for a young college student about to graduate?""""ENERGY!""",37,44,0.00880277156829834,0.5570268630981445,0.4341704249382019,0.42536765336990356,Neutral
371380991388291072,2013-08-24 21:18:22,2013-08-24,2013,2013-08,21,Saturday,Android,Twitter for Android,"@Obs3shyn Thanks, it was fun and amazing!",0,3,0.003946462646126747,0.008719987235963345,0.9873335361480713,0.9833870735019445,Positive
372002505850253312,2013-08-26 14:28:03,2013-08-26,2013,2013-08,14,Monday,Web,Twitter Web Client,"I really enjoyed doing the show circuit this AM discussing lightweight AG Eric Schneiderman &, the terrible job he has done for NY.",71,65,0.2771156132221222,0.23334209620952606,0.4895423650741577,0.21242675185203552,Positive
372381431021846528,2013-08-27 15:33:46,2013-08-27,2013,2013-08,15,Tuesday,Web,Twitter Web Client,There has been a systematic targeting of the Tea Party by the Obama administration. Now Schneiderman goes after me. No coincidence.,132,128,0.8229517340660095,0.16688214242458344,0.010166110470890999,-0.8127856235951185,Negative
372682426365276160,2013-08-28 11:29:49,2013-08-28,2013,2013-08,11,Wednesday,Android,Twitter for Android,"As I predicted long ago, the war in Iraq was a disaster for the U.S. Heading for civil war, there are bombings all over the place.Iran happy",50,63,0.9214586019515991,0.07151012867689133,0.007031284272670746,-0.9144273176789284,Negative
372683718521278464,2013-08-28 11:34:57,2013-08-28,2013,2013-08,11,Wednesday,Android,Twitter for Android,@kimguilfoyle Thanks for your support - I greatly enjoyed your comments on The Five the other day. Best wishes!,8,7,0.0028553525917232037,0.010610870085656643,0.9865337610244751,0.9836784084327519,Positive
372760066388004864,2013-08-28 16:38:20,2013-08-28,2013,2013-08,16,Wednesday,Web,Twitter Web Client,"""@Ginny14974 """"@realDonaldTrump the Arab league should be taking care of this, not us."""" 100% correct""",2,3,0.17057450115680695,0.6595439910888672,0.16988153755664825,-0.0006929636001586914,Neutral
372825578673410048,2013-08-28 20:58:39,2013-08-28,2013,2013-08,20,Wednesday,Web,Twitter Web Client,@alphakonstant @RICHNYJETS True.,0,1,0.02877526544034481,0.8039339184761047,0.1672908067703247,0.1385155413299799,Neutral
372826911841349633,2013-08-28 21:03:57,2013-08-28,2013,2013-08,21,Wednesday,Web,Twitter Web Client,@TheLanes08 Thanks.,0,2,0.01622108556330204,0.2752172350883484,0.7085617184638977,0.6923406329005957,Positive
373057367321374720,2013-08-29 12:19:42,2013-08-29,2013,2013-08,12,Thursday,Android,Twitter for Android,"If we are going to continue to be stupid and go into Syria (watch Russia), as they say in the movies, SHOOT FIRST AND TALK LATER!",205,424,0.894140899181366,0.09834843873977661,0.007510608993470669,-0.8866302901878953,Negative
373060025134374912,2013-08-29 12:30:15,2013-08-29,2013,2013-08,12,Thursday,Android,Twitter for Android,"The United States needs to fix its own problems, of which there are many, first!",209,421,0.7684571146965027,0.21100568771362305,0.020537152886390686,-0.747919961810112,Negative
373212718096211968,2013-08-29 22:37:00,2013-08-29,2013,2013-08,22,Thursday,Android,Twitter for Android,"""""""@jasonsweis: @realDonaldTrump agreed, we need our troops on the streets of Chicago, not in Syria""""""",191,242,0.19229845702648163,0.7528663277626038,0.0548352412879467,-0.13746321573853493,Neutral
373394856774995968,2013-08-30 10:40:45,2013-08-30,2013,2013-08,10,Friday,Android,Twitter for Android,"""""""@realDBP: @realDonaldTrump A talk show would be the perfect arena for you Mr. Trump. Ratings would soar through the roof!"""" But no time!""",4,10,0.01437587384134531,0.08196695894002914,0.9036571979522705,0.8892813241109252,Positive
374356124583342080,2013-09-02 02:20:29,2013-09-02,2013,2013-09,2,Monday,Android,Twitter for Android,Why isn't the Arab League paying for everything and sending troops? They want us to do their dirty work with no involvement by themselves!,96,239,0.8427625298500061,0.14945700764656067,0.007780387997627258,-0.8349821418523788,Negative
374712124620406784,2013-09-03 01:55:06,2013-09-03,2013,2013-09,1,Tuesday,Android,Twitter for Android,"If the U.S. attacks Syria and hits the wrong targets, killing civilians, there will be worldwide hell to pay. Stay away and fix broken U.S.",7955,9224,0.9383512735366821,0.057211004197597504,0.004437708295881748,-0.9339135652408004,Negative
374983974289801216,2013-09-03 19:55:20,2013-09-03,2013,2013-09,19,Tuesday,Web,Twitter Web Client,Elections have consequences. Obama just published “final regulations for ObamaCare’s individual mandate” http://t.co/zMBx554xdt Enjoy!,24,63,0.004132504109293222,0.25702086091041565,0.7388466000556946,0.7347140959464014,Positive
375291615423643648,2013-09-04 16:17:48,2013-09-04,2013,2013-09,16,Wednesday,Web,Twitter Web Client,Congratulations to @PiersMorgan on winning @BritishGQ TV Personality Of The Year. Piers deserves his success!,27,41,0.0023656170815229416,0.01438833586871624,0.9832460880279541,0.9808804709464312,Positive
375575931009900544,2013-09-05 11:07:34,2013-09-05,2013,2013-09,11,Thursday,Android,Twitter for Android,"President Obama put himself in a very bad position when he talked about Syria crossing the RED LINE. Amazingly, now he denies he said that!",159,266,0.9149604439735413,0.07884783297777176,0.006191669963300228,-0.908768774010241,Negative
375973587771224064,2013-09-06 13:27:43,2013-09-06,2013,2013-09,13,Friday,Android,Twitter for Android,"""""""@robyncook7: It's sad that @realDonaldTrump knows more about politics than our politicians""""""",38,38,0.8900773525238037,0.10203626751899719,0.007886418141424656,-0.882190934382379,Negative
376085605844647936,2013-09-06 20:52:50,2013-09-06,2013,2013-09,20,Friday,Web,Twitter Web Client,“Do you want to know who you are? Don't ask. Act! Action will delineate and define you.” - Thomas Jefferson,429,410,0.021251993253827095,0.7178965210914612,0.26085153222084045,0.23959953896701336,Neutral
376475751245434880,2013-09-07 22:43:08,2013-09-07,2013,2013-09,22,Saturday,Android,Twitter for Android,"""""""@wussydemon: Can I get a RT from @realDonaldTrump for getting three of the best looking shirts @Macys #bigfan http://t.co/fDAYfpkkMe""""Great!""",52,35,0.0022991392761468887,0.04421268776059151,0.9534881711006165,0.9511890318244696,Positive
376483809921101824,2013-09-07 23:15:09,2013-09-07,2013,2013-09,23,Saturday,Android,Twitter for Android,"""""""@joeperella3: @realDonaldTrump @macy I got a suit and 3 ties from you"""" Great Joe!""",7,7,0.0024390737526118755,0.020618578419089317,0.9769423007965088,0.9745032270438969,Positive
377250823086297089,2013-09-10 02:02:59,2013-09-10,2013,2013-09,2,Tuesday,Android,Twitter for Android,"Icahn, Kravis, Zell, Buffett have all used the bankrutcy law to their benefit. Many of the top business people do.",20,38,0.07376037538051605,0.721697986125946,0.2045416384935379,0.13078126311302185,Neutral
377254860422651904,2013-09-10 02:19:02,2013-09-10,2013,2013-09,2,Tuesday,Android,Twitter for Android,"""""""@rgorman33: @realDonaldTrump @MrMarin88 LOL! Way to go Trump!brilliant and funny! Double threat guy!""""""",8,11,0.004350084811449051,0.016664110124111176,0.9789857864379883,0.9746357016265392,Positive
377513385996218368,2013-09-10 19:26:19,2013-09-10,2013,2013-09,19,Tuesday,Web,Twitter Web Client,"Obama and Kerry are bungling Syria by the hour. They have set America’s deterrence &, stature back by years. Amateurs!",113,198,0.9338356256484985,0.05941483750939369,0.006749557796865702,-0.9270860678516328,Negative
377570008135897089,2013-09-10 23:11:19,2013-09-10,2013,2013-09,23,Tuesday,Android,Twitter for Android,"""""""@VDIT13: @realdonaldtrump You are a great American!! Thanks from a Vietnam vet!""",7,15,0.004142256919294596,0.01377078052610159,0.9820870161056519,0.9779447591863573,Positive
377599349754433537,2013-09-11 01:07:55,2013-09-11,2013,2013-09,1,Wednesday,Android,Twitter for Android,Making his case in a nice and articulate manner.,50,70,0.010111678391695023,0.136631578207016,0.8532567620277405,0.8431450836360455,Positive
377648695837458433,2013-09-11 04:24:00,2013-09-11,2013,2013-09,4,Wednesday,Android,Twitter for Android,"""""""@TheGreatGedi: @realDonaldTrump In Donald We Trust."""" Thanks!""",6,13,0.0031486416701227427,0.11123961955308914,0.8856117129325867,0.8824630712624639,Positive
377651024074641408,2013-09-11 04:33:15,2013-09-11,2013,2013-09,4,Wednesday,Android,Twitter for Android,"""""""@DeanoCT: @realDonaldTrump you sir have the greatest twitter of all time"""" Thank you!""",18,10,0.0035143857821822166,0.011030194349586964,0.9854553937911987,0.9819410080090165,Positive
377744866803200000,2013-09-11 10:46:09,2013-09-11,2013,2013-09,10,Wednesday,Android,Twitter for Android,Back to work for the President to try and keep some dignity for the office and himself. The so-called rebels must be thoroughly confused!,39,71,0.5342360734939575,0.4067530035972595,0.05901093780994415,-0.47522513568401337,Negative
377755507790188544,2013-09-11 11:28:26,2013-09-11,2013,2013-09,11,Wednesday,Android,Twitter for Android,"""""""@kbmc24: @realDonaldTrump my husband and I think you're so awesome!! We can't wait to come to NYC one day and see the Trump towers!"""" Great!""",8,7,0.002509805839508772,0.006530544254928827,0.990959644317627,0.9884498384781182,Positive
378223004569706496,2013-09-12 18:26:05,2013-09-12,2013,2013-09,18,Thursday,Web,Twitter Web Client,"Named best golf course in the world by @RobbReport, Trump Int'l Golf Links Scotland is a 7,400 yd par 72 http://t.co/7FYb3dEQcD",15,18,0.002504758769646287,0.0888332799077034,0.908661961555481,0.9061572027858347,Positive
378236334273331201,2013-09-12 19:19:04,2013-09-12,2013,2013-09,19,Thursday,Web,Twitter Web Client,"China, Russia and Iran are laughing at us. We have weak leaders who are threatening our national security. Dangerous times.",1113,1506,0.9351084232330322,0.05831921100616455,0.006572360638529062,-0.9285360625945032,Negative
378614818527137792,2013-09-13 20:23:01,2013-09-13,2013,2013-09,20,Friday,Web,Twitter Web Client,Prayers go out to the victims of the terrible fire in New Jersey. Stay strong and remember it will soon get better.,83,121,0.2741037905216217,0.40334126353263855,0.32255497574806213,0.04845118522644043,Neutral
379121455809982464,2013-09-15 05:56:13,2013-09-15,2013,2013-09,5,Sunday,Android,Twitter for Android,"""""""@ashleybonder: @realDonaldTrump if you had to start all over again, which industry would you choose ?"""" REAL ESTATE, Ashley.""",28,26,0.023186130449175835,0.8628621697425842,0.11395163834095001,0.09076550789177418,Neutral
379717298296086529,2013-09-16 21:23:53,2013-09-16,2013,2013-09,21,Monday,Web,Twitter Web Client,I predict that President Obama will at some point attack Iran in order to save face!,4957,5255,0.21028003096580505,0.662771999835968,0.12694792449474335,-0.0833321064710617,Neutral
379873224735338496,2013-09-17 07:43:29,2013-09-17,2013,2013-09,7,Tuesday,Android,Twitter for Android,"""""""@DeasWorld: @realDonaldTrump stunning! Wishing you a great success in Mumbai."""" Thank you.""",6,1,0.0023799771443009377,0.009398258291184902,0.9882217049598694,0.9858417278155684,Positive
380007269187866624,2013-09-17 16:36:07,2013-09-17,2013,2013-09,16,Tuesday,Web,Twitter Web Client,"“Keep focusing on doing what you love, even if times are tough.” – Think Big",377,722,0.0048578353598713875,0.07953932136297226,0.9156028628349304,0.910745027475059,Positive
380496283393597440,2013-09-19 00:59:17,2013-09-19,2013,2013-09,0,Thursday,Android,Twitter for Android,@seanhannity #Defund Obamacare!,23,39,0.20757055282592773,0.6921386122703552,0.10029076039791107,-0.10727979242801666,Neutral
381546985121406976,2013-09-21 22:34:24,2013-09-21,2013,2013-09,22,Saturday,Android,Twitter for Android,"""""""@joshjame: Best Twitter follow I ever made: The Donald. Random 24/7 MT @realDonaldTrump: I believe that @MileyCyrus is a really good person""",12,18,0.005803167354315519,0.01846075803041458,0.9757360816001892,0.9699329142458737,Positive
381558067676348416,2013-09-21 23:18:27,2013-09-21,2013,2013-09,23,Saturday,Android,Twitter for Android,"""""""@Miranda__Diplo: @realDonaldTrump is much more than just a Republican. He is a brilliant entrepreneur and individual."""" Thank you.""",20,22,0.004184304270893335,0.018748940899968147,0.9770668148994446,0.9728825106285512,Positive
381749561599197184,2013-09-22 11:59:22,2013-09-22,2013,2013-09,11,Sunday,Android,Twitter for Android,"""""""@DELAVEGAPROPHET: @realDonaldTrump Always great working with you. You are a true modern master. Thank you.""",12,8,0.003134937724098563,0.011698229238390923,0.9851668477058411,0.9820319099817425,Positive
381912825746444288,2013-09-22 22:48:07,2013-09-22,2013,2013-09,22,Sunday,Android,Twitter for Android,"""""""@KrissyGasbarre: To @realDonaldTrump: the service, food and rooms at Trump Intl. are OUTSTANDING. I've finally found my Las Vegas hotel.""",9,9,0.003248409368097782,0.025404298678040504,0.9713473320007324,0.9680989226326346,Positive
381935160041959424,2013-09-23 00:16:52,2013-09-23,2013,2013-09,0,Monday,Android,Twitter for Android,Is it the Neil Patrick Harris show or the Emmy Awards?How was he ever put in this position to start with? CRAZY!,43,60,0.6784924864768982,0.29197677969932556,0.029530752450227737,-0.6489617340266705,Negative
383804227992453120,2013-09-28 04:03:53,2013-09-28,2013,2013-09,4,Saturday,Android,Twitter for Android,"""""""@adammatruski: @realDonaldTrump stop investing in hotels and focus on our structure and your campaign for presidency"""" Good point!""",23,28,0.13066016137599945,0.5295757055282593,0.3397641181945801,0.20910395681858063,Neutral
384124985725681664,2013-09-29 01:18:27,2013-09-29,2013,2013-09,1,Sunday,Android,Twitter for Android,"""""""@rosschisholm10: @realDonaldTrump Dad got his first hole in 1 today on the 16th at Trump International Links. Can I get a rt for him please""",27,54,0.004051072522997856,0.5293434858322144,0.4666054844856262,0.46255441196262836,Neutral
384765652235341824,2013-09-30 19:44:14,2013-09-30,2013,2013-09,19,Monday,Web,Twitter Web Client,@growingupbryce Happy Birthday!,4,3,0.003957692999392748,0.012003494426608086,0.984038770198822,0.9800810771994293,Positive
385466724562116608,2013-10-02 18:10:03,2013-10-02,2013,2013-10,18,Wednesday,Web,Twitter Web Client,@IsraeliPM @netanyahu’s UN address was a strong statement to the world that @Israel will not allow Iran to get nuclear weapons.,8,10,0.07847244292497635,0.7948344349861145,0.12669305503368378,0.04822061210870743,Neutral
385912903435841536,2013-10-03 23:43:00,2013-10-03,2013,2013-10,23,Thursday,Android,Twitter for Android,"""""""@TonyCinMo: “@realDonaldTrump: Obama administration had 4 years to prepare for the ObamaCare rollout. And of course they failed miserably.”""",50,134,0.8916972279548645,0.099745973944664,0.008556865155696869,-0.8831403627991676,Negative
387195964723048449,2013-10-07 12:41:26,2013-10-07,2013,2013-10,12,Monday,Android,Twitter for Android,"""""""@GeneMcVay: @realDonaldTrump The Donald says the Republicans absolutely can win if they will STAND FIRM. @SpeakerBoehner""",29,63,0.10441561788320541,0.6417587399482727,0.25382566452026367,0.14941004663705826,Neutral
387196313991118848,2013-10-07 12:42:49,2013-10-07,2013,2013-10,12,Monday,Android,Twitter for Android,"""""""@TheGINE3000: @realDonaldTrump We need someone with some business sense in the White House. This administration doesn't have a clue.""""""",50,92,0.7816655039787292,0.1940881907939911,0.024246344342827797,-0.7574191596359015,Negative
387880711212269568,2013-10-09 10:02:22,2013-10-09,2013,2013-10,10,Wednesday,Android,Twitter for Android,"""""""@OHOUD555: """"@realDonaldTrump: """" Amazing day in Dubai! Launch of the #Trump Estates with @Damacakoya""",8,18,0.0015346489381045103,0.013017871417105198,0.9854474663734436,0.9839128174353391,Positive
388641997797724160,2013-10-11 12:27:27,2013-10-11,2013,2013-10,12,Friday,Android,Twitter for Android,"""""""@wykkdlilchit: @realDonaldTrump @piersmorgan We need more than 10 min with Donald. Was inspired. Get gov't in assembly and make them watch.""",7,8,0.07240323722362518,0.6771804690361023,0.25041627883911133,0.17801304161548615,Neutral
388645172642582528,2013-10-11 12:40:04,2013-10-11,2013,2013-10,12,Friday,Android,Twitter for Android,"""""""@DEMEGL10: @realDonaldTrump Everyone should start their twitter day with TRUMP FOR PRESIDENT....lets start the movement"""" Wow!""",87,87,0.0058420440182089806,0.07840441912412643,0.9157534837722778,0.9099114397540689,Positive
388763250583564288,2013-10-11 20:29:16,2013-10-11,2013,2013-10,20,Friday,Web,Twitter Web Client,@KeithR69 @Giants True!,1,0,0.01297946646809578,0.26977047324180603,0.7172500491142273,0.7042705826461315,Positive
389756166244278273,2013-10-14 14:14:46,2013-10-14,2013,2013-10,14,Monday,Web,Twitter Web Client,"Ranked a top course @GolfMagazine &, 6 Star Diamond Award, Trump Int’l Palm Beach has been expanded to 27 holes http://t.co/ykloZgMUEx",13,14,0.003546943189576268,0.5784875750541687,0.41796550154685974,0.4144185583572835,Neutral
389934233848135680,2013-10-15 02:02:20,2013-10-15,2013,2013-10,2,Tuesday,Android,Twitter for Android,"@Roc_Cayard So nice, thank you.",1,1,0.007450364995747805,0.011923640966415405,0.9806259870529175,0.9731756220571697,Positive
391058093733605376,2013-10-18 04:28:09,2013-10-18,2013,2013-10,4,Friday,Android,Twitter for Android,"""""""@bwiss24: @realDonaldTrump is the post office building in DC the way the US is going to pay your salary when you become the President in 16""",7,9,0.025516429916024208,0.92842698097229,0.04605666920542717,0.02054023928940296,Neutral
392062236275249152,2013-10-20 22:58:15,2013-10-20,2013,2013-10,22,Sunday,Android,Twitter for Android,"""""""@Orangeone4: @Carrie_Wofford @realDonaldTrump Website designer HUGE Obama campaign donor. Can we say kickbacks?""""""",37,62,0.13391411304473877,0.7923460006713867,0.07373987138271332,-0.06017424166202545,Neutral
393052221245386752,2013-10-23 16:32:06,2013-10-23,2013,2013-10,16,Wednesday,Web,Twitter Web Client,I’ll soon be leaving for Washington where @AmSpec will give me the T. Boone Pickens Entrepreneur Award. Very exciting!,46,30,0.0014049095334485173,0.014439350925385952,0.9841557741165161,0.9827508645830676,Positive
393079624814432256,2013-10-23 18:21:00,2013-10-23,2013,2013-10,18,Wednesday,Web,Twitter Web Client,It was just determined that the woman who passed out at Obama’s press conference had just seen what her new premiums would be!,215,395,0.2924284040927887,0.653946578502655,0.053625013679265976,-0.23880339041352272,Neutral
393483717563273216,2013-10-24 21:06:43,2013-10-24,2013,2013-10,21,Thursday,Web,Twitter Web Client,The Audacity of Ineptitude – ObamaCare website will cost over $1B http://t.co/w71bC1ryzy When will someone finally be held accountable?,77,266,0.855643630027771,0.13581088185310364,0.00854555331170559,-0.8470980767160654,Negative
394246256501198849,2013-10-26 23:36:46,2013-10-26,2013,2013-10,23,Saturday,Android,Twitter for Android,@ManagersDiary Thank you-always a good thought.,3,3,0.010063614696264267,0.032909292727708817,0.9570271372795105,0.9469635225832462,Positive
394917341219151872,2013-10-28 20:03:26,2013-10-28,2013,2013-10,20,Monday,Web,Twitter Web Client,"Thanks to ObamaCare’s device tax, Boston Scientific plans to cut 1,500 jobs http://t.co/AUxXIKuq26 ObamaCare will kill ingenuity.",34,169,0.9100616574287415,0.08330483734607697,0.0066335140727460384,-0.9034281433559954,Negative
395267850807410688,2013-10-29 19:16:14,2013-10-29,2013,2013-10,19,Tuesday,Web,Twitter Web Client,"Won’t be a buyer’s market for long. If you can, purchase a home but remember, I told you this three years ago.",70,130,0.35912859439849854,0.5810890197753906,0.05978246033191681,-0.2993461340665817,Neutral
395716131958566913,2013-10-31 00:57:32,2013-10-31,2013,2013-10,0,Thursday,Android,Twitter for Android,Looks like a very good World Series game!,241,297,0.0017586125759407878,0.010332989506423473,0.9879084229469299,0.9861498103709891,Positive
397831685498089473,2013-11-05 21:03:59,2013-11-05,2013,2013-11,21,Tuesday,Web,Twitter Web Client,"Sen. @DavidVitter &, @David_Bossie w/@seanhannity http://t.co/tuNjdZIGLq demand 'Congress Live By Your Laws' http://t.co/37qiBlkoWe",18,61,0.041294507682323456,0.9146624207496643,0.044043004512786865,0.0027484968304634094,Neutral
398106466722119680,2013-11-06 15:15:52,2013-11-06,2013,2013-11,15,Wednesday,Web,Twitter Web Client,@dnewman83 Thank you.,1,1,0.012132146395742893,0.11885969340801239,0.8690081834793091,0.8568760370835662,Positive
399743970445893633,2013-11-11 03:42:44,2013-11-11,2013,2013-11,3,Monday,Android,Twitter for Android,"""""""@joeyb134: I hope @realDonaldTrump will invite me to golf with him @TrumpDoral when it is all complete. It looks like an awesome place""""""",13,6,0.0024638837203383446,0.01762593723833561,0.979910135269165,0.9774462515488267,Positive
400253263263825920,2013-11-12 13:26:28,2013-11-12,2013,2013-11,13,Tuesday,Android,Twitter for Android,"""""""@AarranMcPherson: @realDonaldTrump Good luck in your case against the wind turbines in Aberdeen Bay, most sensible Scots agree with you!""""""",15,10,0.013195143081247807,0.1135297492146492,0.873275101184845,0.8600799581035972,Positive
401018400907866112,2013-11-14 16:06:51,2013-11-14,2013,2013-11,16,Thursday,Web,Twitter Web Client,Breaking news--negotiations with Iranians broke down because Obama insisted that they use ObamaCare.,210,268,0.7928354144096375,0.19967079162597656,0.007493730168789625,-0.7853416842408478,Negative
401278949277577217,2013-11-15 09:22:11,2013-11-15,2013,2013-11,9,Friday,Android,Twitter for Android,"@grouponegav Yes, online through Macy's.",0,3,0.007486460264772177,0.7649955153465271,0.22751808166503906,0.22003162140026689,Neutral
401410185278672896,2013-11-15 18:03:40,2013-11-15,2013,2013-11,18,Friday,Web,Twitter Web Client,"“Winning is habit. Unfortunately, so is losing.” - Vince Lombardi",221,414,0.13469606637954712,0.5923943519592285,0.2729095220565796,0.13821345567703247,Neutral
402391333182373888,2013-11-18 11:02:24,2013-11-18,2013,2013-11,11,Monday,Android,Twitter for Android,I will be going to Trump National Doral in Miami early today to check on the construction of the hotel and the new Blue Monster. AMAZING!,45,33,0.0018347292207181454,0.01879344880580902,0.9793718457221985,0.9775371165014803,Positive
402545285793996800,2013-11-18 21:14:09,2013-11-18,2013,2013-11,21,Monday,Web,Twitter Web Client,"""""""The ones who are crazy enough to think that they can change the world, are the ones who do."""" -- Steve Jobs""",1113,1025,0.03999779373407364,0.32965511083602905,0.6303471326828003,0.5903493389487267,Positive
403187690562019328,2013-11-20 15:46:50,2013-11-20,2013,2013-11,15,Wednesday,Web,Twitter Web Client,Emin from Russia--a very talented guy. All proceeds go to help the Philippines. @eminofficial #missuniverse http://t.co/Y6TJL7znRD,105,187,0.003093886421993375,0.03642560541629791,0.9604805111885071,0.9573866247665137,Positive
404927712755974144,2013-11-25 11:01:04,2013-11-25,2013,2013-11,11,Monday,Android,Twitter for Android,"I know it has been many years since our country made great deals, but isn't it about time we start, right now. MAKE AMERICA GREAT AGAIN!",204,172,0.031675271689891815,0.1534706950187683,0.814854085445404,0.7831788137555122,Positive
405562162867105792,2013-11-27 05:02:09,2013-11-27,2013,2013-11,5,Wednesday,Android,Twitter for Android,"President Obama said, over and over again, if you like your plan, you can keep your plan, PERIOD! This turned out to be a total lie-90 mill.",195,295,0.4909106194972992,0.3975406587123871,0.11154869943857193,-0.37936192005872726,Negative
406153662562844672,2013-11-28 20:12:33,2013-11-28,2013,2013-11,20,Thursday,Android,Twitter for Android,"HAPPY THANKSGIVING EVERYONE, ENJOY YOUR DAY!",649,341,0.004774435888975859,0.009932545945048332,0.9852929711341858,0.9805185352452099,Positive
406872393236611072,2013-11-30 19:48:32,2013-11-30,2013,2013-11,19,Saturday,Android,Twitter for Android,I hope you buy my shirts and ties at @Macys,159,173,0.022042453289031982,0.5715049505233765,0.40645265579223633,0.38441020250320435,Neutral
407866128921559040,2013-12-03 13:37:17,2013-12-03,2013,2013-12,13,Tuesday,Android,Twitter for Android,"""With few exceptions, only really smart people are able to make a lot of money. Hard work is also important, but """"brains"""" will supersede.""",270,336,0.04407820105552673,0.3761335611343384,0.5797882080078125,0.5357100069522858,Positive
408677134446493696,2013-12-05 19:19:56,2013-12-05,2013,2013-12,19,Thursday,Web,Twitter Web Client,"Leaving today for California to inspect my fantastic golf course &, club on the Palos Verdes peninsula. Big success. http://t.co/JcbyQCIcH2",49,31,0.0015805131988599896,0.01894560270011425,0.979473888874054,0.977893375675194,Positive
409006133659963392,2013-12-06 17:07:15,2013-12-06,2013,2013-12,17,Friday,Web,Twitter Web Client,".@BillBratton was a great choice for NYC Police Commissioner. He will make us proud, and safe!",26,23,0.002659677993506193,0.013640827499330044,0.9836995601654053,0.9810398821718991,Positive
410138922367201280,2013-12-09 20:08:33,2013-12-09,2013,2013-12,20,Monday,Web,Twitter Web Client,"Congrats to @JoeTorre, @TonyLaRussa &, Bobby Cox on all being unanimously elected to @MLB’s @BaseballHall! Great leaders &, managers.",60,90,0.003194779623299837,0.016382038593292236,0.9804232120513916,0.9772284324280918,Positive
410423785443966978,2013-12-10 15:00:30,2013-12-10,2013,2013-12,15,Tuesday,Web,Twitter Web Client,"""""""@koos32 @realDonaldTrump Donald, you also belong in the same category as a great leader. The US needs you!"""" Thanks.""",17,11,0.0049868179485201836,0.026380114257335663,0.9686329960823059,0.9636461781337857,Positive
410511810886770688,2013-12-10 20:50:17,2013-12-10,2013,2013-12,20,Tuesday,Web,Twitter Web Client,“Know from the inside out that you have the power to succeed and you will.” – Think Like a Champion,241,321,0.005025912541896105,0.08144193887710571,0.9135321974754333,0.9085062849335372,Positive
410516483601477632,2013-12-10 21:08:51,2013-12-10,2013,2013-12,21,Tuesday,Web,Twitter Web Client,"After climbing a great hill, one only finds that there are many more hills to climb.-- Nelson Mandela",268,450,0.005751111079007387,0.1592249572277069,0.8350239396095276,0.8292728285305202,Positive
410608304348741632,2013-12-11 03:13:43,2013-12-11,2013,2013-12,3,Wednesday,Android,Twitter for Android,"""""""@kasek_craig: Can someone please explain how my obamacare insurance is twice as expensive as my cancelled insurance.. can't afford this""""""",80,84,0.9305078387260437,0.06388553977012634,0.005606648977845907,-0.9249011897481978,Negative
410673729421975552,2013-12-11 07:33:41,2013-12-11,2013,2013-12,7,Wednesday,Android,Twitter for Android,@TrumpDoral The Blue Monster at Trump National Doral opens for play on Saturday morning after a massive rebuilding - brand new course!,1,13,0.00283669400960207,0.3938125669956207,0.6033507585525513,0.6005140645429492,Positive
410812210839973889,2013-12-11 16:43:58,2013-12-11,2013,2013-12,16,Wednesday,Web,Twitter Web Client,Let Pete into the Hall of Fame- http://t.co/6ksLuFzRHw @PeteRose_14,466,299,0.005933115724474192,0.8594887256622314,0.1345781683921814,0.1286450526677072,Neutral
411567976375418881,2013-12-13 18:47:06,2013-12-13,2013,2013-12,18,Friday,Other,Twitlonger,"The talk in Albany is that JCOPE &, Moreland Commissions are taking my complaint against lightweight (cont) http://t.co/TChMrJcqMA",10,8,0.04902498424053192,0.9214596152305603,0.029515430331230164,-0.019509553909301758,Neutral
411595374780903424,2013-12-13 20:35:59,2013-12-13,2013,2013-12,20,Friday,Web,Twitter Web Client,"@PolitiFact’s #LieOfTheYear is Obama’s if you like your health care plan, you can keep it. Wrong. It’s the lie of the decade.",18,26,0.8238999247550964,0.15602779388427734,0.02007235586643219,-0.8038275688886642,Negative
413055760810012672,2013-12-17 21:19:02,2013-12-17,2013,2013-12,21,Tuesday,Web,Twitter Web Client,ObamaCare Story of the Day: “Florida Cancer Patient Loses Insurance During Treatment B/C of ObamaCare” http://t.co/zNGTuhJat6,69,200,0.4116322994232178,0.5690305233001709,0.019337154924869537,-0.39229514449834824,Neutral
413661700068745216,2013-12-19 13:26:49,2013-12-19,2013,2013-12,13,Thursday,Android,Twitter for Android,"""""""@TheChrisRooney: @realDonaldTrump my bro lives at your Charlotte property and said the club is fantastic!"""" Great, thanks!""",10,5,0.0029563058633357286,0.01035808864980936,0.9866856336593628,0.9837293277960271,Positive
414052967101108224,2013-12-20 15:21:34,2013-12-20,2013,2013-12,15,Friday,Web,Twitter Web Client,"Rated Toronto's #1 hotel, @TrumpTO has 261 guest rooms &, suites furnished in elegant, cosmopolitan style. http://t.co/fogCH2mx2c",30,18,0.0025708391331136227,0.11381552368402481,0.883613646030426,0.8810428068973124,Positive
414872330180231168,2013-12-22 21:37:26,2013-12-22,2013,2013-12,21,Sunday,Android,Twitter for Android,@HerschelWalker GREAT interview with Tim McCarver! Have a fantastic Christmas and New Year.,27,3,0.0029123579151928425,0.009786884300410748,0.9873007535934448,0.984388395678252,Positive
415507105836060672,2013-12-24 15:39:48,2013-12-24,2013,2013-12,15,Tuesday,Web,Twitter Web Client,"""""""@MrsDFRizzo7 good thing about Trump..NOT a snob. A straight-arrow w/street sense. Appeals to the masses..a leader all can appreciate"""" Thx.""",47,27,0.01475626602768898,0.06371427327394485,0.9215294718742371,0.9067732058465481,Positive
415553026078683136,2013-12-24 18:42:16,2013-12-24,2013,2013-12,18,Tuesday,Web,Twitter Web Client,“Push yourself again and again. Don't give an inch until the final buzzer sounds.” - Larry Bird,306,406,0.00926404818892479,0.33403077721595764,0.6567052006721497,0.6474411524832249,Positive
419170378439618560,2014-01-03 18:16:20,2014-01-03,2014,2014-01,18,Friday,Web,Twitter Web Client,"Try to develop a tempo when you're working--momentum is something you have to work at to maintain, &, is an important element of success.",364,372,0.029293570667505264,0.32606497406959534,0.6446414589881897,0.6153478883206844,Positive
419194714407972864,2014-01-03 19:53:02,2014-01-03,2014,2014-01,19,Friday,Web,Twitter Web Client,@fundanything has great campaigns. Support one today http://t.co/W0MDqPckX4,5,8,0.003230745205655694,0.018094995990395546,0.9786742925643921,0.9754435473587364,Positive
421095759636099072,2014-01-09 01:47:07,2014-01-09,2014,2014-01,1,Thursday,Android,Twitter for Android,"""""""@kevinrleyland: @realDonaldTrump Has it been more than you ever expected?"""" Far more and far better!""",15,8,0.002471813466399908,0.014412262476980686,0.9831159710884094,0.9806441576220095,Positive
421109586004037632,2014-01-09 02:42:03,2014-01-09,2014,2014-01,2,Thursday,Android,Twitter for Android,"""""""@Raj_Tut: I'm 22... my company @TutandTut owns $6 million worth of multi-family properties... I started because of you... any advice?""""Great""",32,20,0.0060105156153440475,0.17821623384952545,0.8157732486724854,0.8097627330571413,Positive
421821998017548288,2014-01-11 01:52:56,2014-01-11,2014,2014-01,1,Saturday,Android,Twitter for Android,"""""""@BillDMeyer1971: @gretawire @realDonaldTrump @FoxNews We need him as governor... this state is a mess.....""""""",32,25,0.8813546895980835,0.10767031461000443,0.010974902659654617,-0.8703797869384289,Negative
423533440386883585,2014-01-15 19:13:35,2014-01-15,2014,2014-01,19,Wednesday,Web,Twitter Web Client,Where is the progress in the state of New York over the last three years? There is none--only backwards.,87,78,0.8621007800102234,0.12535567581653595,0.012543492019176483,-0.8495572879910469,Negative
424405179753312256,2014-01-18 04:57:34,2014-01-18,2014,2014-01,4,Saturday,Android,Twitter for Android,"""""""@LacroixRoxane: @realDonaldTrump I believe you as all your Children are poised, respectful and genuine. Good job :)"""" Thanks Roxane!""",22,14,0.004292482044547796,0.01533774845302105,0.9803697466850281,0.9760772646404803,Positive
427000138327134208,2014-01-25 08:49:00,2014-01-25,2014,2014-01,8,Saturday,Android,Twitter for Android,"""""""@nandigold13: @realDonaldTrump thanks for all the inspirational tweets ..I like to.learn from the best"""" Thank you!""",41,23,0.003901764517650008,0.010089799761772156,0.9860084652900696,0.9821067007724196,Positive
428609046468235265,2014-01-29 19:22:14,2014-01-29,2014,2014-01,19,Wednesday,Web,Twitter Web Client,"Always leave your ego at the door during negotiations. Remember, it’s only business and there will always be another day!",341,452,0.09889525920152664,0.554564893245697,0.3465398848056793,0.24764462560415268,Neutral
428705464285921281,2014-01-30 01:45:22,2014-01-30,2014,2014-01,1,Thursday,Android,Twitter for Android,"""""""@bahia6085: @realDonaldTrump Success rule-Surround yourself w/successful people. Do it with twitter. Follow Trump=Success.""""""",47,31,0.007687483448535204,0.06993450969457626,0.9223780035972595,0.9146905201487243,Positive
430158538326167552,2014-02-03 01:59:22,2014-02-03,2014,2014-02,1,Monday,Android,Twitter for Android,"This may be the worst football game ever played by one team, Denver! Hard to watch.",664,768,0.9599823355674744,0.03448404371738434,0.005533604882657528,-0.9544487306848168,Negative
431425887137849344,2014-02-06 13:55:21,2014-02-06,2014,2014-02,13,Thursday,Web,Twitter Web Client,"How does frumpy &, little read @nytimes editorial writer Gail Collins keep her job? She is totally irrelevant! @nytimescollins",45,33,0.9196081161499023,0.07261577248573303,0.00777612067759037,-0.911831995472312,Negative
434133794325815296,2014-02-14 01:15:37,2014-02-14,2014,2014-02,1,Friday,Android,Twitter for Android,"""""""@PIERPAOLOMONNI: I definitely agree with @T_Sharp4! @realDonaldTrump really hope you will run for President!"""" Thank you!""",37,9,0.00238117016851902,0.012666250579059124,0.9849526286125183,0.9825714584439993,Positive
434363506540818432,2014-02-14 16:28:24,2014-02-14,2014,2014-02,16,Friday,Web,Twitter Web Client,I hope that Derek Jeter has such a fantastic year with @Yankees that he changes his mind about retiring. Great guy!,194,145,0.010352971963584423,0.0487944521009922,0.9408525824546814,0.930499610491097,Positive
434410477637341186,2014-02-14 19:35:03,2014-02-14,2014,2014-02,19,Friday,Android,Twitter for Android,"""""""@LongetTerer: Donald trump is paid 1.5 million per hr of every speaking engagement""""""",45,39,0.26588869094848633,0.6849284172058105,0.049182914197444916,-0.2167057767510414,Neutral
434417514362437632,2014-02-14 20:03:01,2014-02-14,2014,2014-02,20,Friday,Android,Twitter for Android,"""""""@brianfinn96: @realDonaldTrump Will you be coming to Doonbeg ??"""" Yes, very soon.""",16,9,0.00253071216866374,0.4821842908859253,0.5152850151062012,0.5127543029375374,Positive
435174794733305856,2014-02-16 22:12:10,2014-02-16,2014,2014-02,22,Sunday,Android,Twitter for Android,"""""""@fitbafan: @neaver82 @realDonaldTrump the majority of people near the course fully support it. Problem is a vocal minority (Scotland).""",18,11,0.04280027747154236,0.5076420903205872,0.4495575726032257,0.40675729513168335,Neutral
435393088383889408,2014-02-17 12:39:36,2014-02-17,2014,2014-02,12,Monday,Android,Twitter for Android,Don't let the GLOBAL WARMING wiseguys get away with changing the name to CLIMATE CHANGE because the FACTS do not let GW tag to work anymore!,490,417,0.8143423199653625,0.1740727722644806,0.011584893800318241,-0.8027574261650443,Negative
435959464379056129,2014-02-19 02:10:10,2014-02-19,2014,2014-02,2,Wednesday,Android,Twitter for Android,I wonder how much money dumb @BuzzFeed and even dumber Ben Smith loooose each year? They have zero credibility - totally irrelevant and sad!,2419,1348,0.949093759059906,0.043646056205034256,0.007260123733431101,-0.9418336353264749,Negative
436677858489282560,2014-02-21 01:44:49,2014-02-21,2014,2014-02,1,Friday,Android,Twitter for Android,"""""""@michelleneuf: @realDonaldTrump We need you and Giuliani in Whitehouse. We need a crime fighter who knows crime!!! And your creativity.""""""",62,36,0.05954080447554588,0.4890332818031311,0.4514258801937103,0.39188507571816444,Neutral
436724620746821633,2014-02-21 04:50:38,2014-02-21,2014,2014-02,4,Friday,Android,Twitter for Android,".@MichaelRCaputo Thank you for all of your support, you have been amazing!",49,17,0.004354734439402819,0.008578288368880749,0.987066924571991,0.9827121901325881,Positive
436736478874710016,2014-02-21 05:37:45,2014-02-21,2014,2014-02,5,Friday,Android,Twitter for Android,"""""""@Pekastar: @realDonaldTrump #Trump2016 and that's all i'm going to say!"""" Thanks!""",35,9,0.004833898972719908,0.05963459983468056,0.935531497001648,0.930697598028928,Positive
437782114743111680,2014-02-24 02:52:44,2014-02-24,2014,2014-02,2,Monday,Android,Twitter for Android,"""""""@BarrusTJ: Is it just me or does the idea of a president who knows how to succeed and lead actually seem possible.#Trump2016""""""",84,36,0.04384031519293785,0.5287638306617737,0.427395761013031,0.38355544582009315,Neutral
439048116407635968,2014-02-27 14:43:22,2014-02-27,2014,2014-02,14,Thursday,Web,Twitter Web Client,Lightweight @AGSchneiderman’s phony lawsuit against Trump U was decimated by the court—he’s a loser!,110,115,0.930443286895752,0.06061306595802307,0.00894366018474102,-0.9214996267110109,Negative
439351077960695808,2014-02-28 10:47:14,2014-02-28,2014,2014-02,10,Friday,Android,Twitter for Android,"""Obama just stated """"he didn't take school seriously, made bad choices and GOT HIGH"""" - then how the hell did he get into Columbia &, Harvard?""",2634,1512,0.883573591709137,0.11000052839517593,0.006425903178751469,-0.8771476885303855,Negative
440468318273953792,2014-03-03 12:46:45,2014-03-03,2014,2014-03,12,Monday,Android,Twitter for Android,"I have always liked Ellen, done her show numerous times, but she was not good last night - fumbling and stumbling!",107,65,0.5724815726280212,0.24509237706661224,0.18242602050304413,-0.3900555521249771,Negative
441312228608704512,2014-03-05 20:40:09,2014-03-05,2014,2014-03,20,Wednesday,Web,Twitter Web Client,"""""""You're never a loser until you quit trying."""" -- Mike Ditka""",534,743,0.16528980433940887,0.5550719499588013,0.27963829040527344,0.11434848606586456,Neutral
446008578319863811,2014-03-18 19:41:46,2014-03-18,2014,2014-03,19,Tuesday,Web,Twitter Web Client,"""""""@70sBaseball A great sports fan &, business man! DT &, his son w/George &, Billy during Spring Training http://t.co/DhUK4RQPxY"""" Good memories!""",87,29,0.002043349901214242,0.0178022850304842,0.9801543354988098,0.9781109855975956,Positive
446010190870380545,2014-03-18 19:48:10,2014-03-18,2014,2014-03,19,Tuesday,Web,Twitter Web Client,"""""""@allanschwartz1 @realDonaldTrump AND YOU LOVE WHAT YOU DO.. RUN FOR PRESIDENT. YOU WILL LOVE IT"""" Interesting!""",28,8,0.0032159409020096064,0.012799524702131748,0.9839845299720764,0.9807685890700668,Positive
446315872102400000,2014-03-19 16:02:50,2014-03-19,2014,2014-03,16,Wednesday,Web,Twitter Web Client,"""""""@FrontRowBrian You also hosted the greatest MMA event of all time... #WRESTLEMANIA... TWICE!!! You are a great American sir."""" Thanks.""",130,60,0.0028670497704297304,0.012437434867024422,0.9846954941749573,0.9818284444045275,Positive
449296815436095488,2014-03-27 21:28:02,2014-03-27,2014,2014-03,21,Thursday,Web,Twitter Web Client,"""""""@eruditetina @realDonaldTrump Your parents must have been wonderful people. Thanks for sharing."""" They were--thanks.""",17,7,0.0042442698031663895,0.014282656833529472,0.9814730286598206,0.9772287588566542,Positive
449331076528615424,2014-03-27 23:44:11,2014-03-27,2014,2014-03,23,Thursday,Android,Twitter for Android,If I were President I would push for proper vaccinations but would not allow one time massive shots that a small child cannot take - AUTISM.,2192,1815,0.690071702003479,0.2839616537094116,0.02596660517156124,-0.6641050968319178,Negative
449987370516226048,2014-03-29 19:12:04,2014-03-29,2014,2014-03,19,Saturday,Android,Twitter for Android,"""""""@TarrKoziara: @realDonaldTrump @ArsenioHall The Apprentice has started and revived a lot of people's careers."""" Very true!""",44,17,0.003444560570642352,0.023916054517030716,0.9726393818855286,0.9691948213148862,Positive
450067898036682753,2014-03-30 00:32:03,2014-03-30,2014,2014-03,0,Sunday,Android,Twitter for Android,"""""""@diverojalv: @realDonaldTrump @chrispilz my only concern w/Trump running for prez is that he could only serve two terms!"""" Very cute!""",51,29,0.09410562366247177,0.23141558468341827,0.6744788289070129,0.5803732052445412,Positive
450622707340947456,2014-03-31 13:16:40,2014-03-31,2014,2014-03,13,Monday,Web,Twitter Web Client,"Sorry, couldn't do @foxandfriends this morning--big meeting. Will double up next week at 7.",38,24,0.8447615504264832,0.14284491539001465,0.012393556535243988,-0.8323679938912392,Negative
450753970815135746,2014-03-31 21:58:15,2014-03-31,2014,2014-03,21,Monday,Web,Twitter Web Client,"""""""@KanStalwart3 @AlexSalmond @AberdeenCC @Aberdeenshire Truth look to Southern California ugly white poles with bird killing fans""""""",18,19,0.8864349722862244,0.10710447281599045,0.00646048691123724,-0.8799744853749871,Negative
452659942613594112,2014-04-06 04:11:54,2014-04-06,2014,2014-04,4,Sunday,Android,Twitter for Android,"""""""@_blakecox: @realDonaldTrump mac miller pay you yet??"""" 90 million hits and no payment yet, but he's been dead since Donald T!""",188,146,0.6040051579475403,0.3685632646083832,0.027431586757302284,-0.576573571190238,Negative
453053495609131008,2014-04-07 06:15:45,2014-04-07,2014,2014-04,6,Monday,Android,Twitter for Android,"""""""@oversplayer: @realDonaldTrump “Hollywood has unfortunately become a memory. It's nothing but a sign on the side of a hill.” Mickey Rooney""",85,70,0.6491532325744629,0.32841548323631287,0.022431230172514915,-0.626722002401948,Negative
453138891525337088,2014-04-07 11:55:05,2014-04-07,2014,2014-04,11,Monday,Android,Twitter for Android,"""""""@tiffanypearls: @realDonaldTrump I want to work on The Donald's campaign. He is the only candidate worth the energy. #trump2016""""""",48,29,0.014344037510454655,0.15612414479255676,0.8295317888259888,0.8151877513155341,Positive
453340704165863424,2014-04-08 01:17:01,2014-04-08,2014,2014-04,1,Tuesday,Android,Twitter for Android,"""""""@GolfSwingShirt @BilldaBeastII Team Golf Swing Shirt just played at Trump LA with Padraig Harrington -great conditions &, a beautiful course""",14,17,0.002011866308748722,0.030832398682832718,0.9671557545661926,0.9651438882574439,Positive
453456431275323392,2014-04-08 08:56:52,2014-04-08,2014,2014-04,8,Tuesday,Android,Twitter for Android,"@kimkotter Kim, keep up the great work - you are really doing well!",2,5,0.00596580607816577,0.014593119733035564,0.9794410467147827,0.973475240636617,Positive
454289504359424000,2014-04-10 16:07:12,2014-04-10,2014,2014-04,16,Thursday,Web,Twitter Web Client,"Into our first week of filming @ApprenticeNBC, the Celebrities are already turning up the heat. Major fireworks!",89,36,0.003918243106454611,0.10529031604528427,0.8907914757728577,0.886873232666403,Positive
455531950774960128,2014-04-14 02:24:15,2014-04-14,2014,2014-04,2,Monday,Android,Twitter for Android,".@bubbawatson What a great player you have turned out to be but also, what a great guy! Congratulations on another fantastic Masters win.",323,135,0.003345065051689744,0.008600642904639244,0.9880543351173401,0.9847092700656503,Positive
455959585061625856,2014-04-15 06:43:31,2014-04-15,2014,2014-04,6,Tuesday,Android,Twitter for Android,"""""""@DLDizel: @cspan: RT @cspanPolitics: VIDEO: @realDonaldTrump at #NHFreedomSummit on @cspan http://t.co/Xp3yKxyL1q http://t.co/3lOeIhz2IJ""""""",74,41,0.006521475501358509,0.9348792433738708,0.05859921872615814,0.05207774322479963,Neutral
456447746455527424,2014-04-16 15:03:17,2014-04-16,2014,2014-04,15,Wednesday,Web,Twitter Web Client,"In Hudson Valley @TrumpNationalNY’s course has pristine fairways, tour caliber greens &, 64 strategic sand bunkers http://t.co/Fz5o9BpkeZ",22,13,0.0035068406723439693,0.6081351637840271,0.3883580267429352,0.3848511860705912,Neutral
456906839960346624,2014-04-17 21:27:34,2014-04-17,2014,2014-04,21,Thursday,Web,Twitter Web Client,#TBT WrestleMania 23 http://t.co/99dCdxArXm,90,64,0.0061906492337584496,0.9297073483467102,0.06410201638936996,0.057911367155611515,Neutral
457178260791885824,2014-04-18 15:26:05,2014-04-18,2014,2014-04,15,Friday,Web,Twitter Web Client,"""""""The harder you work, the harder it is to surrender."""" - @ProFootballHOF @buffalobills Head Coach Marv Levy""",214,214,0.058925189077854156,0.7843523025512695,0.1567225158214569,0.09779732674360275,Neutral
457310571441184768,2014-04-19 00:11:51,2014-04-19,2014,2014-04,0,Saturday,Android,Twitter for Android,"""""""@Humphreychabu: @realDonaldTrump thanx DJT, ua my inspiration! Happy holidays""""""",15,16,0.0021270010620355606,0.010982698760926723,0.9868903160095215,0.9847633149474859,Positive
457314934473633792,2014-04-19 00:29:11,2014-04-19,2014,2014-04,0,Saturday,Android,Twitter for Android,"Snowden is a spy who has caused great damage to the U.S. A spy in the old days, when our country was respected and strong, would be executed",961,881,0.9103847146034241,0.08281639963388443,0.0067987944930791855,-0.9035859201103449,Negative
457334827432542208,2014-04-19 01:48:14,2014-04-19,2014,2014-04,1,Saturday,Android,Twitter for Android,"""""""@wen @realDonaldTrump Why aren't you one of the sharks on #SharkTank? You would be awesome on there!!👍"""" But The Apprentice is much better!""",45,10,0.014479673467576504,0.054279956966638565,0.9312403798103333,0.9167607063427567,Positive
457779999316389888,2014-04-20 07:17:11,2014-04-20,2014,2014-04,7,Sunday,Android,Twitter for Android,"""""""@mikevargovich: You see what you’ve gone and done, @BonJovi? I’m rooting for @realDonaldTrump. #Bills #KeepThemInBuffalo"""" @nflcommish""",35,19,0.004286065232008696,0.05145000293850899,0.9442639946937561,0.9399779294617474,Positive
458710761108291584,2014-04-22 20:55:42,2014-04-22,2014,2014-04,20,Tuesday,Android,Twitter for Android,"""""""@GolfCarAnnie: @BruceBeck4NY @MGA1897 Trump Bedminster is truly special. But then again all of Trump's courses are !"""" Thank you Ann Marie!""",14,9,0.005274404771625996,0.02907468192279339,0.9656509757041931,0.9603765709325671,Positive
458953749810380800,2014-04-23 13:01:15,2014-04-23,2014,2014-04,13,Wednesday,Android,Twitter for Android,"""""""@PolishPrince21: @realDonaldTrump I think you would be a great president but a better NFL owner...especially the buffalo bills! @nflcommish""",41,20,0.014144483022391796,0.06326983869075775,0.9225856065750122,0.9084411235526204,Positive
459039001278947328,2014-04-23 18:40:01,2014-04-23,2014,2014-04,18,Wednesday,Web,Twitter Web Client,"""""""@ChristineStergi what's wrong with everyone. Mr Trump will kick ass as president. Economy will flourish."""" Thanks and true!""",87,34,0.08273664861917496,0.13675431907176971,0.7805089950561523,0.6977723464369774,Positive
459043491671465984,2014-04-23 18:57:51,2014-04-23,2014,2014-04,18,Wednesday,Web,Twitter Web Client,"""""""@yosoyroberto @realDonaldTrump Congratulations for taking some time to answer tweets, awesome example of planning and scheduling!"""" Thanks.""",29,18,0.0029601105488836765,0.013606448657810688,0.9834334850311279,0.9804733744822443,Positive
459647254476111872,2014-04-25 10:56:59,2014-04-25,2014,2014-04,10,Friday,Android,Twitter for Android,"""""""@dallasnews: Ex-Cowboys RB Herschel Walker: Like Jerry Jones, Donald Trump would be a great NFL owner. @nflcommish""",47,30,0.007600291632115841,0.19223614037036896,0.8001635074615479,0.792563215829432,Positive
461218512330326016,2014-04-29 19:00:37,2014-04-29,2014,2014-04,19,Tuesday,Web,Twitter Web Client,"""""""@foxesbA I knew the mainstream media was going to selectively hear what you were saying as I listened to your interview."""" So did I!""",21,12,0.11912070214748383,0.7120208144187927,0.1688583791255951,0.04973767697811127,Neutral
462067259167735810,2014-05-02 03:13:14,2014-05-02,2014,2014-05,3,Friday,Android,Twitter for Android,"""""""@GolfDigestMag: """"Forget Jack and Arnie, Tiger and Phil. The Master of the Golf Universe is now Donald Trump."""" http://t.co/2moKbYMYDa"""" Wow!""",49,46,0.0164587814360857,0.28246086835861206,0.7010803818702698,0.6846216004341841,Positive
462333600533606401,2014-05-02 20:51:34,2014-05-02,2014,2014-05,20,Friday,Web,Twitter Web Client,"""""""@mrsfrazieraz @realDonaldTrump on our way to Trump International Las Vegas! It's our favorite place to stay! #trumplasvegas"""" Thanks.""",21,9,0.0019030420808121562,0.014482960104942322,0.9836139678955078,0.9817109258146957,Positive
462429762376720384,2014-05-03 03:13:41,2014-05-03,2014,2014-05,3,Saturday,Android,Twitter for Android,"""""""@JayBThomas: @realDonaldTrump @WilliamCarneyII Meyers is hard to watch"""" @sethmeyers""",27,15,0.8207727074623108,0.16826346516609192,0.010963884182274342,-0.8098088232800364,Negative
462489495339020288,2014-05-03 07:11:02,2014-05-03,2014,2014-05,7,Saturday,Android,Twitter for Android,"""""""@DrewMadeOFF: RT @realDonaldTrump Does @VanityFair realize that the purpose of a magazine is to sell issues?""""""",20,16,0.2685299217700958,0.7129479646682739,0.018522171303629875,-0.25000775046646595,Neutral
463398170660462593,2014-05-05 19:21:48,2014-05-05,2014,2014-05,19,Monday,Web,Twitter Web Client,"“Do not underestimate yourself, and know you are able to handle what comes your way.” – Think Like a Champion",441,594,0.0087470393627882,0.16418832540512085,0.8270646333694458,0.8183175940066576,Positive
464248627058057216,2014-05-08 03:41:12,2014-05-08,2014,2014-05,3,Thursday,Android,Twitter for Android,"""""""@Da_Brain8: @realDonaldTrump U Mr. Trump cold be the next Ronald Reagan, but u need to seriously announce your Candidacy! Will you?"""" WATCH!""",75,44,0.035774972289800644,0.6670310497283936,0.2971939444541931,0.26141897216439247,Neutral
464509465216450561,2014-05-08 20:57:41,2014-05-08,2014,2014-05,20,Thursday,Web,Twitter Web Client,To be yourself in a world that is constantly trying to make you something else is the greatest accomplishment. -- Ralph Waldo Emerson,789,677,0.026056433096528053,0.18288034200668335,0.7910631895065308,0.7650067564100027,Positive
464598399657193472,2014-05-09 02:51:04,2014-05-09,2014,2014-05,2,Friday,Android,Twitter for Android,"""""""@christsonton: @realDonaldTrump now Cleveland and the country needs you to run for President!!!"""" Thanks.""",104,59,0.004645963199436665,0.0950523391366005,0.9003016948699951,0.8956557316705585,Positive
464787743315607552,2014-05-09 15:23:28,2014-05-09,2014,2014-05,15,Friday,Web,Twitter Web Client,Many of life's failures are people who did not realize how close they were to success when they gave up. -- Thomas A. Edison,711,670,0.32121291756629944,0.5091084837913513,0.16967859864234924,-0.1515343189239502,Neutral
464798969106034688,2014-05-09 16:08:04,2014-05-09,2014,2014-05,16,Friday,Other,Instagram,A message for Hollywood- http://t.co/cwICuPwsZF,119,79,0.05356762930750847,0.8583409190177917,0.08809147775173187,0.034523848444223404,Neutral
465883583614558208,2014-05-12 15:57:56,2014-05-12,2014,2014-05,15,Monday,Web,Twitter Web Client,"""""""@Texxas_Gal @irishabroad @realDonaldTrump @DonaldJTrumpJr @Trump_Ireland @ShannonAirport beautiful family!!! enjoy your trip"""" Thank you.""",16,10,0.0029248311184346676,0.009704428724944592,0.9873707294464111,0.9844458983279765,Positive
465935477984727040,2014-05-12 19:24:09,2014-05-12,2014,2014-05,19,Monday,Web,Twitter Web Client,"If you can’t handle the hard times that come with business then you will never be able to celebrate the successes. Focus &, Stay Positive.",856,1240,0.3304388225078583,0.37252378463745117,0.2970374524593353,-0.03340137004852295,Neutral
466286255056359424,2014-05-13 18:38:01,2014-05-13,2014,2014-05,18,Tuesday,Web,Twitter Web Client,Do your homework. Wasting other people’s time due to poor planning or thoughtlessness leaves a bad impression. – Think Like a Billionaire,558,575,0.5281617641448975,0.40466803312301636,0.06717029213905334,-0.4609914720058441,Negative
466600171066126337,2014-05-14 15:25:24,2014-05-14,2014,2014-05,15,Wednesday,Web,Twitter Web Client,"""""""@FrobBedrickson @realDonaldTrump """"Art of The Deal"""" just arrived at my house. Cannot wait to start reading this book.."""" Thanks, enjoy.""",31,21,0.0016584063414484262,0.011466331779956818,0.9868752956390381,0.9852168892975897,Positive
467014601339838464,2014-05-15 18:52:12,2014-05-15,2014,2014-05,18,Thursday,Web,Twitter Web Client,"""""""Donald Trump is confident that Ireland is ready for a big comeback"""" http://t.co/NvmSFj5AIp via @independent_ie by @AnitaActually""",49,41,0.004635689314454794,0.4478074312210083,0.5475568175315857,0.5429211282171309,Positive
468271403490213888,2014-05-19 06:06:17,2014-05-19,2014,2014-05,6,Monday,Android,Twitter for Android,I am in Dubai with Damac. PLACE IS BOOMING - AMAZING! Major news conference in two hours. Announcing luxury villas and major golf course.,112,96,0.0023354091681540012,0.013074018061161041,0.9845905303955078,0.9822551212273538,Positive
468274195395518464,2014-05-19 06:17:22,2014-05-19,2014,2014-05,6,Monday,Android,Twitter for Android,"""""""@TopSecret_PT: @realDonaldTrump - Ireland, Scotland, Dubai! Do you ever sleep?"""" Not much!""",40,18,0.2493179589509964,0.6607977747917175,0.08988430351018906,-0.15943365544080734,Neutral
470337239507927041,2014-05-24 22:55:11,2014-05-24,2014,2014-05,22,Saturday,Android,Twitter for Android,"""""""@JakeMHS: The guy next to me on the train apparently supports Donald Trump for president"""" And so do many others - our country is a mess!""",147,64,0.9171196222305298,0.07346934825181961,0.009411013685166836,-0.907708608545363,Negative
471026395112427521,2014-05-26 20:33:38,2014-05-26,2014,2014-05,20,Monday,Android,Twitter for Android,"What does.Obama know about the VA or business - nothing, just look at the five billion dollar ObamaCare website. We need a real leader!",484,337,0.6520658731460571,0.3192174732685089,0.02871660888195038,-0.6233492642641068,Negative
471321763943813122,2014-05-27 16:07:19,2014-05-27,2014,2014-05,16,Tuesday,Web,Twitter Web Client,“Results are what matter...A series of efforts will add up to experience and achievement.” - Think Like a Champion,206,283,0.0050643254071474075,0.09334294497966766,0.9015927314758301,0.8965284060686827,Positive
471407086182858753,2014-05-27 21:46:22,2014-05-27,2014,2014-05,21,Tuesday,Web,Twitter Web Client,The Blue Monster is celebrated in June issue of Robb Report as the Best of the Best winner in Golf Course Category. http://t.co/FVxwNm68ki,26,23,0.0020104609429836273,0.0992308035492897,0.8987587690353394,0.8967483080923557,Positive
471425882410602496,2014-05-27 23:01:03,2014-05-27,2014,2014-05,23,Tuesday,Android,Twitter for Android,"""""""@joerusso9: @realDonaldTrump should be the next president"""" Thanks.""",61,33,0.012020707130432129,0.31141385436058044,0.676565408706665,0.6645447015762329,Positive
472913311596441601,2014-06-01 01:31:34,2014-06-01,2014,2014-06,1,Sunday,Android,Twitter for Android,At some point Sgt. Bergdahl will have to explain his capture. In 2009 he simply wandered off his base without a weapon. Many questions!,147,151,0.702504575252533,0.2888855040073395,0.008609924465417862,-0.6938946507871151,Negative
473701061564194816,2014-06-03 05:41:48,2014-06-03,2014,2014-06,5,Tuesday,Android,Twitter for Android,"""""""@MVPSocialMedia: Great show/guest tonight! @Letterman @realDonaldTrump #legends"""" Thank you!""",14,8,0.0032835949677973986,0.007805910427123308,0.988910436630249,0.9856268416624516,Positive
474174197762379777,2014-06-04 13:01:53,2014-06-04,2014,2014-06,13,Wednesday,Web,Twitter Web Client,"""""""If you like to work hard, you will attract people with the same ethic."""" - Think Like a Billionaire""",490,600,0.010066167451441288,0.1429949700832367,0.8469387888908386,0.8368726214393973,Positive
474442564074876928,2014-06-05 06:48:16,2014-06-05,2014,2014-06,6,Thursday,Android,Twitter for Android,"""""""@Eriksson: Call it any way you like, but Snowden is a traitor. When our country was great do you know what we did to traitors?” 😑😑😑""""""",464,229,0.9281026124954224,0.06603266298770905,0.0058647338300943375,-0.922237878665328,Negative
475599057138638848,2014-06-08 11:23:46,2014-06-08,2014,2014-06,11,Sunday,Android,Twitter for Android,"By the end of this year China will be the number one economic power on earth and the U.S. will owe 20 trillion dollars, much of it to China!",190,525,0.09585267305374146,0.4221959412097931,0.48195141553878784,0.3860987424850464,Positive
475602838727700480,2014-06-08 11:38:47,2014-06-08,2014,2014-06,11,Sunday,Android,Twitter for Android,"""""""@tegodreaux: @realDonaldTrump Not on your watch MR. President..."""" 100% true!""",17,11,0.05839475616812706,0.5629388689994812,0.37866637110710144,0.3202716149389744,Neutral
475605011100364800,2014-06-08 11:47:25,2014-06-08,2014,2014-06,11,Sunday,Android,Twitter for Android,"""""""@AdverTina: @realDonaldTrump. Would you be aggressive as President?"""" Not aggressive, smart!""",70,41,0.1631651371717453,0.6966283321380615,0.14020654559135437,-0.02295859158039093,Neutral
475653924448665601,2014-06-08 15:01:47,2014-06-08,2014,2014-06,15,Sunday,Android,Twitter for Android,"""""""@DonaldTrump2016: @realDonaldTrump if you were in Washington this country would be in better shape"""" Wow, thank you for caring so much!""",58,28,0.012037540785968304,0.026697957888245583,0.9612644910812378,0.9492269502952695,Positive
476058481611788288,2014-06-09 17:49:21,2014-06-09,2014,2014-06,17,Monday,Web,Twitter Web Client,Watch the @nbc video where @realmissnvusa is crowned as the 63rd @MissUSA http://t.co/bFB20eAUYW The Crowning Moment!,34,25,0.003124592127278447,0.5103055834770203,0.486569881439209,0.48344528931193054,Neutral
476319641221210113,2014-06-10 11:07:06,2014-06-10,2014,2014-06,11,Tuesday,Android,Twitter for Android,Five U.S. soldiers killed in Afghanistan by so-called friendly fire. What are we doing?,167,194,0.9070509672164917,0.0889001339673996,0.004048893693834543,-0.9030020735226572,Negative
476799528809820160,2014-06-11 18:54:00,2014-06-11,2014,2014-06,18,Wednesday,Web,Twitter Web Client,"Shameful. After trading 5 senior Taliban for a deserter, the White House is now attacking Bergdahl’s platoon http://t.co/MmbfJTEUuP",166,227,0.9128741025924683,0.08270800113677979,0.00441794004291296,-0.9084561625495553,Negative
477121478866251777,2014-06-12 16:13:19,2014-06-12,2014,2014-06,16,Thursday,Web,Twitter Web Client,Dopey @chicagotribune critic fails to mention the ugly Sun Times sign.,53,49,0.9101547598838806,0.07998696714639664,0.009858309291303158,-0.9002964505925775,Negative
477179504520359936,2014-06-12 20:03:54,2014-06-12,2014,2014-06,20,Thursday,Web,Twitter Web Client,"""""""@jamesbregenzer @TrumpChicago was completed during recession, when most other projects failed. Trump deserves Chicago's praise"""" @BlairKamin""",33,30,0.05296162888407707,0.25847071409225464,0.6885676383972168,0.6356060095131397,Positive
477364556386168832,2014-06-13 08:19:13,2014-06-13,2014,2014-06,8,Friday,Android,Twitter for Android,"""""""@Nickkleutsch: @realDonaldTrump @trumpchicago personally I think the letters should be higher up. Make sure everyone can see that name!""""""",18,12,0.07771792262792587,0.6338438987731934,0.28843823075294495,0.21072030812501907,Neutral
477369421002838016,2014-06-13 08:38:33,2014-06-13,2014,2014-06,8,Friday,Android,Twitter for Android,"""""""@laura711hender: @realDonaldTrump Live in the suburbs but saw the TRUMP sign on your beautiful building. Really classy! Love it!""""""",25,12,0.003909365739673376,0.011040035635232925,0.9850505590438843,0.9811411933042109,Positive
477435439909830656,2014-06-13 13:00:53,2014-06-13,2014,2014-06,13,Friday,Android,Twitter for Android,"""""""@JeremyHL: #Chicago River North support for @realDonaldTrump Tower sign. http://t.co/9eRuhkAB4d"""" Thank you Jeremy, great writing!.""",17,13,0.002508064964786172,0.017717646434903145,0.9797742962837219,0.9772662313189358,Positive
477708426370248704,2014-06-14 07:05:38,2014-06-14,2014,2014-06,7,Saturday,Android,Twitter for Android,"""""""@TVmaryd: @realDonaldTrump I love the Trump sign on your Chicago building. It's beautiful and it's your branding of Trump. Keep fighting!""",31,21,0.003899466944858432,0.012725873850286007,0.9833747148513794,0.979475247906521,Positive
477711643581759488,2014-06-14 07:18:25,2014-06-14,2014,2014-06,7,Saturday,Android,Twitter for Android,"""""""@ThePrimeHost: @realDonaldTrump LOVE the new signage. Keep doing what you've always done and continue to inspire others.""""""",21,25,0.0030937616247683764,0.010661507956683636,0.9862447381019592,0.9831509764771909,Positive
477972086443343872,2014-06-15 00:33:20,2014-06-15,2014,2014-06,0,Sunday,Android,Twitter for Android,"""""""@DougHutchins77: @realDonaldTrump The world just won't be safe until the name Trump is emblazoned on the White House.""""""",69,47,0.806141197681427,0.1757039725780487,0.018154798075556755,-0.7879863996058702,Negative
478307098607247361,2014-06-15 22:44:33,2014-06-15,2014,2014-06,22,Sunday,Android,Twitter for Android,I'd bet the horrible look of Pinehurst translates into poor television ratings. This is not what golf is about!,111,94,0.9320108294487,0.06107917055487633,0.006909978110343218,-0.9251008513383567,Negative
478325456941223937,2014-06-15 23:57:30,2014-06-15,2014,2014-06,23,Sunday,Android,Twitter for Android,"""""""@GunnAndrew: @realDonaldTrump future British open? #TrumpScotland http://t.co/auIl8duNAz""""""",25,9,0.030961334705352783,0.932893693447113,0.036144986748695374,0.00518365204334259,Neutral
478349441569533954,2014-06-16 01:32:48,2014-06-16,2014,2014-06,1,Monday,Android,Twitter for Android,"""Congratulations to Martin Kaymer for winning the 2014 #USOpen. #USGA"""" Great playing from beginning to end!""",94,49,0.002058964455500245,0.015071860514581203,0.9828692078590393,0.9808102434035391,Positive
478726161871020032,2014-06-17 02:29:45,2014-06-17,2014,2014-06,2,Tuesday,Android,Twitter for Android,"""""""@jrnicholas8: Love the """"Trump"""" in Chicago. Those who don't like it are jealous! Capitalism is where it's at! We need more signs like it!""""""",54,38,0.12907417118549347,0.1929091215133667,0.6780166625976562,0.5489424914121628,Positive
478811355273646080,2014-06-17 08:08:17,2014-06-17,2014,2014-06,8,Tuesday,Android,Twitter for Android,"""""""@Lady_Rin_Kelly: @realDonaldTrump, I love the sign! Please let's make a hashtag, that seems like it solves all world problems.""""""",14,9,0.0058630164712667465,0.01613501086831093,0.9780020117759705,0.9721389953047037,Positive
478818485380718592,2014-06-17 08:36:37,2014-06-17,2014,2014-06,8,Tuesday,Android,Twitter for Android,"""""""@LifeVibeVision: @realDonaldTrump @paranormalfact How about you look inside - because truthfully, you're the solution.""",17,12,0.027530856430530548,0.5156593918800354,0.45680972933769226,0.4292788729071617,Neutral
478876706812329984,2014-06-17 12:27:58,2014-06-17,2014,2014-06,12,Tuesday,Android,Twitter for Android,"""""""@trcyhwlls: @realDonaldTrump I heard the show and am now a fan. You were so honest and real!"""" Thanks.""",14,8,0.0034038021694868803,0.018516607582569122,0.9780795574188232,0.9746757552493364,Positive
478933248786321408,2014-06-17 16:12:39,2014-06-17,2014,2014-06,16,Tuesday,Web,Twitter Web Client,"""""""@top40mogul There is never enough Trump on @sternshow! Why not have him on the phone at least once per month? @HowardStern"""" Thanks!""",38,21,0.32469090819358826,0.40499141812324524,0.2703176438808441,-0.05437326431274414,Neutral
479090529611677696,2014-06-18 02:37:37,2014-06-18,2014,2014-06,2,Wednesday,Android,Twitter for Android,"""""""@CatheMazanowicz: We know you will respect the property...and bring new life to it. Putting Turnberry on my bucket list...."""" Great!""",18,9,0.0028379641007632017,0.015528256073594093,0.981633722782135,0.9787957586813718,Positive
479093099621142529,2014-06-18 02:47:50,2014-06-18,2014,2014-06,2,Wednesday,Android,Twitter for Android,"""""""@Kennokevin: @realDonaldTrump After the pics i've seen, the sign makes the tower look great. Hands down best looking tower in Chicago.""""""",45,17,0.0031758416444063187,0.021938400343060493,0.9748857021331787,0.9717098604887724,Positive
479320685110890496,2014-06-18 17:52:11,2014-06-18,2014,2014-06,17,Wednesday,Web,Twitter Web Client,"""""""@nikkio Just saw photos of sign at night - looks really nice. Chronic complainers moan about everything --ignore them."""" Thanks!""",30,14,0.040837716311216354,0.060336943715810776,0.8988254070281982,0.8579876907169819,Positive
479727348234063872,2014-06-19 20:48:07,2014-06-19,2014,2014-06,20,Thursday,Web,Twitter Web Client,"""""""@aj3fla @realDonaldTrump great job on @HowardStern this week. Always the best radio with the two of you."""" Thank you.""",12,12,0.0029265794437378645,0.007872682064771652,0.9892007112503052,0.9862741318065673,Positive
480674440854765568,2014-06-22 11:31:31,2014-06-22,2014,2014-06,11,Sunday,Android,Twitter for Android,"""""""@CoreyKotowski: @realDonaldTrump they are laughing on their way to the bank.""""""",11,12,0.050456851720809937,0.5697709918022156,0.3797721266746521,0.32931527495384216,Neutral
481062914653048832,2014-06-23 13:15:11,2014-06-23,2014,2014-06,13,Monday,Android,Twitter for Android,"""""""@mrkhanm87: Everyone wants to be Donald Trump, yet no one knows what he has been through in past. No one wants to accept the hard work.""""""",37,36,0.7805564403533936,0.20333972573280334,0.016103828325867653,-0.7644526120275259,Negative
481123689644457984,2014-06-23 17:16:41,2014-06-23,2014,2014-06,17,Monday,Web,Twitter Web Client,"The dying @NYDailyNews asked me to do an Editorial on the Central Park 5 ripoff &, then they pretend it was my idea. Loser newspaper!",77,71,0.8956764340400696,0.09592056274414062,0.008403043262660503,-0.8872733907774091,Negative
483129595940450304,2014-06-29 06:07:26,2014-06-29,2014,2014-06,6,Sunday,Android,Twitter for Android,I am in Ireland inspecting my great and very beautiful Atlantic Ocean property. It is one of the most spectacular hotels anywhere! DOONBEG,162,77,0.0023989109322428703,0.012663127854466438,0.9849379062652588,0.9825389953330159,Positive
484366107776925697,2014-07-02 16:00:53,2014-07-02,2014,2014-07,16,Wednesday,Web,Twitter Web Client,Via @BBCScotland: “Donald Trump's name 'will boost @TrumpTurnberry '” http://t.co/Inznh7M187,26,22,0.007638100069016218,0.6810917258262634,0.31127017736434937,0.30363207729533315,Neutral
485335806794817536,2014-07-05 08:14:08,2014-07-05,2014,2014-07,8,Saturday,Android,Twitter for Android,"""""""@BackOnTrackUSA: @realDonaldTrump And we shouldn't help Iraq this time unless we get 2 $trillion in free oil, guaranteed in writing.""""""",84,70,0.7727600336074829,0.21400071680545807,0.013239258900284767,-0.7595207747071981,Negative
486382318819352577,2014-07-08 05:32:36,2014-07-08,2014,2014-07,5,Tuesday,Android,Twitter for Android,"""""""@FSMalang: """"Show me a man without an ego and I'll show you a loser"""" - Donald Trump""""""",192,215,0.6479612588882446,0.3095718026161194,0.04246697574853897,-0.6054942831397057,Negative
486799812663078912,2014-07-09 09:11:34,2014-07-09,2014,2014-07,9,Wednesday,Android,Twitter for Android,"""""""@noelill: @TMZLive They should get @rosie and @realDonaldTrump on @theviewtv I would watch it everyday."""" Cute!""",33,15,0.004710179287940264,0.024710608646273613,0.9705791473388672,0.9658689680509269,Positive
487297487485829121,2014-07-10 18:09:09,2014-07-10,2014,2014-07,18,Thursday,Web,Twitter Web Client,"USMC Sgt. Tahmooressi sacrificed for our country. While Obama is welcoming illegals, our Marine is locked in a Mexican jail. #FreeOurMarine",443,645,0.7483108639717102,0.22330200672149658,0.028387166559696198,-0.719923697412014,Negative
487316463204986880,2014-07-10 19:24:33,2014-07-10,2014,2014-07,19,Thursday,Web,Twitter Web Client,"When will the U.S. stop sending $'s to our enemies, i.e. Mexico and others.",808,1276,0.8656258583068848,0.12694337964057922,0.007430737372487783,-0.858195120934397,Negative
487433626921869313,2014-07-11 03:10:07,2014-07-11,2014,2014-07,3,Friday,Android,Twitter for Android,"""""""@jeff_smith7: @realDonaldTrump Maybe Perry can put in a 9 hole golf course on the banks of the Rio Grande to lure Obama to see the border?""""""",150,137,0.0716501995921135,0.8799242973327637,0.048425428569316864,-0.02322477102279663,Neutral
491378608414261248,2014-07-22 00:26:04,2014-07-22,2014,2014-07,0,Tuesday,Android,Twitter for Android,I believe that President Obama is so overwhelmed by what is happening in the U.S. and throughout the World that he has totally given up!,515,402,0.72706139087677,0.23322096467018127,0.03971763327717781,-0.6873437575995922,Negative
491640412822851585,2014-07-22 17:46:23,2014-07-22,2014,2014-07,17,Tuesday,Web,Twitter Web Client,The Trump Spa @TrumpNewYork is a serene sanctuary featuring luxurious spa treatment rooms saunas and steam rooms http://t.co/r4jCnLYO9x,39,23,0.0034766572061926126,0.1462700366973877,0.8502533435821533,0.8467766863759607,Positive
493806698063462400,2014-07-28 17:14:25,2014-07-28,2014,2014-07,17,Monday,Web,Twitter Web Client,"""""""@RealTracyMyers BIG congrats to @realDonaldTrump on your DC hotel ground breaking."""" Thank you.""",20,13,0.002369894413277507,0.010637192986905575,0.9869929552078247,0.9846230607945472,Positive
494037442660286464,2014-07-29 08:31:19,2014-07-29,2014,2014-07,8,Tuesday,Android,Twitter for Android,"""""""@BanmalaH: @ProducerGedalia @IvankaTrump @realDonaldTrump what a timeless classic these two are! Class &, Beauty!"""" Thank you!""",16,12,0.003382049035280943,0.01294143870472908,0.9836764931678772,0.9802944441325963,Positive
494043112222650368,2014-07-29 08:53:51,2014-07-29,2014,2014-07,8,Tuesday,Android,Twitter for Android,"""""""@VikesRealist: @realDonaldTrump Is Obama the worst President ever?"""" Top of the list!""",93,71,0.833335280418396,0.13874517381191254,0.02791954204440117,-0.8054157383739948,Negative
494125550659993600,2014-07-29 14:21:26,2014-07-29,2014,2014-07,14,Tuesday,Web,Twitter Web Client,"""""""@chapmantew Saw """"@realDonaldTrump 's Las Vegas hotel. The 24-karat gold infused windows are impressive! http://t.co/7bwN5dRSvT"""" Thank you""",90,48,0.0025464731734246016,0.0170258991420269,0.9804275631904602,0.9778810900170356,Positive
494188311922348032,2014-07-29 18:30:49,2014-07-29,2014,2014-07,18,Tuesday,Web,Twitter Web Client,"Along with two championship courses on the Potomac River, @TrumpGolfDC’s also offers limitless social events http://t.co/gY4ovFlmHp",17,14,0.002177685499191284,0.4524714946746826,0.5453508496284485,0.5431731641292572,Positive
494342637445332993,2014-07-30 04:44:03,2014-07-30,2014,2014-07,4,Wednesday,Android,Twitter for Android,"""""""@JGwildcard420: You are truely my hero @realDonaldTrump"""" That's great, thanks.""",40,27,0.0034543857909739017,0.008372846990823746,0.988172709941864,0.9847183241508901,Positive
494839666273574916,2014-07-31 13:39:04,2014-07-31,2014,2014-07,13,Thursday,Android,Twitter for Android,"""""""@kesjenkins: If @realDonaldTrump seriously takes a stab at presidency, I will find a way to work on his campaign. Thanks!""",20,12,0.021189941093325615,0.235224187374115,0.7435858845710754,0.7223959434777498,Positive
494880504337149952,2014-07-31 16:21:21,2014-07-31,2014,2014-07,16,Thursday,Web,Twitter Web Client,".@TrumpChicago’s river, lake and skyline views in each of its deluxe 5 Star guestrooms http://t.co/YByppBPPJJ",23,23,0.003145191352814436,0.6579947471618652,0.33886003494262695,0.3357148435898125,Neutral
494925979429912576,2014-07-31 19:22:03,2014-07-31,2014,2014-07,19,Thursday,Web,Twitter Web Client,Vera Coking saved me “mucho” money by turning down my offer—thanks Vera!,48,21,0.03410577401518822,0.21598903834819794,0.7499052286148071,0.7157994545996189,Positive
495260564986527745,2014-08-01 17:31:34,2014-08-01,2014,2014-08,17,Friday,Web,Twitter Web Client,"Obama’s war on women. “Number of Unemployed Women Increased in July by 227,000” http://t.co/k4jrpL5WJ9",93,158,0.8115851879119873,0.1793334037065506,0.009081359952688217,-0.8025038279592991,Negative
495414489266008064,2014-08-02 03:43:13,2014-08-02,2014,2014-08,3,Saturday,Android,Twitter for Android,"""""""@BarbaraSMayer: @realDonaldTrump You are right about the Ebola patients. It's a deadly virus, and they shouldn't bring them to the US.""""""",110,82,0.8442486524581909,0.14463289082050323,0.011118444614112377,-0.8331302078440785,Negative
495414742102839297,2014-08-02 03:44:13,2014-08-02,2014,2014-08,3,Saturday,Android,Twitter for Android,"""""""@Mrs_VGomez: @realDonaldTrump Yes !! The government is bringing them back here so the outbreak can start here too !!""""""",76,59,0.02286868914961815,0.3940892815589905,0.5830420255661011,0.5601733364164829,Positive
495776740502142976,2014-08-03 03:42:40,2014-08-03,2014,2014-08,3,Sunday,Android,Twitter for Android,"""""""@BerryBrite1: @realDonaldTrump They knew the risk when they went to Africa. They choose it freely.""""""",81,64,0.16052088141441345,0.7799203991889954,0.059558674693107605,-0.10096220672130585,Neutral
496443427647942658,2014-08-04 23:51:51,2014-08-04,2014,2014-08,23,Monday,Android,Twitter for Android,The bigger problem with Ebola is all of the people coming into the U.S. from West Africa who may be infected with the disease. STOP FLIGHTS!,512,508,0.8867884278297424,0.10647635906934738,0.006735260598361492,-0.8800531672313809,Negative
496614759660548096,2014-08-05 11:12:40,2014-08-05,2014,2014-08,11,Tuesday,Android,Twitter for Android,"""""""@JayGershbein: I agree! MT Doctor on @NBCNightlyNews agreed we should not bring #Ebola into country in two patients, bring docs to them.""""""",151,80,0.06898877024650574,0.6979114413261414,0.23309975862503052,0.16411098837852478,Neutral
496664892884398081,2014-08-05 14:31:52,2014-08-05,2014,2014-08,14,Tuesday,Web,Twitter Web Client,"Thank you, @elvisduran for dedicating your birthday today to the @EricTrumpFdn for @StJude! Click here to donate: http://t.co/jyoblbjNtJ",80,36,0.0016836865106597543,0.013568437658250332,0.9847478270530701,0.9830641405424103,Positive
497284580085628928,2014-08-07 07:34:17,2014-08-07,2014,2014-08,7,Thursday,Android,Twitter for Android,"""""""@D1PZ: One of Donald Trump's philosophies: """"If someone screws you, screw them back ten times worse"""" I have heard of far worse!""",107,85,0.8077577352523804,0.16719231009483337,0.02504994533956051,-0.7827077899128199,Negative
497291384580501504,2014-08-07 08:01:19,2014-08-07,2014,2014-08,8,Thursday,Android,Twitter for Android,"""""""@johnyboi509: @realDonaldTrump for president #2016""""""",36,23,0.00958539079874754,0.9187191724777222,0.07169538736343384,0.0621099965646863,Neutral
497789495321038848,2014-08-08 17:00:38,2014-08-08,2014,2014-08,17,Friday,Web,Twitter Web Client,"One of @GolfWorldUS’ top public courses, @TrumpGolfLA's course stands as a testament to the greatness of golf http://t.co/L3a3vqaoQc",16,14,0.002217050176113844,0.047972168773412704,0.9498107433319092,0.9475936931557953,Positive
497801930509668352,2014-08-08 17:50:03,2014-08-08,2014,2014-08,17,Friday,Web,Twitter Web Client,"Iraq is more dangerous today than any time under Saddam. War was a mistake, as I said from the very beginning. Bush &, Obama should apologize",404,583,0.9337651133537292,0.0610320121049881,0.005202769301831722,-0.9285623440518975,Negative
497816259267153922,2014-08-08 18:46:59,2014-08-08,2014,2014-08,18,Friday,Web,Twitter Web Client,"""""""@scrt22 @realDonaldTrump for all of your faults, whole lot of common sense coming from this twitter account."""" Thanks, sort of!""",25,16,0.1904393583536148,0.3938874900341034,0.415673166513443,0.22523380815982819,Positive
498755082335576064,2014-08-11 08:57:32,2014-08-11,2014,2014-08,8,Monday,Android,Twitter for Android,"""""""@TruthGunner: “@realDonaldTrump: """"@dejr5: @realDonaldTrump Donald Trump &, Ben Carson 2016"""" Wow!” I LIKE IT !!! Run Donald, RUN !""""""",19,16,0.003048270707949996,0.030326537787914276,0.9666251540184021,0.9635768833104521,Positive
498756741140852736,2014-08-11 09:04:08,2014-08-11,2014,2014-08,9,Monday,Android,Twitter for Android,"""""""@Aaron_Yay: Trump is my new idol. His pastor was Norman Vincent Peale?! #NewThoughtPioneer - Can't wait to read the Art of the Deal.""",8,9,0.0025224534329026937,0.025740105658769608,0.9717374444007874,0.9692149909678847,Positive
499246506634129408,2014-08-12 17:30:17,2014-08-12,2014,2014-08,17,Tuesday,Web,Twitter Web Client,"“If you are passionate about your endeavors, it will be reflected back to you in your end result.” – Trump Never Give Up",452,325,0.004431356210261583,0.04771731421351433,0.947851300239563,0.9434199440293014,Positive
499295283030016000,2014-08-12 20:44:06,2014-08-12,2014,2014-08,20,Tuesday,Web,Twitter Web Client,Entrepreneurs: Resolve to be bigger than your problems. Who’s the boss?,224,180,0.01984993927180767,0.40018412470817566,0.5799659490585327,0.560116009786725,Positive
500045347197313024,2014-08-14 22:24:35,2014-08-14,2014,2014-08,22,Thursday,Web,Twitter Web Client,#TrumpAdvice http://t.co/6ZzkczEObm,59,52,0.15301506221294403,0.7683269381523132,0.07865802198648453,-0.0743570402264595,Neutral
502045041045803008,2014-08-20 10:50:39,2014-08-20,2014,2014-08,10,Wednesday,Android,Twitter for Android,ISIS made a big mistake with the beheading of the reporter. Even people against intervention want them blown into oblivion. LEADERSHIP!,448,437,0.941998302936554,0.05402183532714844,0.003979808650910854,-0.9380184942856431,Negative
503316125405700096,2014-08-23 23:01:30,2014-08-23,2014,2014-08,23,Saturday,Android,Twitter for Android,"""""""@damiranz: DonaldTrump: Pls don't run for president. If you do and win, the rest of the world would be screwed"""" So true, (except friends)!""",34695,45465,0.8381636142730713,0.1357409805059433,0.026095425710082054,-0.8120681885629892,Negative
504339523590193154,2014-08-26 18:48:07,2014-08-26,2014,2014-08,18,Tuesday,Web,Twitter Web Client,"With the record $200M renovations on track &, budget (a miracle in DC), Trump Int’l Washington DC is being built into a national marvel.",71,26,0.0024160852190107107,0.03336157649755478,0.9642223119735718,0.9618062267545611,Positive
506057894622953472,2014-08-31 12:36:18,2014-08-31,2014,2014-08,12,Sunday,Android,Twitter for Android,"What is happening in Atlantic City, casino closures, is very sad - but does anybody give me credit for getting out before its demise? Timing",330,168,0.8790247440338135,0.11280430853366852,0.008170915767550468,-0.870853828266263,Negative
506307640721674240,2014-09-01 05:08:42,2014-09-01,2014,2014-09,5,Monday,Android,Twitter for Android,"""""""@DeannaSpillyard: @DeannaSpillyard: Successful Business 101: If @realDonaldTrump buys, you buy. If he sells, you sell. Don't ask just do it""",40,25,0.02297474630177021,0.4258279502391815,0.5511972904205322,0.528222544118762,Positive
506801879859593216,2014-09-02 13:52:38,2014-09-02,2014,2014-09,13,Tuesday,Web,Twitter Web Client,"""""""AngieApon I think you should try wearing your hair combed back. It looked good when you slicked it back Mr. Trump ,) #ALS"""" May happen, thx""",44,20,0.01319755706936121,0.15591606497764587,0.8308863639831543,0.8176888069137931,Positive
506822014850850817,2014-09-02 15:12:39,2014-09-02,2014,2014-09,15,Tuesday,Web,Twitter Web Client,"""""""@StFFP We just received a #DoodleForHunger by @realDonaldTrump for our 2014 Celebrity #Art Auction: http://t.co/Uk4qE20rNN"""" Good cause.""",21,11,0.0025118275079876184,0.04995816573500633,0.9475299715995789,0.9450181440915912,Positive
507546486553706497,2014-09-04 15:11:26,2014-09-04,2014,2014-09,15,Thursday,Web,Twitter Web Client,So many people who have children with autism have thanked me—amazing response. They know far better than fudged up reports!,572,479,0.027037160471081734,0.062435347586870193,0.9105275273323059,0.8834903668612242,Positive
507989531745071105,2014-09-05 20:31:57,2014-09-05,2014,2014-09,20,Friday,Web,Twitter Web Client,USMC Sgt. Tahmooressi has now been held in Mexican jail for over 150 days. When will Obama call for his release? #FreeOurMarine,429,460,0.65118408203125,0.3382166624069214,0.010599235072731972,-0.640584846958518,Negative
508223085368324096,2014-09-06 12:00:00,2014-09-06,2014,2014-09,12,Saturday,Android,Twitter for Android,"""""""@DEBKANCHAN: @realDonaldTrump Trump is Trump-Card to Success in USA ! Make him President of USA""""""",39,26,0.007512214593589306,0.18583884835243225,0.8066489696502686,0.7991367550566792,Positive
509466361618505728,2014-09-09 22:20:20,2014-09-09,2014,2014-09,22,Tuesday,Android,Twitter for Android,"""""""@vix3361: @realDonaldTrump you speak the truth"""" True!""",22,18,0.0074134343303740025,0.16531489789485931,0.8272716999053955,0.8198582655750215,Positive
509992486916608000,2014-09-11 09:10:58,2014-09-11,2014,2014-09,9,Thursday,Android,Twitter for Android,"""""""@bebe_el_mejor: @realDonaldTrump Mr. Trump you are one of the people I most admire ! Greetings from Venezuela!."""" Thanks.""",28,17,0.003963622264564037,0.0174079779535532,0.978628396987915,0.974664774723351,Positive
510038148014178304,2014-09-11 12:12:25,2014-09-11,2014,2014-09,12,Thursday,Android,Twitter for Android,I can't believe that the judge in the Oscar Pistorious case has found him not guilty of murder. No one has been more guilty since O.J.!,839,1385,0.821090042591095,0.15215563774108887,0.026754317805171013,-0.794335724785924,Negative
510923555710992386,2014-09-13 22:50:42,2014-09-13,2014,2014-09,22,Saturday,Android,Twitter for Android,"""""""@BenTrolling: @realDonaldTrump @EastonWestwood Disclosing his finances would make Donald Trump the most wealthy President ever!"""" So true!""",32,25,0.00731012225151062,0.08794516324996948,0.9047446846961975,0.8974345624446869,Positive
510937629039550465,2014-09-13 23:46:38,2014-09-13,2014,2014-09,23,Saturday,Android,Twitter for Android,"""""""@BenTrolling: @realDonaldTrump @EastonWestwood That isn't even a real number! Nice try, you will see Donald Trump by a landslide in 2016!""""""",30,17,0.7153367400169373,0.2190418392419815,0.06562142819166183,-0.6497153118252754,Negative
511467346809344000,2014-09-15 10:51:32,2014-09-15,2014,2014-09,10,Monday,Android,Twitter for Android,I will be on Fox and Friends at.7.00 A.M. Enjoy!,123,46,0.0020355149172246456,0.08326727896928787,0.9146972298622131,0.9126617149449885,Positive
511608266296922113,2014-09-15 20:11:30,2014-09-15,2014,2014-09,20,Monday,Web,Twitter Web Client,Obama’s promise to build an international coalition against ISIS is already broken. No one trusts him at home or abroad.,341,302,0.9177063703536987,0.07620362937450409,0.006090047303587198,-0.9116163230501115,Negative
511860898949267456,2014-09-16 12:55:22,2014-09-16,2014,2014-09,12,Tuesday,Android,Twitter for Android,"Does anybody notice that Atlantic City lost its magic after I left years ago. I had the big boxing, introduced UFC (ask Dana),the best shows",162,112,0.40774163603782654,0.38072097301483154,0.2115374356508255,-0.19620420038700104,Negative
512213596366204928,2014-09-17 12:16:52,2014-09-17,2014,2014-09,12,Wednesday,Android,Twitter for Android,"""""""@itguy7305: @realdonaldtrump I can't believe I agree with everything you said on @MikeAndMike #worldisover""""""",6,6,0.01354872528463602,0.09130781143903732,0.8951435089111328,0.8815947836264968,Positive
512246203967619072,2014-09-17 14:26:26,2014-09-17,2014,2014-09,14,Wednesday,Web,Twitter Web Client,"Great article on so-called climate change, formerly known as global warming. http://t.co/fEYAhQ7lGB",182,184,0.013572915457189083,0.21073001623153687,0.7756970524787903,0.7621241370216012,Positive
514238272537903104,2014-09-23 02:22:12,2014-09-23,2014,2014-09,2,Tuesday,Web,Twitter Web Client,"Why would the people of Kentucky want a rookie Senator– they have Sen. Mitch @McConnellPress who may be next Leader &, bring $’s to KY",113,95,0.6031864881515503,0.37728065252304077,0.019532890990376472,-0.5836535971611738,Negative
514506042089435136,2014-09-23 20:06:14,2014-09-23,2014,2014-09,20,Tuesday,Web,Twitter Web Client,Obama administration said that Saudi Arabia was on Syria’s border http://t.co/s4AI85JHSe Wrong. These are the civilians planning the war.,50,53,0.8241298198699951,0.16951309144496918,0.0063570342026650906,-0.81777278566733,Negative
514556984457461761,2014-09-23 23:28:39,2014-09-23,2014,2014-09,23,Tuesday,Android,Twitter for Android,"""""""@MathewPrinsen: @realDonaldTrump I was wondering your take on Obama saluting with a coffee in his hand? Big deal or no?"""" Terrible!""",87,64,0.8918218016624451,0.10166875272989273,0.006509443279355764,-0.8853123583830893,Negative
514858532379066369,2014-09-24 19:26:54,2014-09-24,2014,2014-09,19,Wednesday,Web,Twitter Web Client,"The 2013 @NJPGA Course of the Year, Trump Nat’l Bedminster is honored to be hosting the 2022 @PGAChampionship http://t.co/5FPbwMcL0n",21,18,0.0025478682946413755,0.044879984110593796,0.9525721073150635,0.9500242390204221,Positive
514927264535175168,2014-09-25 00:00:01,2014-09-25,2014,2014-09,0,Thursday,Android,Twitter for Android,"""""""@JoePreni: I've never voted before, but if @realDonaldTrump runs for president I'll vote for him. #trump""""""",39,24,0.007290330715477467,0.22817246615886688,0.7645372152328491,0.7572468845173717,Positive
515594667757678592,2014-09-26 20:12:02,2014-09-26,2014,2014-09,20,Friday,Web,Twitter Web Client,My friend Derek is a special athlete and special person--there is nobody like him. @Yankees,305,151,0.005926582030951977,0.017288096249103546,0.9767853021621704,0.9708587201312184,Positive
516616683533115392,2014-09-29 15:53:10,2014-09-29,2014,2014-09,15,Monday,Web,Twitter Web Client,.@JustinRose99 The display you put on this weekend was unprecedented. Even the best putters couldn't believe it. You're amazing. See u soon.,24,16,0.005249339621514082,0.014459970407187939,0.9802906513214111,0.975041311699897,Positive
517097817702412288,2014-09-30 23:45:01,2014-09-30,2014,2014-09,23,Tuesday,Android,Twitter for Android,"President Obama should stay out of the Hong Kong protests, we have enough problems in our own country!Can't even properly police White House",736,557,0.8851267099380493,0.10838249325752258,0.006490807980298996,-0.8786359019577503,Negative
517204139982729216,2014-10-01 06:47:30,2014-10-01,2014,2014-10,6,Wednesday,Android,Twitter for Android,"""""""@Jamaface: @realDonaldTrump THANK YOU! EXACTLY!""""""",20,9,0.004158115480095148,0.016803693026304245,0.9790382385253906,0.9748801230452955,Positive
519167331810168833,2014-10-06 16:48:32,2014-10-06,2014,2014-10,16,Monday,Web,Twitter Web Client,“@DonaldJTrumpJr: ‘We want to build everything in Dubai” http://t.co/VGtEUcMIk8 via @CWO_dotcom,16,35,0.00622261967509985,0.6925792098045349,0.30119815468788147,0.2949755350127816,Neutral
519224951703105536,2014-10-06 20:37:29,2014-10-06,2014,2014-10,20,Monday,Web,Twitter Web Client,Obama has missed 58% of his intelligence briefings. But our president does make 100% of his fundraisers.,2391,1944,0.4944712519645691,0.4563334584236145,0.049195222556591034,-0.44527602940797806,Negative
519265838382456832,2014-10-06 23:19:58,2014-10-06,2014,2014-10,23,Monday,Android,Twitter for Android,"""""""@RzcarlsonRuth: @realDonaldTrump just saw you on Greta.... Love listening to you speak. I have so much respect for you."""" Thank you!""",22,16,0.0038259923458099365,0.011334294453263283,0.9848397374153137,0.9810137450695038,Positive
519822788732129280,2014-10-08 12:13:05,2014-10-08,2014,2014-10,12,Wednesday,Android,Twitter for Android,"""""""@moviesharkd: """"Must See"""" Interview! Jim Gardner One on One - Donald Trump - Full Inte...: http://t.co/0TdJJN9rZf @6abc @Jim_Gardner""",21,17,0.003489013062790036,0.5001547932624817,0.49635615944862366,0.4928671463858336,Neutral
520154897225105408,2014-10-09 10:12:46,2014-10-09,2014,2014-10,10,Thursday,Android,Twitter for Android,"""""""@f9d5l: “Part Of Being A WINNER Is Knowing When Enough Is Enough” By @realDonaldTrump""""""",56,32,0.004417705349624157,0.35964444279670715,0.6359378695487976,0.6315201641991735,Positive
520490170349813760,2014-10-10 08:25:01,2014-10-10,2014,2014-10,8,Friday,Android,Twitter for Android,Tens of millions of dollars in airstrikes had no impact because key leaders fled after hearing ON NEWS REPORTS the strikes were coming. DUMB,4402,4798,0.8853917717933655,0.10669763386249542,0.007910612970590591,-0.8774811588227749,Negative
520726829163094016,2014-10-11 00:05:25,2014-10-11,2014,2014-10,0,Saturday,Android,Twitter for Android,"""""""@TheoVynalek: @realDonaldTrump nothing like downtown Chicago! http://t.co/Wa5obiQWZY"""" Great building and sign!""",131,52,0.0029308723751455545,0.01157460268586874,0.9854944944381714,0.9825636220630258,Positive
521470426812542976,2014-10-13 01:20:12,2014-10-13,2014,2014-10,1,Monday,Android,Twitter for Android,"""""""@Bettylovesdogs: @realDonaldTrump @iHunt88 never gonna happen-I'd like it too, but he won't run"""" Keep watching!""",22,18,0.7037688493728638,0.23909306526184082,0.05713809281587601,-0.6466307565569878,Negative
521875347248533505,2014-10-14 04:09:13,2014-10-14,2014,2014-10,4,Tuesday,Android,Twitter for Android,"So many problems in the U.S. and leadership that is hopeless...and now, on top of everything else, we just hit $18 trillion in debt!",361,383,0.9491006135940552,0.04457054287195206,0.006328803487122059,-0.9427718101069331,Negative
522446213090902016,2014-10-15 17:57:38,2014-10-15,2014,2014-10,17,Wednesday,Web,Twitter Web Client,Via @SteveKingIA’s Steve King for Congress Facebook Page: “Donald Trump has a special announcement!” https://t.co/iAa0AEEhZ3,22,22,0.004129587672650814,0.7690052390098572,0.2268652319908142,0.2227356443181634,Neutral
522556596183134208,2014-10-16 01:16:15,2014-10-16,2014,2014-10,1,Thursday,Android,Twitter for Android,"""""""@robertpatrickmc: @realDonaldTrump @TheRedDotGuy Trumps 10000% better then @MittRomney even if he's not from Utah""""""",25,23,0.01923225447535515,0.16958840191364288,0.8111793994903564,0.7919471450150013,Positive
522798794958974977,2014-10-16 17:18:40,2014-10-16,2014,2014-10,17,Thursday,Web,Twitter Web Client,Read about my victory against sleazebag @AGSchneiderman. More people should fight when they’re right! http://t.co/r1xXUORZo3,76,47,0.14129063487052917,0.4010179340839386,0.45769137144088745,0.3164007365703583,Positive
523043905630375936,2014-10-17 09:32:39,2014-10-17,2014,2014-10,9,Friday,Android,Twitter for Android,"""""""@NewstalkFM: “I’m going to invest a lot of money in Ireland” - @realDonaldTrump tells Newstalk's @bobbykerr http://t.co/XsumuDPBts #ntfm""""""",19,25,0.0049834949895739555,0.7151007056236267,0.27991580963134766,0.2749323146417737,Neutral
523194743531249664,2014-10-17 19:32:02,2014-10-17,2014,2014-10,19,Friday,Web,Twitter Web Client,"The new Ebola czar will report to the WH &, NSA adviser Susan Rice. More mismanagement &, duplicity with CDC. Obama is terrible executive.",337,256,0.8730219602584839,0.11887362599372864,0.008104408159852028,-0.8649175520986319,Negative
523237015329193984,2014-10-17 22:20:00,2014-10-17,2014,2014-10,22,Friday,Android,Twitter for Android,Obama just appointed an Ebola Czar with zero experience in the medical area and zero experience in infectious disease control. A TOTAL JOKE!,4736,4804,0.8896611928939819,0.09995563328266144,0.010383198969066143,-0.8792779939249158,Negative
523528960899284992,2014-10-18 17:40:05,2014-10-18,2014,2014-10,17,Saturday,Android,Twitter for Android,I'm leaving for Iowa now - will be great!,173,81,0.002217366360127926,0.01566925458610058,0.9821133017539978,0.9798959353938699,Positive
525219514792038401,2014-10-23 09:37:45,2014-10-23,2014,2014-10,9,Thursday,Android,Twitter for Android,"""""""@MELANIATRUMP: Good night Washington D.C. 🇺🇸 http://t.co/cS2XfGVjnH""""""",98,42,0.003955690190196037,0.13847972452640533,0.8575646281242371,0.853608937934041,Positive
525223446541004800,2014-10-23 09:53:22,2014-10-23,2014,2014-10,9,Thursday,Android,Twitter for Android,"""""""@FreidaWashingt: @realDonaldTrump: I saw the ground breaking ceremony for your DC building. It was you and Ivanka.""""""",11,14,0.008714266121387482,0.7635286450386047,0.22775712609291077,0.21904285997152328,Neutral
525615047180320768,2014-10-24 11:49:27,2014-10-24,2014,2014-10,11,Friday,Android,Twitter for Android,"""""""@BBCoachKK: @realDonaldTrump Oh Donald! I love you!""""""",21,8,0.0036706789396703243,0.010141020640730858,0.9861882328987122,0.9825175539590418,Positive
526697946923143171,2014-10-27 11:32:30,2014-10-27,2014,2014-10,11,Monday,Android,Twitter for Android,"""""""@bunnypiper: @realDonaldTrump right on!!""""""",19,9,0.011579236015677452,0.3557928204536438,0.6326279044151306,0.6210486683994532,Positive
526834514321240064,2014-10-27 20:35:10,2014-10-27,2014,2014-10,20,Monday,Web,Twitter Web Client,"With our $250M in renovations, @TrumpDoral offers a wide array of courses restored to perfection http://t.co/6fYg5yyoym",37,19,0.002831831807270646,0.14039397239685059,0.8567742109298706,0.8539423791226,Positive
527161712118865921,2014-10-28 18:15:21,2014-10-28,2014,2014-10,18,Tuesday,Web,Twitter Web Client,"Mark Udall was the deciding vote for ObamaCare &, now 250,000 Coloradans were dropped from their plans. Vote @CoryGardner!",126,157,0.7227154970169067,0.2565874457359314,0.020697005093097687,-0.702018491923809,Negative
527247723196862464,2014-10-28 23:57:07,2014-10-28,2014,2014-10,23,Tuesday,Android,Twitter for Android,President Obama strongly considering a plan to bring non-U.S. citizens with Ebola to the United States for treatment. Now I know he's nuts!,1018,936,0.7272635102272034,0.249297633767128,0.023438818752765656,-0.7038246914744377,Negative
527293255269236736,2014-10-29 02:58:03,2014-10-29,2014,2014-10,2,Wednesday,Android,Twitter for Android,"""""""@michelledivv: Donald Trump for president 🇺🇸 @realDonaldTrump""""""",70,43,0.006091645918786526,0.5471781492233276,0.4467301368713379,0.44063849095255136,Neutral
527544512844136448,2014-10-29 19:36:27,2014-10-29,2014,2014-10,19,Wednesday,Web,Twitter Web Client,"""Obama admin. called @netanyahu """"chickenshit."""" Ironic since Bibi was an IDF Special Forces commando while Obama was a community organizer.""",12417,7587,0.7383745908737183,0.24823330342769623,0.013392158783972263,-0.724982432089746,Negative
527627510448934912,2014-10-30 01:06:16,2014-10-30,2014,2014-10,1,Thursday,Android,Twitter for Android,"""""""@golf_com: .@DonaldTrump's Ferry Point in NYC will be one of the best public courses in the U.S., says @joepassov. http://t.co/MZK5MXOQo6""""""",28,29,0.0018312790198251605,0.04774615913629532,0.9504225254058838,0.9485912463860586,Positive
527869190943014912,2014-10-30 17:06:37,2014-10-30,2014,2014-10,17,Thursday,Web,Twitter Web Client,"""Via @Investopedia by @swan_investor: """"The Irreplaceable Brand Of Donald Trump"""" http://t.co/Q1YkBlklT4""",27,22,0.06638709455728531,0.8899181485176086,0.04369469732046127,-0.022692397236824036,Neutral
528552272197079040,2014-11-01 14:20:56,2014-11-01,2014,2014-11,14,Saturday,Android,Twitter for Android,"""""""@ScottSolinger: Thank you for your dilignet effort in the publicizing of the jailed Marine Tahmooressi. Pathetic it didn't happen sooner.""""""",53,30,0.44625675678253174,0.36849045753479004,0.18525272607803345,-0.2610040307044983,Negative
528554467307044864,2014-11-01 14:29:39,2014-11-01,2014,2014-11,14,Saturday,Android,Twitter for Android,"""""""@bid2buy: When it takes this long to get a Marine back from a country where Americans vacation something is wrong. @realDonaldTrump #Marine""",117,88,0.8163051605224609,0.17631353437900543,0.007381386589258909,-0.808923773933202,Negative
528575798769643520,2014-11-01 15:54:25,2014-11-01,2014,2014-11,15,Saturday,Android,Twitter for Android,"""""""@joepilot56: @realDonaldTrump @spidersteve1977 @ronmeier123 @FoxNews @kerrygold1914 @seanhannity Only better!"""" Thanks.""",17,13,0.0025918695610016584,0.019100185483694077,0.9783079028129578,0.9757160332519561,Positive
528956379974078465,2014-11-02 17:06:43,2014-11-02,2014,2014-11,17,Sunday,Web,Twitter Web Client,Strong debate by @PerdueSenate. No question he won. We need more business leaders with bold vision to fix Washington. #GASen,75,67,0.012277069501578808,0.08471860736608505,0.9030043482780457,0.8907272787764668,Positive
528957554928652288,2014-11-02 17:11:23,2014-11-02,2014,2014-11,17,Sunday,Web,Twitter Web Client,Obama/Reid/Nunn's failed economic policies are not working. @PerdueSenate will bring fresh perspective to solving problems. #GASen,80,85,0.6856593489646912,0.28354203701019287,0.030798643827438354,-0.6548607051372528,Negative
529082211593912322,2014-11-03 01:26:43,2014-11-03,2014,2014-11,1,Monday,Android,Twitter for Android,"""""""@seyjohnny: Obama traded 5 low life's from Gitmo for a soldier who was considered a deserter, but did nothing for the soldier in Mexico""""""",237,186,0.8295345902442932,0.16357454657554626,0.006890837103128433,-0.8226437531411648,Negative
529364575620456448,2014-11-03 20:08:44,2014-11-03,2014,2014-11,20,Monday,Web,Twitter Web Client,"""""""@BaglanHIlls Going to invest in one of your books tomorrow! Which one would you recommend? #TRUMP"""" Start with The Art of the Deal.""",46,14,0.004484295845031738,0.2454146146774292,0.7501010298728943,0.7456167340278625,Positive
530087065237463040,2014-11-05 19:59:39,2014-11-05,2014,2014-11,19,Wednesday,Other,Instagram,#TrumpAdvice http://t.co/iqDO4rUNhN,33,27,0.15301506221294403,0.7683269381523132,0.07865802198648453,-0.0743570402264595,Neutral
530315783667458049,2014-11-06 11:08:30,2014-11-06,2014,2014-11,11,Thursday,Android,Twitter for Android,"""""""@FoloAlona: @realDonaldTrump Donald Trump is ruthless. His presidency will make people sweat, but there will be real progress.""""""",32,22,0.5883875489234924,0.3082673251628876,0.10334508866071701,-0.4850424602627754,Negative
530491946075422721,2014-11-06 22:48:30,2014-11-06,2014,2014-11,22,Thursday,Android,Twitter for Android,"""""""@DeedeeGlaser: @realDonaldTrump @greta Donald..run for president plezzzzzzzz""""""",37,18,0.0447712279856205,0.7133638262748718,0.24186491966247559,0.1970936916768551,Neutral
530504612466663424,2014-11-06 23:38:50,2014-11-06,2014,2014-11,23,Thursday,Android,Twitter for Android,"""""""@62jerseygirl: @realDonaldTrump @TrumpNationalCN Love to see Pine Hill, NJ, one of the finest""""""",15,7,0.002157247858121991,0.013785316608846188,0.9840573668479919,0.98190011898987,Positive
530704818239979520,2014-11-07 12:54:23,2014-11-07,2014,2014-11,12,Friday,Android,Twitter for Android,"""""""@p38lightning: Awesome bit on @MikeAndMike with @realDonaldTrump and @FrankCaliendo ! Funny stuff!""""""",12,5,0.0019163201795890927,0.008595675230026245,0.9894880056381226,0.9875716854585335,Positive
530707102042701824,2014-11-07 13:03:27,2014-11-07,2014,2014-11,13,Friday,Android,Twitter for Android,"""""""@NeuroticKnight: @realDonaldTrump When are you going to put your cape on and come save this country??? We need you!!!""""""",37,13,0.27845823764801025,0.4411143958568573,0.28042733669281006,0.0019690990447998047,Neutral
530707392062058496,2014-11-07 13:04:36,2014-11-07,2014,2014-11,13,Friday,Android,Twitter for Android,"""""""@lutherice: @realDonaldTrump you're ties are fantastic""""""",28,7,0.003956859931349754,0.016928428784012794,0.9791146516799927,0.9751577917486429,Positive
530912361662926848,2014-11-08 02:39:05,2014-11-08,2014,2014-11,2,Saturday,Android,Twitter for Android,"Do not go back into Iraq unless they agree, in a signed formal instrument, to give the U.S. 50% of their oil reserves.Make the deal dummies!",485,409,0.6443783640861511,0.33536019921302795,0.02026139572262764,-0.6241169683635235,Negative
531779211577798656,2014-11-10 12:03:38,2014-11-10,2014,2014-11,12,Monday,Android,Twitter for Android,"""""""@cfogarty1964: #TP tele-prompter president: when will we stop electing presidents whose singular most important quality is reading a TP""""""",61,55,0.4985423982143402,0.466709703207016,0.03474787622690201,-0.4637945219874382,Negative
531782088912281600,2014-11-10 12:15:04,2014-11-10,2014,2014-11,12,Monday,Android,Twitter for Android,"""""""@mountainstate82: @realDonaldTrump Donald, make 2016 happen. Let's do business with countries of financial interest, no more aid on demand.""",39,15,0.09300614148378372,0.6817017197608948,0.22529222071170807,0.13228607922792435,Neutral
531792191266766848,2014-11-10 12:55:13,2014-11-10,2014,2014-11,12,Monday,Android,Twitter for Android,.@foxandfriends in five minutes. Enjoy!,53,22,0.002108664019033313,0.04649408161640167,0.951397180557251,0.9492885165382177,Positive
531814628108820480,2014-11-10 14:24:22,2014-11-10,2014,2014-11,14,Monday,Android,Twitter for Android,"""""""@RSmithInc: @realDonaldTrump @hillarysusans @IvankaTrump As long as Ivanka is involved in his cabinet I'm in. #smartwomen""""""",31,18,0.08010101318359375,0.6845014691352844,0.23539750277996063,0.15529648959636688,Neutral
531882802460233729,2014-11-10 18:55:16,2014-11-10,2014,2014-11,18,Monday,Android,Twitter for Android,"""""""@brandoacovski: @realDonaldTrump for president!!!!""""""",37,20,0.005629559513181448,0.18359673023223877,0.8107737302780151,0.8051441707648337,Positive
532596427793649664,2014-11-12 18:10:58,2014-11-12,2014,2014-11,18,Wednesday,Web,Twitter Web Client,Flying to New Hampshire to keynote the @LoebSchool First Amendment Award Ceremony. Always great to visit the Granite State!,62,20,0.0016339599387720227,0.026275940239429474,0.9720901250839233,0.9704561651451513,Positive
533299661222969344,2014-11-14 16:45:22,2014-11-14,2014,2014-11,16,Friday,Web,Twitter Web Client,“Donald Trump pledges to make Prestwick Airport 'really successful'” http://t.co/JZ1dnBqwV1 via @STVNews,574,730,0.0040793102234601974,0.2777559459209442,0.7181647419929504,0.7140854317694902,Positive
534202168015085568,2014-11-17 04:31:36,2014-11-17,2014,2014-11,4,Monday,Android,Twitter for Android,"""""""@miorlano_14: If Donald Trump ran for president, i would vote for him in a heartbeat.""""""",148,55,0.008419322781264782,0.13615328073501587,0.8554274439811707,0.8470081211999059,Positive
534386198102671360,2014-11-17 16:42:52,2014-11-17,2014,2014-11,16,Monday,Web,Twitter Web Client,"My @WMUR9 ‘Close Up’ int. with @JoshMcElveen discussing the midterms, the new Congress, travelling to NH &, 2016 http://t.co/cggm7UTfep",24,13,0.006813250482082367,0.9257893562316895,0.06739743053913116,0.0605841800570488,Neutral
534428612913790976,2014-11-17 19:31:25,2014-11-17,2014,2014-11,19,Monday,Web,Twitter Web Client,“How to travel like a billionaire! Inside Donald Trump's £63m private jet” http://t.co/hjj179KyaR via @travelmail by @AndreaMagrath,81,68,0.007063147146254778,0.7554568648338318,0.23747998476028442,0.23041683761402965,Neutral
534458281901948930,2014-11-17 21:29:18,2014-11-17,2014,2014-11,21,Monday,Other,Twitter for BlackBerry,Obama’s China ‘climate’ deal binds America with language of ‘will’ curb emissions now while China only ‘intends’ to curb in 2030. Bad deal!,136,103,0.8256645202636719,0.1625678539276123,0.011767669580876827,-0.813896850682795,Negative
534825100114407424,2014-11-18 21:46:55,2014-11-18,2014,2014-11,21,Tuesday,Web,Twitter Web Client,The #WomenWhoWork campaign from @IvankaTrump http://t.co/vsAAiOXHIe ...,95,66,0.007433220278471708,0.683914303779602,0.30865246057510376,0.30121924029663205,Neutral
536657946265268224,2014-11-23 23:09:59,2014-11-23,2014,2014-11,23,Sunday,Android,Twitter for Android,"Tom Brady played great today. He is a total champ and a really nice guy, a rare combination!",808,380,0.004603017121553421,0.014476655051112175,0.9809203147888184,0.9763172976672649,Positive
538266524818374656,2014-11-28 09:41:54,2014-11-28,2014,2014-11,9,Friday,Android,Twitter for Android,"""""""@InTheElections: @realDonaldTrump @southheastt Awwww, what a wonderful thing to say about our fearless leader. TRUMP 2016!""""""",12,11,0.003263231832534075,0.009351539425551891,0.9873852729797363,0.9841220411472023,Positive
539380189558751233,2014-12-01 11:27:13,2014-12-01,2014,2014-12,11,Monday,Android,Twitter for Android,I will be on @foxandfriends at 7:00 A.M. Enjoy!,62,26,0.001691131037659943,0.0555545948445797,0.942754328250885,0.9410631972132251,Positive
539983140933337088,2014-12-03 03:23:07,2014-12-03,2014,2014-12,3,Wednesday,Android,Twitter for Android,"""""""@Salvato231Janet: @realDonaldTrump @tlrchrstphrbrsn you got my vote""""""",14,5,0.0056440322659909725,0.2651328146457672,0.7292231917381287,0.7235791594721377,Positive
539983616525500416,2014-12-03 03:25:01,2014-12-03,2014,2014-12,3,Wednesday,Android,Twitter for Android,"""""""@EnlighTea: The Celeb Apprentice is the Best of Both Worlds...Real Business Lessons plus Very Entertaining Celebrity Stars! Can't Wait""""""",30,10,0.0019231705227866769,0.00844229944050312,0.9896344542503357,0.987711283727549,Positive
541078673328459776,2014-12-06 03:56:23,2014-12-06,2014,2014-12,3,Saturday,Android,Twitter for Android,"""""""@Chris_R_2014: I will step over them to buy a @realDonaldTrump tie.""""""",28,15,0.0462731197476387,0.7520388960838318,0.2016879916191101,0.1554148718714714,Neutral
541097272428474371,2014-12-06 05:10:17,2014-12-06,2014,2014-12,5,Saturday,Android,Twitter for Android,"""""""@MMayer87: @BrandiGlanville @realDonaldTrump @ApprenticeNBC I can't wait to watch the show!"""" January 4th.""",95,29,0.0013396211434155703,0.00954652950167656,0.9891138076782227,0.9877741865348071,Positive
541797598815059968,2014-12-08 03:33:08,2014-12-08,2014,2014-12,3,Monday,Android,Twitter for Android,"""""""@victahh11: """"@realDonaldTrump: Entrepreneurs: Believe in yourself! If you don't, no one else will either.""""""""""",67,59,0.06435295939445496,0.4916839599609375,0.44396308064460754,0.3796101212501526,Neutral
542135034984284160,2014-12-09 01:53:59,2014-12-09,2014,2014-12,1,Tuesday,Android,Twitter for Android,"Sorry, @Rosie is a mentally sick woman, a bully, a dummy and, above all, a loser. Other than that she is just wonderful!",1699,1007,0.8662335276603699,0.09007096290588379,0.043695420026779175,-0.8225381076335907,Negative
542517381998718976,2014-12-10 03:13:18,2014-12-10,2014,2014-12,3,Wednesday,Android,Twitter for Android,"""""""@murphysociety: @realDonaldTrump @Tyler_Allreddd and you wonder why everyone wants you as President?""""""",26,8,0.4171541929244995,0.5233802199363708,0.05946560949087143,-0.3576885834336281,Neutral
542687255216029696,2014-12-10 14:28:18,2014-12-10,2014,2014-12,14,Wednesday,Android,Twitter for Android,"""""""@RealSQUEZZ: AMERICA WILL COME ALIVE AGAIN, IF ONLY @REALDONALDTRUMP IS VOTED IN. #PresidentTrump2016""""""",27,21,0.013082602992653847,0.21523034572601318,0.7716870903968811,0.7586044874042273,Positive
542863047938027521,2014-12-11 02:06:51,2014-12-11,2014,2014-12,2,Thursday,Android,Twitter for Android,"""""""@KillianZane: I'll be the vp for @realDonaldTrump when he is president"""" You would be better than what we have now!""",58,15,0.010589891113340855,0.06535654515028,0.9240535497665405,0.9134636586531997,Positive
543138096922243073,2014-12-11 20:19:47,2014-12-11,2014,2014-12,20,Thursday,Android,Twitter for Android,"""""""@BenTrawlins: @realDonaldTrump Hitting the Ice over at @TrumpRink ! World Class!!""""""",24,8,0.003023978089913726,0.06535462290048599,0.9316214323043823,0.9285974542144686,Positive
543698177921409025,2014-12-13 09:25:21,2014-12-13,2014,2014-12,9,Saturday,Android,Twitter for Android,"""""""@toptv005: @VikkiTB he was thé Very First one to warn people about Barack Hussein Obama &, people blamed him? Well, he was right!""""""",38,19,0.09145916998386383,0.428887277841568,0.479653537273407,0.38819436728954315,Positive
543701129960628224,2014-12-13 09:37:05,2014-12-13,2014,2014-12,9,Saturday,Android,Twitter for Android,"""""""@MaximizeNetwork: @realDonaldTrump #Inspiration Thank you!""""""",26,11,0.0031918841414153576,0.01506912149488926,0.9817389845848083,0.978547100443393,Positive
543701468008960001,2014-12-13 09:38:26,2014-12-13,2014,2014-12,9,Saturday,Android,Twitter for Android,"""""""@JackWitty: I don't want a party as My President, I want a decisive,confident Leader. @realDonaldTrump will """"fire"""" China. Give US a spark""""""",58,39,0.48976266384124756,0.4246261715888977,0.08561111986637115,-0.4041515439748764,Negative
543702327396679680,2014-12-13 09:41:51,2014-12-13,2014,2014-12,9,Saturday,Android,Twitter for Android,"""""""@onecherfan: @realDonaldTrump @BB1fanTambra never thought I'd say this but Mr Trump ur right!""""""",25,8,0.15306086838245392,0.4213438332080841,0.42559531331062317,0.27253444492816925,Positive
544470877413588992,2014-12-15 12:35:47,2014-12-15,2014,2014-12,12,Monday,Android,Twitter for Android,"""""""@TimboWoods: @realDonaldTrump outstanding insight on Fox this morning #trumpforpresidemt""""""",15,7,0.003245868254452944,0.032642912119627,0.9641112089157104,0.9608653406612575,Positive
544573067503370240,2014-12-15 19:21:51,2014-12-15,2014,2014-12,19,Monday,Web,Twitter Web Client,Looking forward to tonight's conversation w/ David Rubenstein @TheEconomicClub. Airing live on @cspan at 7PM EST http://t.co/ONttU3oixF,26,20,0.0013354634866118431,0.06391318887472153,0.9347513318061829,0.933415868319571,Positive
544869889606184961,2014-12-16 15:01:19,2014-12-16,2014,2014-12,15,Tuesday,Web,Twitter Web Client,“See yourself as victorious! That will focus you in the right direction.” – Trump Never Give Up,327,256,0.004931746516376734,0.0474325455725193,0.9476357102394104,0.9427039637230337,Positive
545499720773550080,2014-12-18 08:44:02,2014-12-18,2014,2014-12,8,Thursday,Android,Twitter for Android,"""""""@rebelgirl1213: @realDonaldTrump @Carrienguns America cannot survive another Bush! #NoMoreBush""""""",26,19,0.888613760471344,0.0989949107170105,0.01239143218845129,-0.8762223282828927,Negative
545603019799535616,2014-12-18 15:34:31,2014-12-18,2014,2014-12,15,Thursday,Web,Twitter Web Client,Congratulations @TrumpSoHo for making @CNTraveler's #GoldList2015! http://t.co/XUgYRjyy6T,53,35,0.0032017154153436422,0.017891494557261467,0.9789068102836609,0.9757050948683172,Positive
545698858148581376,2014-12-18 21:55:21,2014-12-18,2014,2014-12,21,Thursday,Web,Twitter Web Client,Must watch @IvankaTrump interview on @gma discussing #Girlpower http://t.co/wVCbaJyl8S,80,48,0.0026897613424807787,0.10428325831890106,0.8930270075798035,0.8903372462373227,Positive
546012950277136385,2014-12-19 18:43:26,2014-12-19,2014,2014-12,18,Friday,Web,Twitter Web Client,Pigs get slaughtered ... again. Ft Lauderdale plaintiffs must pay me close to $400k in legal fees after Trump trial victory.,81,56,0.8737568259239197,0.11123760789632797,0.015005549415946007,-0.8587512765079737,Negative
546013001233743874,2014-12-19 18:43:38,2014-12-19,2014,2014-12,18,Friday,Web,Twitter Web Client,Should have settled ... Ft Lauderdale plaintiffs must pay me close to $400k in legal fees after Trump trial victory.,66,37,0.7388584017753601,0.2327452301979065,0.02839643508195877,-0.7104619666934013,Negative
546032002437513216,2014-12-19 19:59:08,2014-12-19,2014,2014-12,19,Friday,Web,Twitter Web Client,#FlashbackFriday Just after I did my renovation in Central Park of @TrumpRink -http://t.co/TJlwPJ891H,32,13,0.004778699949383736,0.8903368711471558,0.10488443076610565,0.10010573081672192,Neutral
546048780106489856,2014-12-19 21:05:48,2014-12-19,2014,2014-12,21,Friday,Web,Twitter Web Client,"Be sure to set exceptional goals for your 2015 resolutions. Push yourself, you can do it. Think Big!",445,402,0.004146012011915445,0.04752528294920921,0.9483286738395691,0.9441826618276536,Positive
546425957536780288,2014-12-20 22:04:35,2014-12-20,2014,2014-12,22,Saturday,Android,Twitter for Android,"""""""@GClass914: thanks for the good word @realdonaldtrump http://t.co/nAH5RpMVnb""""""",26,16,0.003438900224864483,0.018624288961291313,0.9779368042945862,0.9744979040697217,Positive
547005779904327680,2014-12-22 12:28:35,2014-12-22,2014,2014-12,12,Monday,Android,Twitter for Android,"""""""@DRJAMESCABOT: @lovusa4: 6 psychiatrists all from HARVARD... TRUMP on verge of genius... Perry average or below IQ..CAN'T absorb data fast""""""",259,169,0.7982650995254517,0.1824391782283783,0.019295709207654,-0.7789693903177977,Negative
547021666103357440,2014-12-22 13:31:43,2014-12-22,2014,2014-12,13,Monday,Android,Twitter for Android,"""""""@rick_royer: @realDonaldTrump on point as always""""""",19,10,0.004292237106710672,0.03718694671988487,0.9585208296775818,0.9542285925708711,Positive
547190356165795840,2014-12-23 00:42:01,2014-12-23,2014,2014-12,0,Tuesday,Android,Twitter for Android,"""""""@LanaEdwards77: @KenyaMoore @realDonaldTrump I can't wait for #CelebrityApprentice to begin! Should be interesting...""""""",40,30,0.0012545929057523608,0.008839576505124569,0.9899058938026428,0.9886513008968905,Positive
547860331197132800,2014-12-24 21:04:16,2014-12-24,2014,2014-12,21,Wednesday,Android,Twitter for Android,"""""""@nickzizzo77: I'm not calling @realDonaldTrump out or anything but how about you run for president?!"""" Watch!""",44,18,0.12677548825740814,0.7523303031921387,0.12089420855045319,-0.005881279706954956,Neutral
547895723032064001,2014-12-24 23:24:54,2014-12-24,2014,2014-12,23,Wednesday,Android,Twitter for Android,"""""""@alangnahz: @realDonaldTrump @mooovin_on I have been waiting for the day to vote you for president, ever since I read The Art of The Deal""""""",18,10,0.010435252450406551,0.2718447744846344,0.7177199721336365,0.7072847196832299,Positive
548421599456948224,2014-12-26 10:14:33,2014-12-26,2014,2014-12,10,Friday,Android,Twitter for Android,"""""""@SassyPantsjj: Merry CHRISTMAS! Can't wait 4 Celebrity Apprenctice my favorite show on TV, need more than 1 a year! I will EP it for you!""""""",22,8,0.0024977566208690405,0.006566340569406748,0.9909358620643616,0.9884381054434925,Positive
548425070801342464,2014-12-26 10:28:20,2014-12-26,2014,2014-12,10,Friday,Android,Twitter for Android,"""""""@itsRyanHilton: @realDonaldTrump Marry Christmas to the future President of the United States! Well, America would be great again. Thanks.""",33,32,0.0027129906229674816,0.013546505942940712,0.983740508556366,0.9810275179333985,Positive
548425993351081985,2014-12-26 10:32:00,2014-12-26,2014,2014-12,10,Friday,Android,Twitter for Android,"""""""@garyleelogan1: @realDonaldTrump ...I HEARD YA MIGHT RUN IN 2016....WE THE PEOPLE NEED A PRESIDENT..NOT ONE LIKE OWEBUMMA !""""""",33,21,0.26461583375930786,0.620134174823761,0.11525001376867294,-0.14936581999063492,Neutral
548428096735830017,2014-12-26 10:40:22,2014-12-26,2014,2014-12,10,Friday,Android,Twitter for Android,"""""""@RachaelMarieabl: I refuse to vote in 2016 unless @realDonaldTrump is running &, if he's not I'm getting a one way ticket outta here""""""",51,18,0.7486274838447571,0.23389799892902374,0.01747453399002552,-0.7311529498547316,Negative
548990989411831810,2014-12-27 23:57:06,2014-12-27,2014,2014-12,23,Saturday,Android,Twitter for Android,"""""""@VladimirRussia7: @realDonaldTrump and @mcuban and @WarrenBuffett are my favorite billionaires and heroes.""""""",53,106,0.002246711403131485,0.022450145334005356,0.9753031730651855,0.9730564616620541,Positive
548991035528196096,2014-12-27 23:57:17,2014-12-27,2014,2014-12,23,Saturday,Android,Twitter for Android,"""""""@LillyWinfree: @realDonaldTrump You are so wise!! I cant wait until youre president!! ❤️🎉😍#TrumpWinfree2016""""""",80,29,0.0030217254534363747,0.00819091871380806,0.9887873530387878,0.9857656275853515,Positive
548993128133586944,2014-12-28 00:05:36,2014-12-28,2014,2014-12,0,Sunday,Android,Twitter for Android,"""""""@HeidiAlbertsen: #holidays #friends #palmbeach #maralago @mrsvanessatrump @laraleatrump @erictrump @donaldjtrumpjr http://t.co/jAgKvgDaCV""""""",97,43,0.005200211424380541,0.792987048625946,0.201812744140625,0.19661253271624446,Neutral
549528880609230851,2014-12-29 11:34:29,2014-12-29,2014,2014-12,11,Monday,Android,Twitter for Android,"""""""@995mu: No once respect is lost, it's gone forever, always suspicion in any relationship @realDonaldTrump @foxandfriends""""""",28,19,0.6879837512969971,0.2924395203590393,0.01957673393189907,-0.668407017365098,Negative
550135310420815872,2014-12-31 03:44:13,2014-12-31,2014,2014-12,3,Wednesday,Android,Twitter for Android,"""""""@SellingVA: """"@realDonaldTrump: Sometimes by losing a battle you find a new way to win the war.""""""""""",88,55,0.13329628109931946,0.7644720077514648,0.10223167389631271,-0.031064607203006744,Neutral
550440752254562304,2014-12-31 23:57:56,2014-12-31,2014,2014-12,23,Wednesday,Android,Twitter for Android,"""""""@JobSnarechs: Negotiation tip #1: The worst thing you can possibly do in a deal is seem desperate to make it. - @realDonaldTrump"""" So true!""",45,38,0.6693747639656067,0.24974024295806885,0.08088494837284088,-0.5884898155927658,Negative
550441927964106753,2015-01-01 00:02:37,2015-01-01,2015,2015-01,0,Thursday,Android,Twitter for Android,"""""""@teamconquerca: First time in the""""Trump International Hotel and Tower"""" and it's absolutely gorgeous!! Thank-You sir! Excellent hospitality""",22,8,0.0035187096800655127,0.0083024762570858,0.9881787896156311,0.9846600799355656,Positive
550547634218614784,2015-01-01 07:02:39,2015-01-01,2015,2015-01,7,Thursday,Android,Twitter for Android,"The Mar-a-Lago Club was amazing tonight. Everybody was there, the biggest and the hottest. Palm Beach is so lucky to have best club in world",91,42,0.00403979467228055,0.008037432096898556,0.987922728061676,0.9838829333893955,Positive
551584894443610112,2015-01-04 03:44:21,2015-01-04,2015,2015-01,3,Sunday,Android,Twitter for Android,"""""""@rona65: @ApprenticeNBC @realDonaldTrump @nbc good luck on your umpteenth season from the show Producer of show 1""""""",12,6,0.0019004122586920857,0.027623621746897697,0.970475971698761,0.9685755594400689,Positive
551919422953492481,2015-01-05 01:53:39,2015-01-05,2015,2015-01,1,Monday,Android,Twitter for Android,"""""""@Flowerchic462: Ok Tweeps. Who is going home first tonight?! #CelebApprentice @ApprenticeNBC @realDonaldTrump @DonaldJTrumpJr @IvankaTrump""""""",21,16,0.006290880031883717,0.881980836391449,0.11172829568386078,0.10543741565197706,Neutral
551942123223023616,2015-01-05 03:23:51,2015-01-05,2015,2015-01,3,Monday,Android,Twitter for Android,"""""""@salans77: @realDonaldTrump great boardroom so far. Love the tension""""""",23,10,0.002562708919867873,0.009276424534618855,0.9881608486175537,0.9855981396976858,Positive
551944591495426049,2015-01-05 03:33:39,2015-01-05,2015,2015-01,3,Monday,Android,Twitter for Android,"""""""@NicoleAMarin: Mondays are about to become my favourite night of the week! #CelebrityApprentice @realDonaldTrump @IvankaTrump""",57,16,0.0015922239981591702,0.013288546353578568,0.9851191639900208,0.9835269399918616,Positive
551948859963097090,2015-01-05 03:50:37,2015-01-05,2015,2015-01,3,Monday,Android,Twitter for Android,"""""""@irwin171: #CelebApprentice just turned me into a @kevinjonas fan. Love the new season!! @realDonaldTrump""""""",48,16,0.0022596523631364107,0.007319895084947348,0.9904204607009888,0.9881608083378524,Positive
551953907703103490,2015-01-05 04:10:41,2015-01-05,2015,2015-01,4,Monday,Android,Twitter for Android,"""""""@TravyJ1: I wonder how it would be growing up with @realDonaldTrump as a father""""""",38,16,0.029408862814307213,0.8242132663726807,0.14637786149978638,0.11696899868547916,Neutral
551967238887317504,2015-01-05 05:03:39,2015-01-05,2015,2015-01,5,Monday,Android,Twitter for Android,"""""""@JordonBruno: I really love @realDonaldTrump""""""",16,10,0.00268809637054801,0.011871912516653538,0.9854399561882019,0.9827518598176539,Positive
552289631493189632,2015-01-06 02:24:43,2015-01-06,2015,2015-01,2,Tuesday,Android,Twitter for Android,"""""""@AmandaJoCountry @realDonaldTrump He just knows how to ask the right questions to get the celebs to turn on each other, which I find funny""""""",21,10,0.043728943914175034,0.31037285923957825,0.6458982229232788,0.6021692790091038,Positive
552289710220259328,2015-01-06 02:25:02,2015-01-06,2015,2015-01,2,Tuesday,Android,Twitter for Android,"""""""@tzn1980: @realDonaldTrump loveee @Kateplusmy8""""""",13,8,0.0031764484010636806,0.058346543461084366,0.9384770393371582,0.9353005909360945,Positive
552293569562955777,2015-01-06 02:40:22,2015-01-06,2015,2015-01,2,Tuesday,Android,Twitter for Android,"""""""@shelbz555: Love @IvankaTrump's dress! #CelebApprentice #CelebrityApprentice @realDonaldTrump""""""",15,11,0.0021419422701001167,0.01465838123112917,0.9831997156143188,0.9810577733442187,Positive
552293723712008194,2015-01-06 02:40:59,2015-01-06,2015,2015-01,2,Tuesday,Android,Twitter for Android,"""""""@kjfinks2champ: I like Trump Tower #CelebApprentice @realDonaldTrump""""""",18,10,0.004951559938490391,0.1417054831981659,0.8533429503440857,0.8483913904055953,Positive
552304511797440514,2015-01-06 03:23:51,2015-01-06,2015,2015-01,3,Tuesday,Android,Twitter for Android,"""""""@cyber1980: @realDonaldTrump @todaysrealmusic @ApprenticeNBC @nbc great show better than the wwe lol""""""",12,7,0.00229584239423275,0.011786636896431446,0.9859175086021423,0.9836216662079096,Positive
552520887216660481,2015-01-06 17:43:39,2015-01-06,2015,2015-01,17,Tuesday,Web,Twitter Web Client,Learn more about @TrumpIntRealty's @Mgriffithnyc and some of our spectacular real estate in NYC- http://t.co/BE5L0yHJ3S,27,23,0.002923309337347746,0.23892325162887573,0.7581533789634705,0.7552300696261227,Positive
552697678837346304,2015-01-07 05:26:09,2015-01-07,2015,2015-01,5,Wednesday,Android,Twitter for Android,"""""""@grammies28: @realDonaldTrump ru going to run ??????"""" Watch!""",27,23,0.04236551374197006,0.8806149959564209,0.07701943069696426,0.0346539169549942,Neutral
552697725918408704,2015-01-07 05:26:21,2015-01-07,2015,2015-01,5,Wednesday,Android,Twitter for Android,"""""""@lexdeck: I swear I'll work for @realDonaldTrump one day, watch out.""""""",28,18,0.028930118307471275,0.4144972860813141,0.5565726161003113,0.52764249779284,Positive
552983818622484481,2015-01-08 00:23:10,2015-01-08,2015,2015-01,0,Thursday,Android,Twitter for Android,"""""""@japple8686: @My3Alexandra @realDonaldTrump cop was unarmed watch the news""""""",34,25,0.4087125360965729,0.5763854384422302,0.014902020804584026,-0.39381051529198885,Neutral
553084871351226369,2015-01-08 07:04:43,2015-01-08,2015,2015-01,7,Thursday,Android,Twitter for Android,"""""""@Bennn_G: @realDonaldTrump you need to show them how it's done, run for office""""""",24,9,0.20336341857910156,0.6692070960998535,0.1274295151233673,-0.07593390345573425,Neutral
553089364033810433,2015-01-08 07:22:34,2015-01-08,2015,2015-01,7,Thursday,Android,Twitter for Android,"""""""@salvatorenasca: @realDonaldTrump A real man who cares about his country only needs a few hours to sleep. #TRUMP2016 #Work&,Progress""""""",26,10,0.038575779646635056,0.41148269176483154,0.5499415397644043,0.5113657601177692,Positive
553312128686637059,2015-01-08 22:07:46,2015-01-08,2015,2015-01,22,Thursday,Web,Twitter Web Client,"""Via @Newsmax_Media by @melaniebatley: """"Donald Trump: France's Strict Gun Laws Enabled Attack""""http://t.co/4YkDDwRdu1""",40,54,0.20854870975017548,0.7761726975440979,0.01527857594192028,-0.1932701338082552,Neutral
554722016012808194,2015-01-12 19:30:09,2015-01-12,2015,2015-01,19,Monday,Web,Twitter Web Client,http://t.co/COTHSIXaVJ Lights... Camera....You're Fired! All new @apprenticenbc tonight at 8PM ET on NBC!,53,28,0.04864199087023735,0.7722200155258179,0.1791379749774933,0.13049598410725594,Neutral
555610233410551808,2015-01-15 06:19:37,2015-01-15,2015,2015-01,6,Thursday,Android,Twitter for Android,"""""""@Jack_P_Ivory: @realDonaldTrump for president! Only vote worth casting!""""""",37,22,0.015353918075561523,0.2939094603061676,0.6907365918159485,0.675382673740387,Positive
556765370263293952,2015-01-18 10:49:43,2015-01-18,2015,2015-01,10,Sunday,Android,Twitter for Android,"""""""@notTeridax: hey @realDonaldTrump you'd be the best president ever if you ran, right now you're hotter than ever!""",151,93,0.007624850608408451,0.013756554573774338,0.9786186218261719,0.9709937712177634,Positive
556990531579162624,2015-01-19 01:44:25,2015-01-19,2015,2015-01,1,Monday,Android,Twitter for Android,"""""""@AngieMcMonigal: A glorious winter afternoon in #Chicago @TrumpChicago @realDonaldTrump http://t.co/5Eb1bKQhPD""""""",118,40,0.0016619465313851833,0.02553928643465042,0.972798764705658,0.9711368181742728,Positive
557362127724617728,2015-01-20 02:21:01,2015-01-20,2015,2015-01,2,Tuesday,Android,Twitter for Android,"""""""@Sattendoll: @realDonaldTrump - I do not understand how are they still in business."""" H &, R Block is terrible!""",33,20,0.9535909295082092,0.04046161100268364,0.005947426427155733,-0.9476435030810535,Negative
557363332412616705,2015-01-20 02:25:48,2015-01-20,2015,2015-01,2,Tuesday,Android,Twitter for Android,"""""""@MightyWhimpFarm: @realDonaldTrump It is so unbelievably nice to see @Joan_Rivers on the @TheApprentice9! #CelebApprentice""""""",42,17,0.0019371671369299293,0.00809633918106556,0.9899665117263794,0.9880293445894495,Positive
557744210515066880,2015-01-21 03:39:16,2015-01-21,2015,2015-01,3,Wednesday,Android,Twitter for Android,"""""""@DallasVercillo: Boys from the hood call me Black Donald Trump #facts"""" Great.""",2623,2374,0.041051462292671204,0.39366164803504944,0.5652869343757629,0.5242354720830917,Positive
558392521840427008,2015-01-22 22:35:26,2015-01-22,2015,2015-01,22,Thursday,Other,Instagram,#TBT With the wonderful actor Jack Nicholson http://t.co/VeBBOZPVRU,51,22,0.0016352703096345067,0.0829613208770752,0.9154033660888672,0.9137680957792327,Positive
558438717296508930,2015-01-23 01:39:00,2015-01-23,2015,2015-01,1,Friday,Android,Twitter for Android,"""""""@DShimogawa: When I grow up I want to be just like @realDonaldTrump!"""" Thanks.""",47,17,0.003196006640791893,0.04600801691412926,0.9507960081100464,0.9476000014692545,Positive
558557042445914112,2015-01-23 09:29:11,2015-01-23,2015,2015-01,9,Friday,Android,Twitter for Android,"""""""@Bunyolan: @realDonaldTrump Top5 The 63rd Miss Universe should be #USA #THAILAND #COLUMBIA #SPAIN #JAMAICA #MissUniverse""""""",226,346,0.007314922288060188,0.7025312781333923,0.2901538014411926,0.28283887915313244,Neutral
558686632778670080,2015-01-23 18:04:07,2015-01-23,2015,2015-01,18,Friday,Web,Twitter Web Client,"With oil below $50, the blighted views by windfarms of historic @CulzeanCastle will be very sad. #SaveCulzean http://t.co/wQSIPBlv3o",35,30,0.8776161670684814,0.11414185911417007,0.00824193935841322,-0.8693742277100682,Negative
559013680604790784,2015-01-24 15:43:42,2015-01-24,2015,2015-01,15,Saturday,Other,Neatly For BlackBerry 10,"""Via @DMRegister by @JenniferJJacobs: """"Trump to hand out Trump memorabilia at Iowa summit"""" http://t.co/gN47z0KfFU""",30,14,0.004461702425032854,0.9284794926643372,0.06705883890390396,0.06259713647887111,Neutral
559831181819392000,2015-01-26 21:52:09,2015-01-26,2015,2015-01,21,Monday,Web,Twitter Web Client,Why do people give @KarlRove contributions when they know he is a loser who has no idea how to win? http://t.co/mbnmf8D8jI,96,67,0.9138916730880737,0.07885473221540451,0.007253594230860472,-0.9066380788572133,Negative
559895249255157762,2015-01-27 02:06:44,2015-01-27,2015,2015-01,2,Tuesday,Android,Twitter for Android,"""""""@blazaruk: """"RT Where the hell is global warming when you need it?"""" I dearly hope you are able to take up the flag of the GOP in 2016""""""",39,33,0.7198486328125,0.24698150157928467,0.03316986933350563,-0.6866787634789944,Negative
559915250888486912,2015-01-27 03:26:13,2015-01-27,2015,2015-01,3,Tuesday,Android,Twitter for Android,"""""""@BuckyBirt: @13ascot81 @realDonaldTrump #CelebrityApprentice has caused me to like Brandi.""""""",88,22,0.0273575559258461,0.5212607383728027,0.45138177275657654,0.42402421683073044,Neutral
560915552948850688,2015-01-29 21:41:03,2015-01-29,2015,2015-01,21,Thursday,Web,Twitter Web Client,Entrepreneurs: Being stubborn is a big part of being a winner. Don't give in and don't give up!,414,322,0.02195623703300953,0.14110040664672852,0.8369433879852295,0.81498715095222,Positive
561117248828751874,2015-01-30 11:02:31,2015-01-30,2015,2015-01,11,Friday,Android,Twitter for Android,"""""""@buffyG6820: We need a President that is for the USA, Donald Trump knows how to make an empire. #YVNCG inc.-Buffy http://t.co/Tgf46zXlnD""""""",194,124,0.02606074884533882,0.540019690990448,0.4339195489883423,0.40785880014300346,Neutral
561202819546742785,2015-01-30 16:42:33,2015-01-30,2015,2015-01,16,Friday,Web,Twitter Web Client,"Entrepreneurs: Knowledge requires patience, action requires courage. Put patience and courage together and you'll be a winner .",313,301,0.007940718904137611,0.11138425022363663,0.8806750774383545,0.8727343585342169,Positive
561647451443318784,2015-01-31 22:09:21,2015-01-31,2015,2015-01,22,Saturday,Web,Twitter Web Client,"""Via @eonline:""""@IvankaTrump Wears @MissUniverse 2014's $300,000 Crown, Nails Beauty Pageant Winner Look"""" http://t.co/nTDJxommxP""",63,27,0.01271521020680666,0.8746806979179382,0.11260411143302917,0.09988890122622252,Neutral
562011943654154240,2015-02-01 22:17:43,2015-02-01,2015,2015-02,22,Sunday,Android,Twitter for Android,"""""""@OH2BINAZ: @realDonaldTrump Kenya is a dirty thief! I hope she gets FIRED.""""""",72,31,0.9472793936729431,0.04651983454823494,0.00620076060295105,-0.9410786330699921,Negative
562417340319825920,2015-02-03 01:08:37,2015-02-03,2015,2015-02,1,Tuesday,Android,Twitter for Android,"""""""@Rick74467: @realDonaldTrump Getting ready to tune in for another great episode of #CelebrityApprentice... http://t.co/M2d2UY91Io""""""",89,43,0.0012679994106292725,0.04040973633527756,0.958322286605835,0.9570542871952057,Positive
562438645622505474,2015-02-03 02:33:17,2015-02-03,2015,2015-02,2,Tuesday,Android,Twitter for Android,"""""""@LindaNTyler: Seeing @Joan_Rivers is so tough, but also so very special! Glad she was on this season. #Blessings to @MelRivers""",157,46,0.0038810288533568382,0.014033732935786247,0.9820852875709534,0.9782042587175965,Positive
562441599243001856,2015-02-03 02:45:01,2015-02-03,2015,2015-02,2,Tuesday,Android,Twitter for Android,"""""""@BoaterzLetterz: @IGotAngelEyes @realDonaldTrump @ApprenticeNBC @JoanRivers There will never be anyone as #Funny I Bet""""""",58,17,0.10529661923646927,0.42893823981285095,0.46576517820358276,0.3604685589671135,Positive
562441873747628032,2015-02-03 02:46:07,2015-02-03,2015,2015-02,2,Tuesday,Android,Twitter for Android,"""""""@YMcTier: Celebrity Apprentice is So Good 2night! Everyone going in Hard to Not get Fired! @YMcTier Favorite Monday TV Show #LuvIt""""""",69,30,0.0044486019760370255,0.010566477663815022,0.9849848747253418,0.9805362727493048,Positive
562456223145287681,2015-02-03 03:43:08,2015-02-03,2015,2015-02,3,Tuesday,Android,Twitter for Android,"""""""@jazzjuicer: @realDonaldTrump @KeyWestBravo @IvankaTrump Mother's looks and dad's smarts: she'll go far."""" True.""",54,17,0.0032715059351176023,0.06651335209608078,0.9302151799201965,0.9269436739850789,Positive
562652880629669889,2015-02-03 16:44:34,2015-02-03,2015,2015-02,16,Tuesday,Web,Twitter Web Client,Are all the illegals pouring into our country vaccinated? I don't think so. Great danger to U.S.,328,267,0.8110272884368896,0.16842050850391388,0.020552199333906174,-0.7904750891029835,Negative
563001598977540096,2015-02-04 15:50:15,2015-02-04,2015,2015-02,15,Wednesday,Web,Twitter Web Client,"Trump Golf Links at Ferry Point in the Bronx, NY, will open soon. A Jack Nicklaus Signature Design. Beautiful. http://t.co/XovcybFo0P",47,27,0.0021105799823999405,0.04046067222952843,0.9574287533760071,0.9553181733936071,Positive
563814901303750656,2015-02-06 21:42:02,2015-02-06,2015,2015-02,21,Friday,Web,Twitter Web Client,"Entrepreneurs: Look at the solution, not the problem. Learn to focus on what will give results.",345,312,0.04449610412120819,0.45219913125038147,0.5033047795295715,0.45880867540836334,Positive
564956619830988800,2015-02-10 01:18:49,2015-02-10,2015,2015-02,1,Tuesday,Android,Twitter for Android,"""""""@IovemyfamiIy: @KenyaMoore made @realDonaldTrump's Top 5 list of #CelebApprentice all time FAILS! 😂""""""",26,14,0.8038588762283325,0.1722564548254013,0.023884719237685204,-0.7799741569906473,Negative
564959511778455552,2015-02-10 01:30:18,2015-02-10,2015,2015-02,1,Tuesday,Android,Twitter for Android,"""""""@federicishane: The only reason I want some level of fame is so I can go on The Celebrity Apprentice. And so I wait. @realDonaldTrump""""""",30,10,0.032783541828393936,0.30751127004623413,0.6597051620483398,0.6269216202199459,Positive
565132265261654016,2015-02-10 12:56:46,2015-02-10,2015,2015-02,12,Tuesday,Android,Twitter for Android,"""""""@AshbyNeil: @realDonaldTrump for president""""""",25,9,0.011057407595217228,0.8774760365486145,0.11146657168865204,0.10040916409343481,Neutral
567405797173645312,2015-02-16 19:30:58,2015-02-16,2015,2015-02,19,Monday,Android,Twitter for Android,"""""""@Bravolebrity1: #CelebrityApprentice season finale tonight!! G-R-E-A-T Show! @LeezaGibbons @BrandiGlanville @kevinjonas @GeraldoRivera""""""",37,15,0.007936476729810238,0.29508528113365173,0.6969782114028931,0.6890417346730828,Positive
567416051454205954,2015-02-16 20:11:43,2015-02-16,2015,2015-02,20,Monday,Android,Twitter for Android,"""""""@Bravolebrity1 LeezaGibbons @BrandiGlanville @kevinjonas @GeraldoRivera Ratings for #CelebrityApprentice have been at an all time high! #1""""""",71,31,0.002648785011842847,0.05390271544456482,0.9434484839439392,0.9407996989320964,Positive
567692304824430592,2015-02-17 14:29:27,2015-02-17,2015,2015-02,14,Tuesday,Android,Twitter for Android,"""""""@GingerzGirl: @MelRivers @Joan_Rivers @realDonaldTrump @IvankaTrump @DonaldJTrumpJr I so loved the tribute. It was just beautiful.""""""",38,17,0.004082260653376579,0.009010111913084984,0.9869076013565063,0.9828253407031298,Positive
567692996205113344,2015-02-17 14:32:12,2015-02-17,2015,2015-02,14,Tuesday,Android,Twitter for Android,"""""""@cookit1960: @TODAYshow @Carson Daly's @realDonaldTrump so happy 4 Leeza. I was hoping she'd win all along.""""""",32,13,0.004005106631666422,0.0276237390935421,0.9683711528778076,0.9643660462461412,Positive
567979987913072640,2015-02-18 09:32:36,2015-02-18,2015,2015-02,9,Wednesday,Android,Twitter for Android,"""""""@ColinSWood: @realDonaldTrump Donald, thank you for raising millions for charity on your show!""""""",25,12,0.0031991908326745033,0.02068805880844593,0.9761127829551697,0.9729135921224952,Positive
568614497658798080,2015-02-20 03:33:55,2015-02-20,2015,2015-02,3,Friday,Android,Twitter for Android,"""""""@tellkell: @MelRivers @Joan_Rivers @realDonaldTrump @IvankaTrump @DonaldJTrumpJr beautiful and touching tribute! Ahhh she is so missed!""""""",54,23,0.006537995766848326,0.014689141884446144,0.9787728786468506,0.9722348828800023,Positive
568616061614080001,2015-02-20 03:40:08,2015-02-20,2015,2015-02,3,Friday,Android,Twitter for Android,"""""""@txblondegrad: @realDonaldTrump is the only candidate for president that can beat Hillary and turn this country around."""" I agree!""",78,34,0.009210165590047836,0.07526238262653351,0.9155274629592896,0.9063172973692417,Positive
569955586734989312,2015-02-23 20:22:55,2015-02-23,2015,2015-02,20,Monday,Web,Twitter Web Client,"""""""@JCL30 @realDonaldTrump had a run round @TurnberryBuzz Ails this morning. Going to be great when all the changes are finished."""" Thanks.""",13,12,0.0023153331130743027,0.021070605143904686,0.9766140580177307,0.9742987249046564,Positive
570315063627808768,2015-02-24 20:11:21,2015-02-24,2015,2015-02,20,Tuesday,Web,Twitter Web Client,"Trump International Golf Links and Hotel, Ireland, is located on the Atlantic Ocean in County Clare. Spectacular! http://t.co/nT7zundGmV",49,41,0.0023702504113316536,0.0743240937590599,0.9233056902885437,0.920935439877212,Positive
573616949957124096,2015-03-05 22:51:52,2015-03-05,2015,2015-03,22,Thursday,Web,Twitter Web Client,I hope the Mexican judge is more honest than the Mexican businessmen who used the court system to avoid paying me the money they owe me.,762,1166,0.6316000819206238,0.33612698316574097,0.03227294608950615,-0.5993271358311176,Negative
573617193654575104,2015-03-05 22:52:50,2015-03-05,2015,2015-03,22,Thursday,Web,Twitter Web Client,"Despite Mexico's interest in again hosting the Miss Universe Pageant, it will be because of Rodolfo Rosas Moya that it will never happen.",122,123,0.4801155924797058,0.48446962237358093,0.035414788872003555,-0.44470080360770226,Neutral
575300101804965888,2015-03-10 14:20:07,2015-03-10,2015,2015-03,14,Tuesday,Android,Twitter for Android,"""""""@wisdomsquote: “Sheer persistence is the difference between success and failure.” – Donald Trump""""""",125,113,0.024990081787109375,0.4688405394554138,0.5061693787574768,0.48117929697036743,Positive
575334980580208640,2015-03-10 16:38:43,2015-03-10,2015,2015-03,16,Tuesday,Web,Twitter Web Client,"""""""@daltonkats Inside Trump Tower in NYC! What a beautiful building! @realDonaldTrump"""" Thanks!""",53,12,0.002533146645873785,0.008987685665488243,0.9884791970252991,0.9859460503794253,Positive
575342182262968320,2015-03-10 17:07:20,2015-03-10,2015,2015-03,17,Tuesday,Web,Twitter Web Client,I am happy to announce that the @PGAGrandSlam will be held at @TrumpGolfLA this year! https://t.co/CHFxHiRqii Follow @TrumpGolf for more!,44,32,0.0012939443113282323,0.009239297360181808,0.9894667267799377,0.9881727824686095,Positive
575825043420151808,2015-03-12 01:06:03,2015-03-12,2015,2015-03,1,Thursday,Android,Twitter for Android,"""""""@AlorAcai: #GoodAdviceIn4Words Vote @realDonaldTrump For President.""""""",39,13,0.004278684034943581,0.10134445130825043,0.894376814365387,0.8900981303304434,Positive
575995741946052608,2015-03-12 12:24:21,2015-03-12,2015,2015-03,12,Thursday,Android,Twitter for Android,"""""""@dennis_goins: @realDonaldTrump What are you waiting for? Run! The country needs you! It's now or never! We need leadership!""""""",50,33,0.13919785618782043,0.3669305145740509,0.4938715696334839,0.35467371344566345,Positive
578225187100991488,2015-03-18 16:03:22,2015-03-18,2015,2015-03,16,Wednesday,Web,Twitter Web Client,"April is Autism Awareness Month, join me in raising awareness - get your “Light It Up Blue” sign here! #LIUB http://t.co/qezWONTCcE",139,145,0.0039000725373625755,0.22346267104148865,0.7726373076438904,0.7687372351065278,Positive
578282348501929984,2015-03-18 19:50:30,2015-03-18,2015,2015-03,19,Wednesday,Web,Twitter Web Client,"Trump National Golf Club, Washington, D.C., is located on 600 acres and fronts the Potomac River. Spectacular!http://t.co/KMaHBBQLXU",35,16,0.003744221990928054,0.09580884873867035,0.9004469513893127,0.8967027293983847,Positive
578604165582200832,2015-03-19 17:09:17,2015-03-19,2015,2015-03,17,Thursday,Web,Twitter Web Client,"""""""@Smilin_Smuggler @realDonaldTrump You have my vote! #trumpforpresident #Trump2016""""""",50,24,0.004843271803110838,0.0946960300207138,0.9004606604576111,0.8956173886545002,Positive
578654022216843264,2015-03-19 20:27:24,2015-03-19,2015,2015-03,20,Thursday,Web,Twitter Web Client,.@TrumpSoHo New York has interiors by celebrated design house Fendi Casa and 360 degree views of the city skyline. http://t.co/exnWuXuPwA,31,20,0.002613874152302742,0.33786311745643616,0.6595230102539062,0.6569091361016035,Positive
578977458776633344,2015-03-20 17:52:37,2015-03-20,2015,2015-03,17,Friday,Web,Twitter Web Client,"""""""@RaffleWinner @realDonaldTrump I can't decide if you will be a great President or the GREATEST President! #Trump2016""""""",66,31,0.013772430829703808,0.04798821732401848,0.9382393956184387,0.9244669647887349,Positive
580226385614094336,2015-03-24 04:35:25,2015-03-24,2015,2015-03,4,Tuesday,Android,Twitter for Android,"""""""@SCOTTMALOUFF: @realDonaldTrump you have to run!! Your next!!""""""",30,10,0.17247366905212402,0.6143998503684998,0.21312643587589264,0.040652766823768616,Neutral
580374395023163392,2015-03-24 14:23:33,2015-03-24,2015,2015-03,14,Tuesday,Web,Twitter Web Client,"""""""@MauiJano You have my presidential vote! We need an assertive person like you to bring back respect and financial repair to America!"""" Thx""",35,17,0.005140990950167179,0.036544617265462875,0.9583144187927246,0.9531734278425574,Positive
580392112396599296,2015-03-24 15:33:57,2015-03-24,2015,2015-03,15,Tuesday,Web,Twitter Web Client,Via @dcexaminer by @eScarry: “Donald Trump: @HuffingtonPost 'a very dishonest organization'” http://t.co/roM3MKB8wn,27,24,0.5911765694618225,0.39689964056015015,0.011923780664801598,-0.5792527887970209,Negative
580823147873767424,2015-03-25 20:06:44,2015-03-25,2015,2015-03,20,Wednesday,Web,Twitter Web Client,"""“Donald Trump launches new men's fragrance-- """"Empire"""" -- @Macys """"Because every man has his own empire to build'” http://t.co/LBk4XIr1FO""",62,41,0.022692492231726646,0.8068302869796753,0.17047719657421112,0.14778470434248447,Neutral
581097035174191105,2015-03-26 14:15:04,2015-03-26,2015,2015-03,14,Thursday,Web,Twitter Web Client,"""""""@bluesmanSINY @realDonaldTrump The Donald for President. Big YES! The Country Needs A Leader""""""",48,16,0.01132699754089117,0.13135159015655518,0.8573214411735535,0.8459944436326623,Positive
581168283329667074,2015-03-26 18:58:10,2015-03-26,2015,2015-03,18,Thursday,Web,Twitter Web Client,"Looking forward to speaking @nranews Convention in Nashville http://t.co/Y6VYva0Gn8 The 2nd Amendment is a right, not a privilege!",61,34,0.0017775492742657661,0.03813198581337929,0.9600904583930969,0.9583129091188312,Positive
581198156374904832,2015-03-26 20:56:53,2015-03-26,2015,2015-03,20,Thursday,Web,Twitter Web Client,"""""""@NathanErbland I agree------>, The 2nd Amendment is a right, not a privilege! @realDonaldTrump""""""",122,104,0.008729115128517151,0.18032704293727875,0.8109438419342041,0.802214726805687,Positive
581440224099725313,2015-03-27 12:58:46,2015-03-27,2015,2015-03,12,Friday,Web,Twitter Web Client,Looking forward to tonight's Ayrshire Chamber of Commerce Annual Dinner 2015 @AyrshireChamber,34,23,0.0019006641814485192,0.03793618083000183,0.9601631164550781,0.9582624522736296,Positive
581472953495351296,2015-03-27 15:08:50,2015-03-27,2015,2015-03,15,Friday,Web,Twitter Web Client,"""""""@littlevd23 @AaronMcAllorum @NYC Like anything Mr. Trump puts his name on simply amazing!! The Bronx needed the Trump touch!"""" Thanks.""",28,17,0.0036949990317225456,0.011495528742671013,0.9848094582557678,0.9811144592240453,Positive
582726756290990082,2015-03-31 02:10:59,2015-03-31,2015,2015-03,2,Tuesday,Android,Twitter for Android,"""""""@thembazoko1: """"@realDonaldTrump: We create success or failure on the course primarily by our thoughts. -- Gary Player""""""""""",55,44,0.09652044624090195,0.8039155602455139,0.09956397116184235,0.003043524920940399,Neutral
582965669211344898,2015-03-31 18:00:21,2015-03-31,2015,2015-03,18,Tuesday,Web,Twitter Web Client,"There is only one fix for ObamaCare - REPEAL &, REPLACE with a free market oriented alternative!",165,107,0.5544074773788452,0.40720027685165405,0.038392238318920135,-0.5160152390599251,Negative
583148411668549632,2015-04-01 06:06:30,2015-04-01,2015,2015-04,6,Wednesday,Android,Twitter for Android,"""""""@user9888: Money was never a big motivation for me,except as a way to keep score. The real excitement is playing the game. @realDonaldTrump""",69,38,0.1354808807373047,0.4527207314968109,0.4117983877658844,0.2763175070285797,Neutral
583153264058888192,2015-04-01 06:25:47,2015-04-01,2015,2015-04,6,Wednesday,Android,Twitter for Android,"""""""@FlyOSUBuckeye1: RUN Mr Trump! Run! #oreillyfactor @realDonaldTrump I doubt Sec Kerry EVER read """"Art Of The Deal""""""""""",24,11,0.6147258877754211,0.31153619289398193,0.07373794168233871,-0.5409879460930824,Negative
584473075632238592,2015-04-04 21:50:14,2015-04-04,2015,2015-04,21,Saturday,Android,Twitter for Android,"""""""@greta: @realDonaldTrump @hillarysusans I can hardly wait to do the interview when the Old Post Office is finished in all her glamour""""""",30,17,0.004076026845723391,0.03523481264710426,0.960689127445221,0.9566131005994976,Positive
586008595663323138,2015-04-09 03:31:51,2015-04-09,2015,2015-04,3,Thursday,Android,Twitter for Android,"""""""@EHarper69: @realDonaldTrump If you run you will win.. I've never been wrong. Just be presidential, not a salesman!""",48,15,0.04324445128440857,0.23924896121025085,0.7175065875053406,0.674262136220932,Positive
586734562396504064,2015-04-11 03:36:35,2015-04-11,2015,2015-04,3,Saturday,Android,Twitter for Android,.@BretBaier Thank you for the very fair and highly professional segment on me tonight. Many people watched and commented.,56,26,0.003944870084524155,0.025723477825522423,0.970331609249115,0.9663867391645908,Positive
586750679085142017,2015-04-11 04:40:37,2015-04-11,2015,2015-04,4,Saturday,Android,Twitter for Android,"""""""@KBrocking: @realDonaldTrump You gotta run. I think you have what it takes to stop Hillary!!!""""""",34,18,0.0927671492099762,0.4230434000492096,0.4841894209384918,0.3914222717285156,Positive
587246303547105280,2015-04-12 13:30:03,2015-04-12,2015,2015-04,13,Sunday,Android,Twitter for Android,".@TMobile gives terrible service and has many complaints, just check.",76,42,0.950878918170929,0.04430100694298744,0.004820188507437706,-0.9460587296634912,Negative
587383938391343104,2015-04-12 22:36:58,2015-04-12,2015,2015-04,22,Sunday,Android,Twitter for Android,"""""""@PICA_59: #Trump2016 @realDonaldTrump""""""",24,11,0.06721562892198563,0.8926334977149963,0.04015094414353371,-0.02706468477845192,Neutral
587394915526672385,2015-04-12 23:20:35,2015-04-12,2015,2015-04,23,Sunday,Android,Twitter for Android,"""""""@BlessIsrael1948: @realDonaldTrump @mallhayden11 My Trump is a patriot.""""""",29,13,0.011746041476726532,0.2959561347961426,0.6922977566719055,0.680551715195179,Positive
588312615799119872,2015-04-15 12:07:12,2015-04-15,2015,2015-04,12,Wednesday,Android,Twitter for Android,"""""""@hdrenovate: @realDonaldTrump D.T. for president! !!""""""",23,15,0.008416568860411644,0.32247281074523926,0.6691106557846069,0.6606940869241953,Positive
588314586216079361,2015-04-15 12:15:02,2015-04-15,2015,2015-04,12,Wednesday,Android,Twitter for Android,"""""""@MrMet41: @bonn66 @realDonaldTrump @rosannascotto #MrTrump isn't my guy, he is America's guy ! #Trump2016"""" So nice, thanks!""",20,11,0.01824267953634262,0.079563207924366,0.902194082736969,0.8839514032006264,Positive
588716146792263682,2015-04-16 14:50:41,2015-04-16,2015,2015-04,14,Thursday,Web,Twitter Web Client,"Our border is being breached daily by criminals. We must build a wall &, deduct costs from Mexican foreign aid! http://t.co/jEgR6jSQ5J",204,173,0.8680548667907715,0.12218081206083298,0.009764336049556732,-0.8582905307412148,Negative
588733168339017728,2015-04-16 15:58:20,2015-04-16,2015,2015-04,15,Thursday,Web,Twitter Web Client,"""""""If your actions inspire others to dream more, learn more, do more and become more, you are a leader."""" – John Quincy Adams""",374,343,0.003882390446960926,0.04821796715259552,0.947899580001831,0.9440171895548701,Positive
588864633081061377,2015-04-17 00:40:43,2015-04-17,2015,2015-04,0,Friday,Android,Twitter for Android,"""""""@Kakatshozi: Ivanka Trump would be the cutest first daughter in US history if DonaldTrump became president! Elegant,classy and adorable.""""""",114,93,0.0038207522593438625,0.014051535166800022,0.9821276664733887,0.9783069142140448,Positive
588991075806765056,2015-04-17 09:03:10,2015-04-17,2015,2015-04,9,Friday,Android,Twitter for Android,"""""""@bryt1330: I get into so many arguments over #Trump2016 @realDonaldTrump but I think he could ACTUALLY change this county for the better""",36,17,0.05642791464924812,0.29697322845458984,0.6465988755226135,0.5901709608733654,Positive
589115259979489281,2015-04-17 17:16:37,2015-04-17,2015,2015-04,17,Friday,Web,Twitter Web Client,"My @FoxBusiness int. w/Don Imus on not drinking alcohol, politicians being all talk and no action &, the border http://t.co/EfP0LClaOv",35,33,0.3192722499370575,0.6570774912834167,0.023650232702493668,-0.2956220172345638,Neutral
589348942883790848,2015-04-18 08:45:12,2015-04-18,2015,2015-04,8,Saturday,Android,Twitter for Android,"""""""@DrHardick: .@realDonaldTrump @MLeitzmann @TrumpTowerNY love love love that wall. Memories forever! #architecture #nyc""""""",9,10,0.00318638957105577,0.01134470570832491,0.9854689240455627,0.982282534474507,Positive
589598314947022848,2015-04-19 01:16:07,2015-04-19,2015,2015-04,1,Sunday,Android,Twitter for Android,"""""""@FreedomsPatriot: @P4tR10tBoo @souperfan2012 @souperfan2013 @wolfman708 @dryheat115 Mr. @realDonaldTrump made 👍&,👊 impression.""""""",28,19,0.008801680989563465,0.2626088261604309,0.7285895347595215,0.719787853769958,Positive
589632853736087553,2015-04-19 03:33:21,2015-04-19,2015,2015-04,3,Sunday,Android,Twitter for Android,"""""""@HarperArchitect: @realDonaldTrump good talk watched on c-span, intelligence. Thanks.""",20,12,0.002730923006311059,0.019947104156017303,0.9773220419883728,0.9745911189820617,Positive
590104809132466178,2015-04-20 10:48:44,2015-04-20,2015,2015-04,10,Monday,Android,Twitter for Android,"""""""@belllabooo13: @foxandfriends Always watch Mr Trump Keep speaking the truth! Let's Get Our America Back! You Will Do It! God Bless!!""""""",28,23,0.003617906477302313,0.027202699333429337,0.9691793918609619,0.9655614853836596,Positive
590113557221613568,2015-04-20 11:23:30,2015-04-20,2015,2015-04,11,Monday,Android,Twitter for Android,"""""""@moose_taz: @foxandfriends thinking @realDonaldTrump might be what this country needs a change from career politicians""""""",41,27,0.1061648428440094,0.6694896221160889,0.22434553503990173,0.11818069219589233,Neutral
590228450591539202,2015-04-20 19:00:03,2015-04-20,2015,2015-04,19,Monday,Web,Twitter Web Client,"""Congratulations to @TrumpWaikiki for being selected as """"Best of +VIP Access 2014"""" by @Expedia!""",34,24,0.002358625642955303,0.026279613375663757,0.9713617563247681,0.9690031306818128,Positive
590341084598919169,2015-04-21 02:27:37,2015-04-21,2015,2015-04,2,Tuesday,Android,Twitter for Android,"""""""@Slider6294:@NRO @JonahNRO To be fair, impossible to fill those shoes. But consistent conservative principles would be a start!"""" I agree!""",20,20,0.08862821012735367,0.3184482455253601,0.5929234623908997,0.504295252263546,Positive
590343459552292864,2015-04-21 02:37:03,2015-04-21,2015,2015-04,2,Tuesday,Android,Twitter for Android,.@stephenfhayes: I heard you were a joke on the media panel this weekend in New Hampshire. You just don't have what it takes! @JoeNBC,18,15,0.9256133437156677,0.06807348132133484,0.00631319684907794,-0.9193001468665898,Negative
590975983034990592,2015-04-22 20:30:28,2015-04-22,2015,2015-04,20,Wednesday,Android,Twitter for Android,I'm getting The Commandant's Leadership Award from the U.S.Marines tonight at The Waldorf Astoria - a great honor! @BretBaier,109,56,0.002375275595113635,0.012831639498472214,0.9847930669784546,0.982417791383341,Positive
591226354680602624,2015-04-23 13:05:22,2015-04-23,2015,2015-04,13,Thursday,Android,Twitter for Android,"""""""@UsuallyBogey: Without @realDonaldTrump we will be stuck with Hilary Clinton. #Trump2016"""" I agree.""",31,19,0.3933701515197754,0.5419682860374451,0.06466156989336014,-0.32870858162641525,Neutral
591439697559298049,2015-04-24 03:13:06,2015-04-24,2015,2015-04,3,Friday,Android,Twitter for Android,"""""""@thembazoko1: @realDonaldTrump: get Commandant's Leadership Award from the U.S.Marines yesterday at The Waldorf Astoria - a great honor!""",33,26,0.0022202313411980867,0.016503214836120605,0.9812765121459961,0.979056280804798,Positive
591966092152672256,2015-04-25 14:04:49,2015-04-25,2015,2015-04,14,Saturday,Android,Twitter for Android,"""""""@Patriotress: @realDonaldTrump @316Place @PGA_com #Trump2016""""""",10,13,0.04259520024061203,0.9106878638267517,0.04671693220734596,0.0041217319667339325,Neutral
591970735809245185,2015-04-25 14:23:16,2015-04-25,2015,2015-04,14,Saturday,Android,Twitter for Android,"""""""@bean1227: @realDonaldTrump When are you announcing run #PresidentTrump !?"""" Stay tuned!""",49,32,0.00434534577652812,0.6663005948066711,0.32935404777526855,0.32500870199874043,Neutral
592786000159645697,2015-04-27 20:22:50,2015-04-27,2015,2015-04,20,Monday,Web,Twitter Web Client,"""""""@woofeous @WMUR9 @NewEngCollege Business leaders such as Donald could easily teach students more in one-hour than in any semester.""""""",61,22,0.015552914701402187,0.3647705316543579,0.6196765899658203,0.6041236752644181,Positive
593502053411893249,2015-04-29 19:48:10,2015-04-29,2015,2015-04,19,Wednesday,Web,Twitter Web Client,Met a big fan today! https://t.co/Gd3lroPnCr,80,27,0.0027229769621044397,0.009528791531920433,0.9877482652664185,0.985025288304314,Positive
593752775407890433,2015-04-30 12:24:27,2015-04-30,2015,2015-04,12,Thursday,Android,Twitter for Android,"""""""@ghostlyprep: @realDonaldTrump is amazing 👌🏻 you can tell me he's not when you're as successful as him""""""",36,14,0.01058147195726633,0.028212957084178925,0.9612055420875549,0.9506240701302886,Positive
594151632079687680,2015-05-01 14:49:22,2015-05-01,2015,2015-05,14,Friday,Android,Twitter for Android,"If the working, proud and productive people of our country don't start exerting their authority and views, the U.S. as we know it is doomed!",407,321,0.5874494314193726,0.322150856256485,0.09039971232414246,-0.4970497190952301,Negative
594164281207365633,2015-05-01 15:39:38,2015-05-01,2015,2015-05,15,Friday,Web,Twitter Web Client,"Whether you think you can or think you can't, you're right. -- Henry Ford",247,218,0.03597051650285721,0.622948944568634,0.34108054637908936,0.30511002987623215,Neutral
594188557251702784,2015-05-01 17:16:06,2015-05-01,2015,2015-05,17,Friday,Web,Twitter Web Client,"Via @ConroeCourier by @StephenGreen91:“Trump talks 2016 run, jobs at @TXPatriotsPAC” http://t.co/TUPtn3RW0O",21,16,0.009903574362397194,0.9569813013076782,0.033115070313215256,0.023211495950818062,Neutral
594374255447441409,2015-05-02 05:34:00,2015-05-02,2015,2015-05,5,Saturday,Android,Twitter for Android,"Baltimore had a really tough night - only great leadership can solve the many inner-city problems facing our country. Jobs, jobs, jobs!",208,92,0.13601195812225342,0.22082854807376862,0.6431595087051392,0.5071475505828857,Positive
594613186453581825,2015-05-02 21:23:25,2015-05-02,2015,2015-05,21,Saturday,Android,Twitter for Android,"""""""@RockinJoe1: @upsetNavyVet @realDonaldTrump well at least the Donald's arrogance is warranted"""" So true, thanks!""",22,12,0.04994923248887062,0.15762829780578613,0.7924224734306335,0.7424732409417629,Positive
594628565636812800,2015-05-02 22:24:32,2015-05-02,2015,2015-05,22,Saturday,Android,Twitter for Android,"""""""@TpGraf82: @realDonaldTrump has never rushed into anything! We will wait on you! #Trump2016""""""",25,7,0.042924463748931885,0.5184648036956787,0.4386107325553894,0.3956862688064575,Neutral
595723624981606402,2015-05-05 22:55:54,2015-05-05,2015,2015-05,22,Tuesday,Android,Twitter for Android,"""""""@RUSHLvR1: RT """"@AAcrowellt: @realDonaldTrump if you run for president im voting for you"""" Great. I am dying for Donald to run and win#""""""",21,12,0.008009037002921104,0.03710748627781868,0.9548834562301636,0.9468744192272425,Positive
595817007255281664,2015-05-06 05:06:58,2015-05-06,2015,2015-05,5,Wednesday,Android,Twitter for Android,"""""""@ShalontaBowman: Without a doubt, donaldtrump is the most logical choice for President. You'd be the only competent candidate. We need you!""",51,24,0.008147048763930798,0.03380332142114639,0.9580496549606323,0.9499026061967015,Positive
596880484946354176,2015-05-09 03:32:51,2015-05-09,2015,2015-05,3,Saturday,Android,Twitter for Android,"""""""@vctr67: @realDonaldTrump Mr. Trump. Please run and save this country from going to hell. You got my vote."""" Thanks.""",47,21,0.04803835600614548,0.22347226738929749,0.728489339351654,0.6804509833455086,Positive
596880670670065664,2015-05-09 03:33:36,2015-05-09,2015,2015-05,3,Saturday,Android,Twitter for Android,"""""""@kittreantanner:More interviews, Mr Trump. The more you talk @ what you would do if president, the more people want to hear MORE from you.""""""",33,14,0.02626289613544941,0.39225882291793823,0.5814782977104187,0.5552154015749693,Positive
597009496116977664,2015-05-09 12:05:30,2015-05-09,2015,2015-05,12,Saturday,Android,Twitter for Android,"""""""@LynneLeach: @realDonaldTrump you can make U.S. great by running for POTUS! You have my vote a million times over ☑️""""""",30,15,0.003857838688418269,0.022301729768514633,0.9738404154777527,0.9699825767893344,Positive
597843823889383424,2015-05-11 19:20:49,2015-05-11,2015,2015-05,19,Monday,Web,Twitter Web Client,"""""""Government's first duty is to protect the people, not run their lives.” – President Ronald Reagan""",791,536,0.019840415567159653,0.7249541282653809,0.2552054524421692,0.23536503687500954,Neutral
597906025283477506,2015-05-11 23:27:59,2015-05-11,2015,2015-05,23,Monday,Android,Twitter for Android,"Can you imagine, we spend billions of dollars protecting Saudi Arabia and now the King refuses to even meet with Obama. Great leadership!",560,327,0.4901159405708313,0.37398961186408997,0.13589438796043396,-0.35422155261039734,Negative
599019686286774273,2015-05-15 01:13:17,2015-05-15,2015,2015-05,1,Friday,Android,Twitter for Android,"""""""@JDrago28: It was such an honor to meet @realDonaldTrump today in New Hampshire! What a great man! #NH #business http://t.co/VWxnWsTmBH""""""",93,30,0.0020633009262382984,0.008037119172513485,0.9898995757102966,0.9878362747840583,Positive
599551633681321984,2015-05-16 12:27:03,2015-05-16,2015,2015-05,12,Saturday,Android,Twitter for Android,"I am in Iowa today, great STATE, fantastic PEOPLE! Many speeches, big crowds - all sold out! MAKE AMERICA GREAT AGAIN!",209,93,0.003214694792404771,0.00979694351553917,0.9869884252548218,0.983773730462417,Positive
600129413779423232,2015-05-18 02:42:56,2015-05-18,2015,2015-05,2,Monday,Android,Twitter for Android,"""""""@dcfoodsafety: Mr Trump - when are you announcing your candidacy so you can clean house on the current candidates? #Trump2016"""" Stay tuned""",64,26,0.011296101845800877,0.8654623627662659,0.12324158847332001,0.11194548662751913,Neutral
600545619263037440,2015-05-19 06:16:47,2015-05-19,2015,2015-05,6,Tuesday,Android,Twitter for Android,"""""""@Bobo_Shields: @realDonaldTrump is living proof that with hard work and dedication, you can accomplish your biggest dreams.""""""",49,26,0.002591551747173071,0.019047433510422707,0.9783610105514526,0.9757694588042796,Positive
600874098831523840,2015-05-20 04:02:03,2015-05-20,2015,2015-05,4,Wednesday,Android,Twitter for Android,"""""""@TBI_ArmyWife: Thank you for a wonderful gathering and for supporting the #HiddenHeroes. Proud to be a Texas Fellow @DoleFoundation""""""",37,14,0.0019876628648489714,0.008194638416171074,0.9898176789283752,0.9878300160635263,Positive
601155815467307009,2015-05-20 22:41:29,2015-05-20,2015,2015-05,22,Wednesday,Web,Twitter Web Client,I will be interviewed on @megynkelly's The Kelly File tonight. Be sure to watch on @FoxNews!,87,43,0.0022534735035151243,0.7443491220474243,0.2533974051475525,0.25114393164403737,Neutral
601269189945499648,2015-05-21 06:12:00,2015-05-21,2015,2015-05,6,Thursday,Android,Twitter for Android,"""""""@kissangel864: @realDonaldTrump @GameANew put your hat in the ring - I'll vote for you. Get busy trump""""""",16,12,0.13403357565402985,0.6299411654472351,0.23602524399757385,0.101991668343544,Neutral
601270074918445057,2015-05-21 06:15:31,2015-05-21,2015,2015-05,6,Thursday,Android,Twitter for Android,"""""""@YankeeRunnerLV:Whether you run or not(Praying U Do) your getting my vote.I am writing you in if you don't run.Your our best hope #Trump16""""""",16,13,0.018204418942332268,0.18121041357517242,0.800585150718689,0.7823807317763567,Positive
601963451683069952,2015-05-23 04:10:45,2015-05-23,2015,2015-05,4,Saturday,Android,Twitter for Android,"""""""@aa_trevino: @megynkelly @oreillyfactor Donald, it's more important for @oreillyfactor to have your views than viceversa, don't sweat it""""""",18,10,0.07897242903709412,0.5702726244926453,0.350754976272583,0.2717825472354889,Neutral
601965081941909504,2015-05-23 04:17:14,2015-05-23,2015,2015-05,4,Saturday,Android,Twitter for Android,"""""""@dfberger23: Wait @realDonaldTrump is really running for President? Just saw his campaign site!""",47,23,0.009971171617507935,0.6366806030273438,0.3533481955528259,0.343377023935318,Neutral
602253219272720384,2015-05-23 23:22:11,2015-05-23,2015,2015-05,23,Saturday,Android,Twitter for Android,"""""""@SeanlaiC: RT @JeanRalphiooo I would endorse @realDonaldTrump in a presidential run!""""""",22,14,0.004949100781232119,0.27291908860206604,0.7221317887306213,0.7171826879493892,Positive
603358499087745025,2015-05-27 00:34:10,2015-05-27,2015,2015-05,0,Wednesday,Android,Twitter for Android,"""""""@2014_vince: @realDonaldTrump bring jobs back from asia and mexico..vote trump for wage justice""""""",36,22,0.0761963352560997,0.5884391069412231,0.3353644907474518,0.2591681554913521,Neutral
603427160922128384,2015-05-27 05:07:00,2015-05-27,2015,2015-05,5,Wednesday,Android,Twitter for Android,"""""""@ashbakali: """"Sheer persistence is the difference between success and failure."""" Donald Trump""""""",110,96,0.1913159191608429,0.6270341277122498,0.18164996802806854,-0.009665951132774353,Neutral
603747762065256448,2015-05-28 02:20:58,2015-05-28,2015,2015-05,2,Thursday,Android,Twitter for Android,"""""""@bella270012: @realDonaldTrump @MELANIATRUMP @TrumpFerryPoint @jacknicklaus Beautiful Lady!""""""",18,10,0.005490497685968876,0.024895014241337776,0.9696144461631775,0.9641239484772086,Positive
603754737142525952,2015-05-28 02:48:41,2015-05-28,2015,2015-05,2,Thursday,Android,Twitter for Android,"""""""@VanityFair: Donald Trump has constructed a wonder of a golf course in the Bronx http://t.co/v0n9ZF1ttS http://t.co/YxweLz5UCj""""""",66,41,0.005719555076211691,0.4054867625236511,0.5887936949729919,0.5830741398967803,Positive
604912323694866433,2015-05-31 07:28:31,2015-05-31,2015,2015-05,7,Sunday,Android,Twitter for Android,"""""""@amazechristianl: @realDonaldTrump Are you happy with current polls? Congrats on the success so far.""""""",21,12,0.0018962232861667871,0.016692200675606728,0.9814116358757019,0.9795154125895351,Positive
605621402205597696,2015-06-02 06:26:08,2015-06-02,2015,2015-06,6,Tuesday,Android,Twitter for Android,"""""""@MasterBaxter8: @realDonaldTrump awaiting your response on June 16. You would be the best ever.""""""",30,15,0.002974789123982191,0.015556622296571732,0.9814685583114624,0.9784937691874802,Positive
606158326053916672,2015-06-03 17:59:41,2015-06-03,2015,2015-06,17,Wednesday,Web,Twitter Web Client,"Looking forward to visiting Mason City, Iowa, tomorrow. Will be my 8th day in the Hawkeye State this year! http://t.co/II29WqZ7WH",32,20,0.0011944957077503204,0.02005099318921566,0.978754460811615,0.9775599651038647,Positive
606224672053731331,2015-06-03 22:23:19,2015-06-03,2015,2015-06,22,Wednesday,Android,Twitter for Android,"""""""@123Jayne: @realDonaldTrump I have just one question please...will you be running for President 2016? We really need you!""""""",54,21,0.01075766421854496,0.23748351633548737,0.7517588138580322,0.7410011496394873,Positive
606678852388143105,2015-06-05 04:28:04,2015-06-05,2015,2015-06,4,Friday,Android,Twitter for Android,"""""""@Delna_42: DonaldTrump You're going to be the greatest President this country has ever seen. I hope you win. #Trump2016 #CommanderInChief""""""",56,20,0.0034044014755636454,0.01199006661772728,0.9846055507659912,0.9812011492904276,Positive
608981890440278016,2015-06-11 12:59:31,2015-06-11,2015,2015-06,12,Thursday,Web,Twitter Web Client,"""""""@hugshenderson @GolfMonthly @realDonaldTrump he's a legend. Does so much good for Scottish golf"""" Thanks.""",22,13,0.00427029887214303,0.019839754328131676,0.9758898615837097,0.9716195627115667,Positive
609399072097718275,2015-06-12 16:37:15,2015-06-12,2015,2015-06,16,Friday,Web,Twitter Web Client,Thanks. https://t.co/u4j2avDT65,62,25,0.008025143295526505,0.13583044707775116,0.856144368648529,0.8481192253530025,Positive
611934327581077504,2015-06-19 16:31:27,2015-06-19,2015,2015-06,16,Friday,Web,Twitter Web Client,"Almost every major dealmaker has used the bankruptcy laws as a business tool. Icahn, Black, Zell—but nobody says they went bankrupt!",321,188,0.46094033122062683,0.4803963899612427,0.05866324529051781,-0.402277085930109,Neutral
612787081975320576,2015-06-22 01:00:00,2015-06-22,2015,2015-06,1,Monday,Android,Twitter for Android,"""""""@JPJAC: @realDonaldTrump @FoxNews Why is it that FOX loved you until you declared as a candidate???"""" Good question!""",144,58,0.007784316316246986,0.06659542769193649,0.9256203174591064,0.9178360011428595,Positive
612790604616085506,2015-06-22 01:13:59,2015-06-22,2015,2015-06,1,Monday,Android,Twitter for Android,"""""""@sallyvp: @realDonaldTrump Mr. Trump tell America they are fired! Bring some respect and balls back to the USA.""""""",222,81,0.28034651279449463,0.48025432229042053,0.23939910531044006,-0.040947407484054565,Neutral
613167802334224385,2015-06-23 02:12:50,2015-06-23,2015,2015-06,2,Tuesday,Android,Twitter for Android,"""""""@MeaganShamy: .@ScottFordTVGuy @BrandenHarvey I was at @TrumpLasVegas when @realDonaldTrump announced president bid. He's got my vote.""",124,35,0.003237055381760001,0.11742059886455536,0.8793423771858215,0.8761053218040615,Positive
613168109596372992,2015-06-23 02:14:04,2015-06-23,2015,2015-06,2,Tuesday,Android,Twitter for Android,"""""""@WGinetta: WE ARE GONNA NEED @realDonaldTrump IN 2016 TO UN-NEGOTIATE EVERYTHING OBAMA SAID HE NEGOTIATED #MakeAmericaGreatAgain"""" True.""",308,133,0.10805734992027283,0.6198582053184509,0.27208441495895386,0.16402706503868103,Neutral
613367031950348288,2015-06-23 15:24:30,2015-06-23,2015,2015-06,15,Tuesday,Web,Twitter Web Client,"""""""@CWilliams_Rltr @realDonaldTrump. I am so happy you are running for President. You have my vote.""""""",164,40,0.0026111977640539408,0.01047130674123764,0.9869174957275391,0.9843062979634851,Positive
613449061761458176,2015-06-23 20:50:28,2015-06-23,2015,2015-06,20,Tuesday,Web,Twitter Web Client,"""""""@kolbytraveller #Trump is more than just talk. I hope he wins the election and gets something done for once in this country. #Trump2016""""""",376,194,0.29702019691467285,0.39531564712524414,0.3076641857624054,0.010643988847732544,Neutral
613539481967312896,2015-06-24 02:49:46,2015-06-24,2015,2015-06,2,Wednesday,Other,Instagram,"Speaking at the Red, White and Blue Dinner in Maryland- https://t.co/TzuXN715fQ",201,69,0.004387844819575548,0.9330406188964844,0.06257162243127823,0.05818377761170268,Neutral
613728505789042688,2015-06-24 15:20:52,2015-06-24,2015,2015-06,15,Wednesday,Web,Twitter Web Client,"""""""@tryeye @realDonaldTrump Very strong start, Mr. President!"""" Thanks.""",130,35,0.0027158360462635756,0.01412865612655878,0.9831554889678955,0.9804396529216319,Positive
614434531861512193,2015-06-26 14:06:22,2015-06-26,2015,2015-06,14,Friday,Web,Twitter Web Client,Once again the Bush appointed Supreme Court Justice John Roberts has let us down. Jeb pushed him hard! Remember!,867,670,0.8565973043441772,0.13118255138397217,0.012220080010592937,-0.8443772243335843,Negative
615136600574423041,2015-06-28 12:36:08,2015-06-28,2015,2015-06,12,Sunday,Android,Twitter for Android,"""""""@rtoneff25: @realDonaldTrump just kicked ass on Fox News. Guy is a winner"""" Thank you!""",205,74,0.003754778066650033,0.010216956958174706,0.986028254032135,0.982273475965485,Positive
615880366344302593,2015-06-30 13:51:36,2015-06-30,2015,2015-06,13,Tuesday,Web,Twitter Web Client,Thank you Ted. https://t.co/MVUzSAn6ru,1232,874,0.004337775986641645,0.03389919176697731,0.9617630839347839,0.9574253079481423,Positive
616775544777084928,2015-07-03 01:08:43,2015-07-03,2015,2015-07,1,Friday,Android,Twitter for Android,"""""""@clew136:DonaldTrump your charisma, confidence, leadership, and record of incredible success is exactly what this country needs #Trump2016""""""",349,147,0.0049456460401415825,0.02589748613536358,0.9691568613052368,0.9642112152650952,Positive
616775708170420224,2015-07-03 01:09:22,2015-07-03,2015,2015-07,1,Friday,Android,Twitter for Android,"""""""@PerryJames778: @Highlander6700 @Macys The media Loves to twist words, and so do the politicians. @realDonaldTrump will set it straight!""""""",240,87,0.6322896480560303,0.3361462652683258,0.03156409412622452,-0.6007255539298058,Negative
616825413998899200,2015-07-03 04:26:53,2015-07-03,2015,2015-07,4,Friday,Android,Twitter for Android,"""""""@Non_PC_Guy: @HoustonGunn @Macys In Chicago we're still mourning loss of once great Marshall Fields, to mediocre Macys. Screw Macys!""""""",247,92,0.91988205909729,0.06671468913555145,0.01340328250080347,-0.9064787765964866,Negative
616900314306867201,2015-07-03 09:24:31,2015-07-03,2015,2015-07,9,Friday,Android,Twitter for Android,"""""""@bperez733: @realDonaldTrump @Numerologynow Yes In Deed!! #TrumpforTriumph""""""",105,36,0.0026896505150943995,0.06909140199422836,0.9282189607620239,0.9255293102469295,Positive
617321142852952064,2015-07-04 13:16:44,2015-07-04,2015,2015-07,13,Saturday,Android,Twitter for Android,HAPPY 4TH OF JULY TO EVERYONE! MAKE AMERICA GREAT AGAIN!,4230,2328,0.0033587985672056675,0.01094750314950943,0.9856936931610107,0.9823348945938051,Positive
617458174375915520,2015-07-04 22:21:15,2015-07-04,2015,2015-07,22,Saturday,Android,Twitter for Android,"""""""@MikeG_Beats: @realDonaldTrump #Trump2016""""""",117,48,0.055642955005168915,0.9016622304916382,0.04269484058022499,-0.012948114424943924,Neutral
617465935369256960,2015-07-04 22:52:05,2015-07-04,2015,2015-07,22,Saturday,Android,Twitter for Android,"""""""@nolehace: @DCnumerology @VeneziaMatthew #Trump #thedonald 3M followers, ck the other candidates-do the math. #trump echoes Americans""""""",208,117,0.19701643288135529,0.7287760972976685,0.07420744746923447,-0.12280898541212082,Neutral
617889488702939136,2015-07-06 02:55:08,2015-07-06,2015,2015-07,2,Monday,Android,Twitter for Android,"""""""@tiffyluck: @realDonaldTrump God bless America and DonaldTrump. You have all of my support and that of all those who are fed up with DC.""""""",853,345,0.014222350902855396,0.0613594576716423,0.9244182109832764,0.910195860080421,Positive
618834822375579648,2015-07-08 17:31:33,2015-07-08,2015,2015-07,17,Wednesday,Web,Twitter Web Client,Via @businessinsider by @hunterw: “TRUMP UNLOADS: Hillary Clinton was 'the worst' and is 'extremely bad'” http://t.co/lPGSlczakP,458,307,0.7685816287994385,0.21842429041862488,0.012994160875678062,-0.7555874679237604,Negative
619589152091303936,2015-07-10 19:28:59,2015-07-10,2015,2015-07,19,Friday,Web,Twitter Web Client,"""""""@Mitestarossa Please follow @realDonaldTrump ...We already know what all the other politicians will do. #Trump2016 #MakeAmericaGreatAgain""""""",490,255,0.11277202516794205,0.5396019816398621,0.3476260006427765,0.23485397547483444,Neutral
619881244482863105,2015-07-11 14:49:40,2015-07-11,2015,2015-07,14,Saturday,Android,Twitter for Android,Getting ready to go to Las Vegas (Freedom Fest) - great crowd. Then on to amazing Phoenix - that will be a total happening! Love America.,868,314,0.002170486142858863,0.011578375473618507,0.9862511157989502,0.9840806296560913,Positive
619945962572787712,2015-07-11 19:06:50,2015-07-11,2015,2015-07,19,Saturday,Other,Twitter for BlackBerry,Legal immigrants want border security. It is common sense. We must build a wall! Let's Make America Great Again! http://t.co/I5CybmR0MF,3766,2775,0.02722601778805256,0.28039753437042236,0.692376434803009,0.6651504170149565,Positive
622096536504107008,2015-07-17 17:32:26,2015-07-17,2015,2015-07,17,Friday,Web,Twitter Web Client,We will no longer be silent. We can take our country back! Let’s Make America Great Again! https://t.co/u25yI6aIvG,1813,852,0.01189076155424118,0.13488702476024628,0.8532222509384155,0.8413314893841743,Positive
622254608790847488,2015-07-18 04:00:34,2015-07-18,2015,2015-07,4,Saturday,Android,Twitter for Android,"""""""@BillyParker03: @realDonaldTrump The @BillAndMoShow has your back! TRUMP FOR PREZ!""""""",361,107,0.0030561471357941628,0.07435978204011917,0.9225841164588928,0.9195279693230987,Positive
622401553022894081,2015-07-18 13:44:28,2015-07-18,2015,2015-07,13,Saturday,Android,Twitter for Android,"It's driving @ariannahuff &, the money losing @HuffingtonPost post crazy that I am #1 in their poll and they only write bad stories about me!",1570,644,0.9288647174835205,0.06370485574007034,0.007430393248796463,-0.921434324234724,Negative
623159198956810241,2015-07-20 15:55:05,2015-07-20,2015,2015-07,15,Monday,Web,Twitter Web Client,"""""""@Valenti317 @realDonaldTrump the left is petrified of you! Why else would they be attacking you so vigorously?""""""",619,268,0.9010958671569824,0.08769232779741287,0.011211710050702095,-0.8898841571062803,Negative
623366298358165504,2015-07-21 05:38:01,2015-07-21,2015,2015-07,5,Tuesday,Android,Twitter for Android,"""""""@AlbertoZambrano: @HeinzFGuderian Well get your facts straight. McCain was so bad he gave us Obama. He gave arms to Islamic terrorists""""""",651,301,0.909292995929718,0.08609862625598907,0.004608388524502516,-0.9046846074052155,Negative
623367395214802944,2015-07-21 05:42:23,2015-07-21,2015,2015-07,5,Tuesday,Android,Twitter for Android,"""""""@Tea_Party_Chris: @RepDavid @RepMattSalmon @RepTrentFranks @RealJamesWoods #Trump2016 #Trump #TrumpForPresident https://t.co/3EnJ5u4kzL""""""",224,272,0.013946170918643475,0.8036155104637146,0.18243834376335144,0.16849217284470797,Neutral
624048146100977664,2015-07-23 02:47:26,2015-07-23,2015,2015-07,2,Thursday,Android,Twitter for Android,.@AC360 Has the absolutely worst anti-Trump talking heads on his show. Dopey writer O'brian knows nothing about me or my wealth. A waste!,761,289,0.9457191228866577,0.04655611515045166,0.007724754046648741,-0.937994368840009,Negative
624402452863938560,2015-07-24 02:15:20,2015-07-24,2015,2015-07,2,Friday,Other,Twitter for BlackBerry,"You’re just not getting there @DanaPerino. Sometimes things just don’t work out, but don’t worry--- no problem!",432,119,0.7257542610168457,0.22586771845817566,0.04837806522846222,-0.6773761957883835,Negative
624615301695410177,2015-07-24 16:21:07,2015-07-24,2015,2015-07,16,Friday,Web,Twitter Web Client,Great read: “How New York's Veterans Day Parade Became 'America's Parade'” http://t.co/PuYQl4CRg3,363,187,0.002039420185610652,0.06267284601926804,0.9352877736091614,0.9332483534235507,Positive
624987427808124928,2015-07-25 16:59:49,2015-07-25,2015,2015-07,16,Saturday,Other,Twitter for BlackBerry,".@ScottWalker despite your coming to my office to give me an award, your very dumb fundraiser hit me very hard--- not smart!",671,399,0.9426969885826111,0.050204988569021225,0.007098041474819183,-0.9355989471077919,Negative
624995569757519872,2015-07-25 17:32:10,2015-07-25,2015,2015-07,17,Saturday,Other,Instagram,Packed venue of people who want to #MakeAmericaGreatAgain https://t.co/wisZRVAmPR,999,406,0.005685247015208006,0.12230377644300461,0.8720110058784485,0.8663257588632405,Positive
626453353741053952,2015-07-29 18:04:53,2015-07-29,2015,2015-07,18,Wednesday,Web,Twitter Web Client,This is an outrage! Bias-Free Language Guide claims the word 'American' is 'problematic' -- WHAT?! http://t.co/vKz8a0ICGs,921,811,0.933975338935852,0.060802120715379715,0.005222574807703495,-0.9287527641281486,Negative
626904854900928512,2015-07-30 23:58:59,2015-07-30,2015,2015-07,23,Thursday,iPhone,Twitter for iPhone,Thank you. https://t.co/BbD9deWjbQ,592,181,0.008239530958235264,0.07396093755960464,0.9177995324134827,0.9095600014552474,Positive
628049073350836224,2015-08-03 03:45:42,2015-08-03,2015,2015-08,3,Monday,Android,Twitter for Android,"""""""@bdean1468: @realDonaldTrump @CoachZachCooper AMERICA WANTS TRUMP""""""",430,170,0.019220633432269096,0.5947129726409912,0.38606637716293335,0.36684574373066425,Neutral
628395884213063684,2015-08-04 02:43:48,2015-08-04,2015,2015-08,2,Tuesday,Android,Twitter for Android,"""""""@bedard_nancy: @realDonaldTrump TRUMP STANDS FOR TRUTH""""""",913,328,0.014082180336117744,0.5167025327682495,0.4692152142524719,0.4551330339163542,Neutral
628676767461605376,2015-08-04 21:19:56,2015-08-04,2015,2015-08,21,Tuesday,Web,Twitter Web Client,I will be on @oreillyfactor tonight on @FoxNews at 8 PM and 11 PM.,1327,538,0.0029091937467455864,0.8907883167266846,0.10630247741937637,0.10339328367263079,Neutral
628706891712040960,2015-08-04 23:19:38,2015-08-04,2015,2015-08,23,Tuesday,Android,Twitter for Android,"""""""@TrumpsGucciGirl: @realDonaldTrump: oh yeah @megynkelly you don't want it to be all about Trump- he's # 1 not #17""",447,147,0.492410808801651,0.470059871673584,0.037529364228248596,-0.4548814445734024,Negative
628937883676745728,2015-08-05 14:37:31,2015-08-05,2015,2015-08,14,Wednesday,Web,Twitter Web Client,Do you notice that Hillary spews out Jeb's name as often as possible in order to give him status? She knows Trump is her worst nightmare.,4579,2206,0.7244952321052551,0.2556515336036682,0.0198532622307539,-0.7046419698745012,Negative
629083899554041856,2015-08-06 00:17:44,2015-08-06,2015,2015-08,0,Thursday,Android,Twitter for Android,"""""""@Women4Trump: @realDonaldTrump @SemiNoland Yup. And Clinton's leaked meeting with The Donald because they are skeered of all his support.""""""",459,142,0.5665309429168701,0.4019341766834259,0.031534869223833084,-0.534996073693037,Negative
629578878307147776,2015-08-07 09:04:36,2015-08-07,2015,2015-08,9,Friday,Android,Twitter for Android,"""""""@Southern_Anon63: I am a stone cold down to the bone democrat. But I will be voting @realDonaldTrump on Election Day.""""""",1900,600,0.07292552292346954,0.6144108772277832,0.31266361474990845,0.2397380918264389,Neutral
630223393774825472,2015-08-09 03:45:40,2015-08-09,2015,2015-08,3,Sunday,Android,Twitter for Android,"Small crowds at @RedState today in Atlanta. People were very angry at EWErickson, a major sleaze and buffoon who has saved me time and money",3927,1567,0.833506166934967,0.14029738306999207,0.02619636245071888,-0.8073098044842482,Negative
630292874702290944,2015-08-09 08:21:46,2015-08-09,2015,2015-08,8,Sunday,Android,Twitter for Android,"""""""@CommissarOfGG: You are being attacked from all sides, yet you have the people's hearts. Just be calm and trust yourself. We love you.""""""",2095,724,0.0499885156750679,0.20955251157283783,0.7404589653015137,0.6904704496264458,Positive
633695559900073984,2015-08-18 17:42:49,2015-08-18,2015,2015-08,17,Tuesday,Web,Twitter Web Client,"When foreigners attend our great colleges &, want to stay in the U.S., they should not be thrown out of our country.",30261,16879,0.1462678164243698,0.7032037377357483,0.1505284309387207,0.004260614514350891,Neutral
634188984097337344,2015-08-20 02:23:31,2015-08-20,2015,2015-08,2,Thursday,iPhone,Twitter for iPhone,Another great poll result! Thank you! http://t.co/loMirPFLIZ,3428,1863,0.0031331332866102457,0.009359853342175484,0.9875069856643677,0.9843738523777574,Positive
635994853743136768,2015-08-25 01:59:24,2015-08-25,2015,2015-08,1,Tuesday,Android,Twitter for Android,"""""""@MikeRaj7: @megynkelly Show has become a opinion show. Leading questions, Stirrwalt and Thiessen, used, Fair and balanced, NOT""""""",1056,628,0.6923359632492065,0.2907652258872986,0.01689879223704338,-0.6754371710121632,Negative
635996776835776512,2015-08-25 02:07:02,2015-08-25,2015,2015-08,2,Tuesday,Android,Twitter for Android,"""""""@toneantone96: @realDonaldTrump No man or women on this Planet can give us back America with the exception of @realDonaldTrump Leadership!""",1192,604,0.7319607138633728,0.2300342321395874,0.03800506517291069,-0.6939556486904621,Negative
635998754546548737,2015-08-25 02:14:54,2015-08-25,2015,2015-08,2,Tuesday,Android,Twitter for Android,"""""""@YoungYoung54: @JeriHyatt @megynkelly @JebBush So true. Jeb Bush is crazy, who cares that he speaks Mexican, this is America, English !!""""""",2931,1723,0.8209444880485535,0.15170708298683167,0.027348417788743973,-0.7935960702598095,Negative
636160656673255424,2015-08-25 12:58:14,2015-08-25,2015,2015-08,12,Tuesday,Android,Twitter for Android,"""""""@ASA_Patriot: @realDonaldTrump @PatrickStinard @megynkelly I could not agree more ! I now flip to other channels at 9:00pm""""""",1014,625,0.005876120645552874,0.0883357971906662,0.905788004398346,0.8999118837527931,Positive
636902595353812993,2015-08-27 14:06:26,2015-08-27,2015,2015-08,14,Thursday,Web,Twitter Web Client,The press has very inaccurately covered this event - see for yourself! https://t.co/z00nIlB7NI,2084,1413,0.8613536953926086,0.13042192161083221,0.008224382065236568,-0.8531293133273721,Negative
637057935198277632,2015-08-28 00:23:42,2015-08-28,2015,2015-08,0,Friday,Android,Twitter for Android,"""""""@irisodle: Love you man! I'm one of the silent majority that's so excited to finally have us a spokesman! Behind you all the way!""""""",1939,737,0.003504339838400483,0.009326119907200336,0.9871695041656494,0.9836651643272489,Positive
637598518123868160,2015-08-29 12:11:47,2015-08-29,2015,2015-08,12,Saturday,Android,Twitter for Android,"""""""@joehos18: BOOM - Univision Reluctantly Reports Donald Trump Leading With Latino Republicans.... http://t.co/MmsebE0LPP via @thelastrefuge2""",2914,2087,0.20029957592487335,0.7514641880989075,0.048236262053251266,-0.15206331387162209,Neutral
638297160992358400,2015-08-31 10:27:56,2015-08-31,2015,2015-08,10,Monday,Android,Twitter for Android,Loved being with my many friends in Tennessee. The crowd and enthusiasm was fantastic. I won the straw poll big!,2817,1170,0.0033056156244128942,0.007302709389477968,0.9893916845321655,0.9860860689077526,Positive
638647705833705472,2015-09-01 09:40:53,2015-09-01,2015,2015-09,9,Tuesday,Android,Twitter for Android,"""""""@BelAirCA: Only Trump is capable of cleaning up the mess America is in, that's why he has my vote! #MakeAmericaGreatAgain #Trump So true!""",2293,1594,0.01057425606995821,0.03335650637745857,0.9560692310333252,0.945494974963367,Positive
638876473668014080,2015-09-02 00:49:55,2015-09-02,2015,2015-09,0,Wednesday,Android,Twitter for Android,Why does @oreillyfactor and @FoxNews always have Karl Rove on. He spent $430 million and lost ALL races. A dope who said Romney won election,4299,2898,0.9041088819503784,0.08820267766714096,0.007688469253480434,-0.896420412696898,Negative
639023740605612032,2015-09-02 10:35:06,2015-09-02,2015,2015-09,10,Wednesday,Android,Twitter for Android,"""""""@DRUDGE_REPORT: MEGYN KELLY TOP OF CABLE NEWS... http://t.co/ExfY7Q6C73"""" Megyn, say """"thank you Donald!"""" @FoxNews also should say """"thanks!""""""",1596,695,0.005432736128568649,0.11076890677213669,0.8837983012199402,0.8783655650913715,Positive
639499842763497473,2015-09-03 18:06:58,2015-09-03,2015,2015-09,18,Thursday,Other,Periscope,LIVE on #Periscope: Watch major press conference live from @TrumpTowerNY now! #MakeAmericaGreatAgain https://t.co/wwdgQKEHD3,1295,780,0.002773950109258294,0.49260857701301575,0.5046175122261047,0.5018435621168464,Positive
640965702720073729,2015-09-07 19:11:46,2015-09-07,2015,2015-09,19,Monday,Android,Twitter for Android,"""""""@georgeokc: @realDonaldTrump @libertyladyusa For my mind, do whatever you think is right, you have nothing to prove, just save our nation.""""""",1106,535,0.06385879218578339,0.6241921186447144,0.3119490444660187,0.2480902522802353,Neutral
640984209042112512,2015-09-07 20:25:19,2015-09-07,2015,2015-09,20,Monday,Android,Twitter for Android,Looking forward to being with @SenTedCruz at our big rally in D.C. on Wednesday (1:00 P.M. at the Capitol) to protest insane Iran nuke deal!,3795,2140,0.00873431283980608,0.12430918961763382,0.8669565320014954,0.8582222191616893,Positive
642472297903857664,2015-09-11 22:58:27,2015-09-11,2015,2015-09,22,Friday,Android,Twitter for Android,The Tonight Show @nbc will be amazing - 11:30 P.M. ENJOY!,1917,1203,0.0020675063133239746,0.00735138263553381,0.9905810952186584,0.9885135889053345,Positive
642788935530344448,2015-09-12 19:56:39,2015-09-12,2015,2015-09,19,Saturday,iPhone,Twitter for iPhone,"I truly understood the appeal of Ron Paul, but his son, @RandPaul, didn't get the right gene.",2978,1622,0.7146565914154053,0.2561527192592621,0.029190702363848686,-0.6854658890515566,Negative
643511144150376449,2015-09-14 19:46:27,2015-09-14,2015,2015-09,19,Monday,Web,Twitter Web Client,Looking forward to joining @V4SA Tuesday 9/15 in L.A. aboard the @USSIowa - The Battleship of Presidents! Join us! http://t.co/oiPQsJt7fh,1156,829,0.0012018895940855145,0.03511665761470795,0.9636814594268799,0.9624795698327944,Positive
643846888387649536,2015-09-15 18:00:34,2015-09-15,2015,2015-09,18,Tuesday,Web,Twitter Web Client,"The polls are really looking good—#1 everywhere despite all lobbyist &, special interest $ being spent against me. I’m turning down millions.",3876,1920,0.02741512842476368,0.08864139765501022,0.883943498134613,0.8565283697098494,Positive
644594974542176256,2015-09-17 19:33:12,2015-09-17,2015,2015-09,19,Thursday,Web,Twitter Web Client,Will be interviewed tonight by @seanhannity on @FoxNews at 10 PM. Enjoy!,2574,1462,0.0017754328437149525,0.1312027871608734,0.8670218586921692,0.8652464258484542,Positive
645762321755807744,2015-09-21 00:51:49,2015-09-21,2015,2015-09,0,Monday,Android,Twitter for Android,"I have been leading big in all polls, with two more today, @nbc and @CNN. The NBC poll is more than double next, at 29%. Fiorina has 11%.",3072,1820,0.002748321508988738,0.09490681439638138,0.902344822883606,0.8995965013746172,Positive
645994430554632192,2015-09-21 16:14:08,2015-09-21,2015,2015-09,16,Monday,Web,Twitter Web Client,Has the media picked up the new Zogby poll that was just put out? I doubt it! http://t.co/YAZyKwVxNJ,1354,739,0.5249654650688171,0.44847163558006287,0.026562897488474846,-0.4984025675803423,Negative
646015127293161472,2015-09-21 17:36:23,2015-09-21,2015,2015-09,17,Monday,Other,Twitter Mirror for iPad,"I just wrapped up a Q&,A @TwitterNYC. Thanks for all your questions! #AskTrump http://t.co/zpbcRHfxy6",2333,728,0.003633271437138319,0.1595199704170227,0.8368467688560486,0.8332134974189103,Positive
646117841066967040,2015-09-22 00:24:32,2015-09-22,2015,2015-09,0,Tuesday,Android,Twitter for Android,"""""""@alivelutheran: @TODAYshow touts CNN polls instead of their own!! Of course, the NBC one shows him much higher. Trump corrects them!""",1338,489,0.19624494016170502,0.502918541431427,0.3008365333080292,0.10459159314632416,Neutral
646504336940531712,2015-09-23 02:00:20,2015-09-23,2015,2015-09,2,Wednesday,Android,Twitter for Android,Do you ever notice that lightweight @megynkelly constantly goes after me but when I hit back it is totally sexist. She is highly overrated!,5377,2210,0.9311907887458801,0.059830084443092346,0.008979050442576408,-0.9222117383033037,Negative
646721413202747392,2015-09-23 16:22:55,2015-09-23,2015,2015-09,16,Wednesday,Web,Twitter Web Client,Wow! What a great night. Thank you to all of the viewers and congratulations to @StephenAtHome http://t.co/5rq2iMpHx6 @colbertlateshow,2698,1605,0.003232950111851096,0.0090731056407094,0.9876939058303833,0.9844609557185322,Positive
647250131365036033,2015-09-25 03:23:51,2015-09-25,2015,2015-09,3,Friday,Android,Twitter for Android,"Just watched @marcorubio on television. Just another all talk, no action, politician. Truly doesn't have a clue! Worst voting record in Sen.",3270,1710,0.9464351534843445,0.04638993367552757,0.007174973841756582,-0.9392601796425879,Negative
647914978557698049,2015-09-26 23:25:43,2015-09-26,2015,2015-09,23,Saturday,Android,Twitter for Android,Hope we all enjoy @60Minutes tomorrow night. I do believe they will treat me fairly!,3409,2097,0.0025889985263347626,0.009912458248436451,0.9874985814094543,0.9849095828831196,Positive
648324747948879872,2015-09-28 02:33:59,2015-09-28,2015,2015-09,2,Monday,Android,Twitter for Android,"""""""@AdiosLiberty: @60Minutes @realDonaldTrump @ScottPelley Haven't seen that much hatred in an interviewer since the 1st debate. #trump2016""""""",1634,1064,0.7881201505661011,0.19348105788230896,0.01839880459010601,-0.7697213459759951,Negative
648880071105769472,2015-09-29 15:20:39,2015-09-29,2015,2015-09,15,Tuesday,Web,Twitter Web Client,"Definitely watch @Carl_C_Icahn ‘s ‘Danger Ahead’. Very insightful, particularly on how corp inversions hurt America: http://t.co/PJN89SwvTF",1588,1645,0.014698920771479607,0.1851230263710022,0.8001781105995178,0.7854791898280382,Positive
649718574790148097,2015-10-01 22:52:34,2015-10-01,2015,2015-10,22,Thursday,Android,Twitter for Android,"""""""@barreto_eugenio: @MittRomney it's sad, but GOP does not want you as their candidate. But we the people do. Latinos for Trump.""""""",1417,877,0.8585238456726074,0.12866276502609253,0.012813389301300049,-0.8457104563713074,Negative
650106631800422404,2015-10-03 00:34:34,2015-10-03,2015,2015-10,0,Saturday,Android,Twitter for Android,"""""""@swterry91: Donald Trump Leads by 9 Points in Pew Poll – Jeb Bush in Free Fall #tcot http://t.co/uyxre0ei92""""""",1290,881,0.020222395658493042,0.9179335236549377,0.061844099313020706,0.041621703654527664,Neutral
651200383734288384,2015-10-06 01:00:44,2015-10-06,2015,2015-10,1,Tuesday,Android,Twitter for Android,"""""""@Raddmom: @realDonaldTrump - don't let the media &, the @GOP elites push you out- Americans are with you!"""" Thanks, I won't!""",1427,918,0.06252709031105042,0.24915911257266998,0.6883137822151184,0.625786691904068,Positive
651202282155937792,2015-10-06 01:08:17,2015-10-06,2015,2015-10,1,Tuesday,Android,Twitter for Android,"""""""@jaxx613: @realDonaldTrump @Renhowe @donlemon @CNN . Mark Levin interview was great""""""",1164,760,0.002089862944558263,0.014290898106992245,0.9836192727088928,0.9815294097643346,Positive
651360060396937216,2015-10-06 11:35:14,2015-10-06,2015,2015-10,11,Tuesday,Android,Twitter for Android,"""""""@Nay_2xTimes: Great interview on #NewDay @realDonaldTrump #MakeAmericaGreatAgain""""""",815,278,0.0026095740031450987,0.012844149023294449,0.9845463037490845,0.9819367297459394,Positive
651536213472583680,2015-10-06 23:15:12,2015-10-06,2015,2015-10,23,Tuesday,Android,Twitter for Android,"""""""@Jrdavisii: @realDonaldTrump was great! @stephenfhayes is jealous that Trump didn't mention him. It's because SH is so wrong!""",765,522,0.31433987617492676,0.20347054302692413,0.4821895956993103,0.16784971952438354,Positive
652159403748016128,2015-10-08 16:31:33,2015-10-08,2015,2015-10,16,Thursday,Android,Twitter for Android,"Great, Kevin McCarthy drops out of SPEAKER race. We need a really smart and really tough person to take over this very important job!",2612,1508,0.12369716912508011,0.29395943880081177,0.5823433995246887,0.4586462303996086,Positive
652163542418747393,2015-10-08 16:47:59,2015-10-08,2015,2015-10,16,Thursday,Android,Twitter for Android,"""""""@MidOhioMilitia: I haven't missed a speech or interview. Love hearing you speak for ME! #Trump2016 #MakeAmericaGreatAgain #IBelieve""""""",987,597,0.004024502821266651,0.013611599802970886,0.9823639392852783,0.9783394364640117,Positive
652164424812244992,2015-10-08 16:51:30,2015-10-08,2015,2015-10,16,Thursday,Android,Twitter for Android,"""""""@GaryGaryt52: @DanScavino @JudiLoera @realDonaldTrump WHEN IS TRUMP COMING TO FLORIDA? CAN'T WAIT.GO TRUMP! . FL FOR TRUMP""",972,584,0.0018791730981320143,0.018710993230342865,0.9794098138809204,0.9775306407827884,Positive
652540115672297472,2015-10-09 17:44:21,2015-10-09,2015,2015-10,17,Friday,Web,Twitter Web Client,I will be interviewed on @FacetheNation Sunday 10AM on CBS. @johndickerson is a true pro!,1041,641,0.0022005706559866667,0.07194368541240692,0.9258557558059692,0.9236551851499826,Positive
652568048088543232,2015-10-09 19:35:21,2015-10-09,2015,2015-10,19,Friday,Web,Twitter Web Client,"""""""@ept_rudyru @AnnCoulter I'm Hispanic &, @realDonaldTrump has my vote! And a lot of other Hispanics here in the Borderland! """"""",1100,642,0.004938669502735138,0.20913881063461304,0.7859224677085876,0.7809837982058525,Positive
652569270757539841,2015-10-09 19:40:12,2015-10-09,2015,2015-10,19,Friday,Web,Twitter Web Client,Thank you. https://t.co/VSsa4N3OL7,875,427,0.008239530958235264,0.07396093755960464,0.9177995324134827,0.9095600014552474,Positive
652583110861787136,2015-10-09 20:35:12,2015-10-09,2015,2015-10,20,Friday,Web,Twitter Web Client,"New Gravis Poll in NH just out: Trump 32%, Carson 13% http://t.co/mJcWOEijkv",1644,1032,0.01231556385755539,0.9259679913520813,0.06171645224094391,0.04940088838338852,Neutral
652668174522023936,2015-10-10 02:13:13,2015-10-10,2015,2015-10,2,Saturday,Android,Twitter for Android,"""Will be interviewed on """"Media Buzz"""" with Howie Kurtz on Fox, Sunday at 11:00 A.M.""",1030,511,0.002983198268339038,0.9237121939659119,0.07330463081598282,0.07032143254764378,Neutral
652924519913529344,2015-10-10 19:11:50,2015-10-10,2015,2015-10,19,Saturday,iPhone,Twitter for iPhone,Will be interviewed on @FaceTheNation with @JDickerson tomorrow at 10:30am EST. Enjoy!,1172,593,0.00162618572358042,0.10425976663827896,0.8941140174865723,0.8924878317629918,Positive
653387672891822080,2015-10-12 01:52:15,2015-10-12,2015,2015-10,1,Monday,Android,Twitter for Android,"Great, everyone is saying I did much better on @60Minutes last week than President Obama did tonight. I agree!",4902,1824,0.006630903575569391,0.01976177841424942,0.9736072421073914,0.966976338531822,Positive
653619468124450816,2015-10-12 17:13:19,2015-10-12,2015,2015-10,17,Monday,Web,Twitter Web Client,"""""""@CFT1 @realDonaldTrump doing a great job in New Hampshire today ! #MakeAmericaGreatAgain""""""",1272,572,0.002312320051714778,0.012625958770513535,0.9850617051124573,0.9827493850607425,Positive
653774646064627712,2015-10-13 03:29:56,2015-10-13,2015,2015-10,3,Tuesday,Android,Twitter for Android,"""""""@kyredblood: @realDonaldTrump Great Fox interview"""" @seanhannity""",798,375,0.0028088402468711138,0.014701630920171738,0.9824895858764648,0.9796807456295937,Positive
654087813797945344,2015-10-14 00:14:21,2015-10-14,2015,2015-10,0,Wednesday,Android,Twitter for Android,"""""""@MintzShire: @realDonaldTrump @007lLisav @CNN @CNNPolitics We need Trump Now!!!"""" Make America Great Again!""",1737,667,0.007721323054283857,0.0971556231379509,0.8951230645179749,0.887401741463691,Positive
654113273105776640,2015-10-14 01:55:31,2015-10-14,2015,2015-10,1,Wednesday,Android,Twitter for Android,Good move by Bernie S.,8138,4612,0.007153057958930731,0.05213332548737526,0.94071364402771,0.9335605860687792,Positive
654126516155097088,2015-10-14 02:48:09,2015-10-14,2015,2015-10,2,Wednesday,Android,Twitter for Android,"""""""@suzyserb: @realDonaldTrump 100,000 people watching tonight for real change. THAT WOULD BE TRUMP 2016. Checking out the clown competition""",2444,828,0.1013667955994606,0.42737138271331787,0.4712618589401245,0.3698950633406639,Positive
654836284851101696,2015-10-16 01:48:31,2015-10-16,2015,2015-10,1,Friday,Android,Twitter for Android,"""""""@RedScareBot: @brandongordy1: @realDonaldTrump is what we millennials need. I used to support that socialist from VT, what a mistake.""""""",1145,537,0.8445560932159424,0.1325724720954895,0.022871414199471474,-0.8216846790164709,Negative
655160625912520705,2015-10-16 23:17:20,2015-10-16,2015,2015-10,23,Friday,iPhone,Twitter for iPhone,In Massachusetts --- the place is packed! #MakeAmericaGreatAgain,2839,1118,0.008354873396456242,0.16991214454174042,0.8217329978942871,0.8133781244978309,Positive
655515187525656576,2015-10-17 22:46:14,2015-10-17,2015,2015-10,22,Saturday,Android,Twitter for Android,"""""""@aspiesmom: NYPost """"gets it"""", you talk like a New Yorker. My Dad is a Democrat Long-Islander, he """"gets it"""" too, and you've got his vote""""""",1509,699,0.04396672546863556,0.35646432638168335,0.5995689034461975,0.555602177977562,Positive
655823759341940736,2015-10-18 19:12:23,2015-10-18,2015,2015-10,19,Sunday,Android,Twitter for Android,"""Just reported by CNN that """"the Trump halo effect"""" caused a record-shattering Democratic Debate rating of 15.3 million viewers. So true!""",1868,791,0.03220505639910698,0.34964126348495483,0.6181536912918091,0.5859486348927021,Positive
655907035331108864,2015-10-19 00:43:18,2015-10-19,2015,2015-10,0,Monday,Android,Twitter for Android,"""""""@SweetFreedom29: Hey @realDonaldTrump -->, FLASHBACK: Jeb Bush Admitted ‘Leaky’ Immigration Led to 9/11 http://t.co/Jmm7wd32UD #tcot"""" WOW!""",1340,996,0.45101597905158997,0.49331289529800415,0.05567115917801857,-0.3953448198735714,Neutral
656188344334987264,2015-10-19 19:21:07,2015-10-19,2015,2015-10,19,Monday,Web,Twitter Web Client,"""Via @IBTimes: """"Under Fire From Donald Trump, Jeb Bush Focuses On 9/11 Even Though Hijackers Got Florida Licenses""""https://t.co/a9s6mHsk07""",1791,1257,0.39097699522972107,0.5951274037361145,0.013895615935325623,-0.37708137929439545,Neutral
656302737685139461,2015-10-20 02:55:40,2015-10-20,2015,2015-10,2,Tuesday,Android,Twitter for Android,"""""""@Trump4potusplz: Had to join Twitter for the first time just to support Donald @realDonaldTrump . TRUMP 2016"""" Great!""",1623,659,0.00305608450435102,0.035230811685323715,0.9617131352424622,0.9586570507381111,Positive
656302930535055360,2015-10-20 02:56:26,2015-10-20,2015,2015-10,2,Tuesday,Android,Twitter for Android,"""""""@nickmichaels12: Since late July 2015, DJT consistently been the front-runner in public opinion polls for the Republican Party nomination.""",1572,724,0.004513268359005451,0.5273006558418274,0.46818608045578003,0.4636728120967746,Neutral
658831867429462016,2015-10-27 02:25:32,2015-10-27,2015,2015-10,2,Tuesday,Android,Twitter for Android,"""""""@TheJusticeEngle: @realDonaldTrump I'm 18 years old from Florida, and just registered to vote. You got my vote in the primaries!"""" THANKS.""",1855,730,0.0031140572391450405,0.056897662580013275,0.9399883151054382,0.9368742578662932,Positive
659082740042743808,2015-10-27 19:02:25,2015-10-27,2015,2015-10,19,Tuesday,Android,Twitter for Android,"""""""@Rketeltas: @realDonaldTrump At least the real frontrunner is actually campaigning in Iowa and not on book tours. TRUMP 2016!""""""",2271,1083,0.0468367375433445,0.3715684413909912,0.5815948843955994,0.5347581468522549,Positive
659396188681060352,2015-10-28 15:47:57,2015-10-28,2015,2015-10,15,Wednesday,Android,Twitter for Android,"""""""@Vaporcon2015: @realDonaldTrump The Liberals are terrified that you'll be the one to go against Hillary.""",1605,716,0.8118357062339783,0.177094504237175,0.011069798842072487,-0.8007659073919058,Negative
659577768833781760,2015-10-29 03:49:29,2015-10-29,2015,2015-10,3,Thursday,Android,Twitter for Android,"""""""@rfscottga: @realDonaldTrump Congrats Mr. Trump. You did great tonight. You made us ALL proud :) YES! SAYING IT AGAIN....Trump #1""""""",1669,657,0.0027499767020344734,0.009759316220879555,0.987490713596344,0.9847407368943095,Positive
659713683249991680,2015-10-29 12:49:33,2015-10-29,2015,2015-10,12,Thursday,Android,Twitter for Android,"""""""@HorseShort: @jstaggs362 @sburton305 @Vermont5girl @realDonaldTrump #TRUMP IS TRUTH! We want #Trump! 🚂🇺🇸🎈""""""",1464,905,0.0036600567400455475,0.04534519836306572,0.9509947896003723,0.9473347328603268,Positive
659720309143007233,2015-10-29 13:15:53,2015-10-29,2015,2015-10,13,Thursday,Android,Twitter for Android,"""""""@eVDefuse: @realDonaldTrump they should just let you be president already, you're already leading in the polls.""""""",1051,426,0.07409325987100601,0.4555915892124176,0.47031521797180176,0.39622195810079575,Positive
659740714490687488,2015-10-29 14:36:58,2015-10-29,2015,2015-10,14,Thursday,Android,Twitter for Android,"""""""@agentvf: @realDonaldTrump Stay strong and get ready for next debate. Great job last night.""""""",1008,404,0.002817015629261732,0.02104002796113491,0.9761428833007812,0.9733258676715195,Positive
660183923205492737,2015-10-30 19:58:07,2015-10-30,2015,2015-10,19,Friday,Web,Twitter Web Client,Via The Political Insider: “Donald Trump Just Received The Best News Possible!” https://t.co/kFa5wxUXqE,1681,948,0.0019110353896394372,0.02349388226866722,0.9745950698852539,0.9726840344956145,Positive
660433250423341057,2015-10-31 12:28:51,2015-10-31,2015,2015-10,12,Saturday,Android,Twitter for Android,"I am leaving for Norfolk, Virginia - the great battleship U.S.S. Wisconsin - for a big rally and really big crowd. See you soon!",2242,954,0.0026532174088060856,0.098649762570858,0.898697018623352,0.896043801214546,Positive
660601999445114881,2015-10-31 23:39:24,2015-10-31,2015,2015-10,23,Saturday,Android,Twitter for Android,"""""""@TheMsDlr: Donald Trump Releases Plan to Reform Veterans Affairs - ABC News - https://t.co/MDArX5HKNk via @ABC""""""",1458,884,0.004835567437112331,0.8186355829238892,0.1765289157629013,0.17169334832578897,Neutral
660969740236623872,2015-11-02 00:00:40,2015-11-02,2015,2015-11,0,Monday,Android,Twitter for Android,"While in politics it is often smart to send out false messages, one thing is clear: That Hillary does not want to run against TRUMP.",4292,1821,0.5331943035125732,0.4375096261501312,0.02929605543613434,-0.5038982480764389,Negative
661157516009697281,2015-11-02 12:26:50,2015-11-02,2015,2015-11,12,Monday,Android,Twitter for Android,"""""""@Morning_Joe: Online poll: @realDonaldTrump 'best to handle economy' by far https://t.co/SZvSzNzoIk"""" Very true, thanks!""",2522,1497,0.0033243626821786165,0.04366818815469742,0.9530074596405029,0.9496830969583243,Positive
662197583398477824,2015-11-05 09:19:41,2015-11-05,2015,2015-11,9,Thursday,Android,Twitter for Android,"""""""@curtismuddog: @destiny @seanhannity JEB'S! Whole campaign is fueled by lies. Just like his brother lied about Iraq. BUSH DYNASTY=LIES""""""",1153,553,0.9413931965827942,0.05242598429322243,0.006180817726999521,-0.9352123788557947,Negative
662567885051699200,2015-11-06 09:51:08,2015-11-06,2015,2015-11,9,Friday,Android,Twitter for Android,"""""""@reganharycki: @realDonaldTrump it's about time we find a republican that can take on the democrats! https://t.co/lfI1rUjWRV""""""",1006,610,0.08255881816148758,0.6093176007270813,0.3081235885620117,0.22556477040052414,Neutral
662688794806755328,2015-11-06 17:51:35,2015-11-06,2015,2015-11,17,Friday,Android,Twitter for Android,"""""""@CaptainMark_: @Robostop10 KEEP IT COMMING TRUMP!!!! People need to be warned about that Carson figure who is not who they think!""""""",1030,468,0.4138287901878357,0.4828689396381378,0.10330230742692947,-0.3105264827609062,Neutral
663075027210903552,2015-11-07 19:26:20,2015-11-07,2015,2015-11,19,Saturday,Android,Twitter for Android,"""""""@RealCinders2: @realDonaldTrump use SNL to tell Hispanics you are for them , you want them to have jobs and be here legally"""" Great idea!""",1420,653,0.005713685881346464,0.07639370858669281,0.9178926348686218,0.9121789489872754,Positive
664104624715128832,2015-11-10 15:37:35,2015-11-10,2015,2015-11,15,Tuesday,Android,Twitter for Android,"""""""@ray_aub: Funny all the real polls have @realDonaldTrump way ahead.""",1720,765,0.07206742465496063,0.4209121763706207,0.5070203542709351,0.4349529296159744,Positive
664625646761545729,2015-11-12 02:07:56,2015-11-12,2015,2015-11,2,Thursday,Android,Twitter for Android,"""""""@frankieguy85: This 92-Year-Old Woman Registered to Vote Just to Cast a Ballot for Trump https://t.co/6REhiGankb""""""",2177,978,0.15242049098014832,0.81727534532547,0.03030421771109104,-0.12211627326905727,Neutral
664771064988332032,2015-11-12 11:45:47,2015-11-12,2015,2015-11,11,Thursday,Android,Twitter for Android,"The @WSJ Editorial Board is so wrong, so often. They got info from an incorrect story in another pub. Why not watch and listen to debate.",1596,710,0.9092466831207275,0.08610960096120834,0.004643684718757868,-0.9046029984019697,Negative
664787273184108545,2015-11-12 12:50:11,2015-11-12,2015,2015-11,12,Thursday,Android,Twitter for Android,"We, as a country, either have borders or we don't. IF WE DON'T HAVE BORDERS, WE DON'T HAVE A COUNTRY!",9492,4783,0.7045062780380249,0.278613418340683,0.01688031665980816,-0.6876259613782167,Negative
664820082325893121,2015-11-12 15:00:34,2015-11-12,2015,2015-11,15,Thursday,Android,Twitter for Android,.@KarlRove is a biased dope who wrote falsely about me re China and TPP. This moron wasted $430 million on political campaigns and lost 100%,3348,1583,0.9473637938499451,0.04707574471831322,0.005560448858886957,-0.9418033449910581,Negative
665286593025036289,2015-11-13 21:54:18,2015-11-13,2015,2015-11,21,Friday,iPhone,Twitter for iPhone,"Boy is this guy @ShepNewsTeam tough on me. So totally biased. As a reporter, he should be ashamed of himself! #Trump2016",3420,1192,0.9445526599884033,0.04893882945179939,0.006508471444249153,-0.9380441885441542,Negative
665776320580878336,2015-11-15 06:20:19,2015-11-15,2015,2015-11,6,Sunday,Android,Twitter for Android,"""""""@mnrosrnr: @realDonaldTrump the best book I've read in years, Trump is right on every issue and has the best ideas, a true economic genius""""""",2295,956,0.004573724698275328,0.011020000092685223,0.9844062328338623,0.979832508135587,Positive
666048881436721152,2015-11-16 00:23:22,2015-11-16,2015,2015-11,0,Monday,Android,Twitter for Android,"""""""@RealReagan0503: If you missed it, here is the most popular link among people I follow https://t.co/lOppBvYMRy by @realDonaldTrump""""""",1155,598,0.006267196964472532,0.3373948633670807,0.6563379168510437,0.6500707198865712,Positive
667454484172312580,2015-11-19 21:28:44,2015-11-19,2015,2015-11,21,Thursday,iPhone,Twitter for iPhone,"Thank you Worcester, Massachusetts!#MakeAmericaGreatAgain #Trump2016 https://t.co/D6QinyBLW6 https://t.co/sZDJr3Tkd8",2201,903,0.0023939271923154593,0.012631084769964218,0.9849749207496643,0.9825809935573488,Positive
667509279507615748,2015-11-20 01:06:28,2015-11-20,2015,2015-11,1,Friday,iPhone,Twitter for iPhone,"I loved beating John Kasich in the debates, but it was easy—he came in dead last!",2541,936,0.025972900912165642,0.08776744455099106,0.8862596750259399,0.8602867741137743,Positive
667856744677310465,2015-11-21 00:07:10,2015-11-21,2015,2015-11,0,Saturday,Android,Twitter for Android,.@washingtonpost @BretBaier Please thank Charles Lane for his new found confidence. He has made a very good bet!,1160,424,0.003948812838643789,0.03236641362309456,0.9636847972869873,0.9597359844483435,Positive
668075223443447808,2015-11-21 14:35:20,2015-11-21,2015,2015-11,14,Saturday,iPhone,Twitter for iPhone,"To show you how politicians act, Bobby Jindal spent $1,000 to register in New Hampshire &, dropped out the next day. Such a waste!",2464,970,0.8680649399757385,0.12224003672599792,0.009695066139101982,-0.8583698738366365,Negative
668202786417459200,2015-11-21 23:02:13,2015-11-21,2015,2015-11,23,Saturday,Android,Twitter for Android,"""""""@GStephanopoulos: I’ll talk to Donald Trump about his comments on Syrian refugees, and much more, Sunday on @ThisWeekABC.""""""",1180,523,0.03406650200486183,0.927996039390564,0.037937477231025696,0.003870975226163864,Neutral
668206317597798400,2015-11-21 23:16:15,2015-11-21,2015,2015-11,23,Saturday,Android,Twitter for Android,"""""""@FortuneMagazine: Do successful CEOs sleep less than everyone else? https://t.co/SBkP1QZKEh https://t.co/15ZgyzSr1J""""""",1271,520,0.026314496994018555,0.8417354226112366,0.13195015490055084,0.10563565790653229,Neutral
668255736758145024,2015-11-22 02:32:37,2015-11-22,2015,2015-11,2,Sunday,iPhone,Twitter for iPhone,I find that @Reuters is a far more professional operation than @AP.,2464,1029,0.047428198158741,0.3428407907485962,0.6097310781478882,0.5623028799891472,Positive
669264228130402308,2015-11-24 21:20:00,2015-11-24,2015,2015-11,21,Tuesday,Android,Twitter for Android,"""""""@Maryland4T: @SmallBiz4Trump Keep up the good work! Americans of ALL kinds are rallying behind jlDonaldTrump to help #MakeAmericaGreatAgain""",1613,624,0.0030058296397328377,0.028308112174272537,0.968686044216156,0.9656802145764232,Positive
669374049693409280,2015-11-25 04:36:24,2015-11-25,2015,2015-11,4,Wednesday,Android,Twitter for Android,"A wonderful evening in South Carolina - big crowd, amazing energy!",2826,808,0.002820595633238554,0.006838110275566578,0.990341305732727,0.9875207100994885,Positive
669508965861036033,2015-11-25 13:32:30,2015-11-25,2015,2015-11,13,Wednesday,Android,Twitter for Android,"""""""@FranMFarber: @Morning_Joe @FoxNews @morningmika did not say very nice things about you this morning on her show. Typical liberal!"""" True!""",1494,548,0.9332181215286255,0.060054972767829895,0.006726918742060661,-0.9264912027865648,Negative
670073898923384833,2015-11-27 02:57:21,2015-11-27,2015,2015-11,2,Friday,Android,Twitter for Android,"""""""@pthebnyc: @realDonaldTrump @Sari_Swensen @nytimes no need to explain, Sir. We've got your back."""" Thanks!""",1693,572,0.0052942014299333096,0.0752626582980156,0.9194430708885193,0.914148869458586,Positive
670381849416482817,2015-11-27 23:21:02,2015-11-27,2015,2015-11,23,Friday,iPhone,Twitter for iPhone,"Pollster Trend National GOP Average223 national polls &, 33 pollsters.#MakeAmericaGreatAgain #Trump2016 https://t.co/mILAGwjvS2",3134,1639,0.05387677624821663,0.8272635340690613,0.1188596710562706,0.06498289480805397,Neutral
671081632422567936,2015-11-29 21:41:43,2015-11-29,2015,2015-11,21,Sunday,Android,Twitter for Android,"After my meeting with the pastors, it's off to Georgia for a big rally - many thousands of great people will be there, a beautiful movement!",2841,1114,0.0020328229293227196,0.012021377682685852,0.9859457612037659,0.9839129382744431,Positive
671316172005113856,2015-11-30 13:13:42,2015-11-30,2015,2015-11,13,Monday,Android,Twitter for Android,"""""""@wompol: @realDonaldTrump @CNN we also saw numerous (since scrubbed) videos of celebrations on 9/11""""""",1366,624,0.056797392666339874,0.8472524285316467,0.09595025330781937,0.03915286064147949,Neutral
672488758143549440,2015-12-03 18:53:08,2015-12-03,2015,2015-12,18,Thursday,iPhone,Twitter for iPhone,"CRIPPLED AMERICA is the perfect gift for friends &, family. Order signed copy &, join me at 7:30pm, live streaming! https://t.co/TICkBt5xnH",988,427,0.0017131018685176969,0.034684885293245316,0.9636019468307495,0.9618888449622318,Positive
672768400914055168,2015-12-04 13:24:20,2015-12-04,2015,2015-12,13,Friday,Android,Twitter for Android,".@CNN Poll just came out, amazing numbers for those who want to MAKE AMERICA GREAT AGAIN! TRUMP 36%, a 20 point lead over 2nd place. Thanks.",3926,1828,0.003708733944222331,0.018061403185129166,0.9782298803329468,0.9745211463887244,Positive
673641058518069250,2015-12-06 23:11:58,2015-12-06,2015,2015-12,23,Sunday,iPhone,Twitter for iPhone,"May the Festival of Lights bring our Jewish friends from around the world, health &, happiness! Happy Hanukkah! https://t.co/03UZBGCswB",7461,2927,0.0020108898170292377,0.011225007474422455,0.986764132976532,0.9847532431595027,Positive
673655438060204032,2015-12-07 00:09:07,2015-12-07,2015,2015-12,0,Monday,Android,Twitter for Android,"Gee, @meetthepress with @chucktodd was getting terrible ratings then, with me, he set records - I saved his job, but Chuck still not nice!",2181,778,0.9174511432647705,0.07278846949338913,0.00976039282977581,-0.9076907504349947,Negative
674617775697055744,2015-12-09 15:53:06,2015-12-09,2015,2015-12,15,Wednesday,Web,Twitter Web Client,I am signing copies of my book CRIPPLED AMERICA. Makes a great holiday gift. Order yours now! https://t.co/jg50w3rcnn ... ...,1697,619,0.0015417354879900813,0.026085272431373596,0.9723729491233826,0.9708312136353925,Positive
674737158108946432,2015-12-09 23:47:29,2015-12-09,2015,2015-12,23,Wednesday,Android,Twitter for Android,"I am interviewed on the @oreillyfactor tonight at 8:00. Then at 10:00, I am interviewed by @donlemon on @CNN. Enjoy!",3123,1014,0.001665125717408955,0.21009701490402222,0.7882378101348877,0.7865726844174787,Positive
675633951709519872,2015-12-12 11:11:01,2015-12-12,2015,2015-12,11,Saturday,Android,Twitter for Android,"""""""@Keeblerqueen: @realDonaldTrump Good Lord ... Donald.. Your following went up so much lately ... Crazy love for you and what you stand for!""",2496,687,0.0043730344623327255,0.012077370658516884,0.9835495948791504,0.9791765604168177,Positive
675910224855855104,2015-12-13 05:28:50,2015-12-13,2015,2015-12,5,Sunday,Android,Twitter for Android,"Something must be done with dopey @KarlRove - he is pushing Republicans down the same old path of defeat. Don't fall for it, Karl is a loser",4738,1976,0.9440886378288269,0.050424009561538696,0.005487365648150444,-0.9386012721806765,Negative
676163425291116544,2015-12-13 22:14:57,2015-12-13,2015,2015-12,22,Sunday,Android,Twitter for Android,"""""""@schnoepoe: @foxnews I find myself more and more drawn to CNN for fairness regarding @realDonaldTrump"""" The Fox News Sunday pundits a joke!""",2049,786,0.5420721173286438,0.34964048862457275,0.10828734189271927,-0.43378477543592453,Negative
678424819579420672,2015-12-20 04:00:56,2015-12-20,2015,2015-12,4,Sunday,Android,Twitter for Android,"""""""@twister2445: @realDonaldTrump all I heard from the debate is a pathway to citizenship for all and taking our guns away. #tryme!!""""""",3325,1477,0.2970195412635803,0.618816077709198,0.0841643437743187,-0.21285519748926163,Neutral
678904742198820864,2015-12-21 11:47:58,2015-12-21,2015,2015-12,11,Monday,Android,Twitter for Android,"""Hillary said at debate ISIS is """"going to people showing videos in order to recruit more radical jihadistst."""" She made up story-want apology!""",3788,1359,0.8689988851547241,0.12529884278774261,0.005702311638742685,-0.8632965735159814,Negative
679409713226887168,2015-12-22 21:14:33,2015-12-22,2015,2015-12,21,Tuesday,Android,Twitter for Android,"""""""@daveandlouanns: THANK YOU SIR FOR CARING FOR THE PEOPLE OF AMERICA. I WAS IN NEWMARKET NH. OFFICE. https://t.co/VRBYXBC6I4""""""",2033,630,0.004561170469969511,0.04654015600681305,0.9488986730575562,0.9443375025875866,Positive
679538962948571137,2015-12-23 05:48:08,2015-12-23,2015,2015-12,5,Wednesday,Android,Twitter for Android,It is a shame that the biased media is able to so incorrectly define a word for the public when they know that the definition is wrong. Sad!,5037,1714,0.9306731820106506,0.06489153951406479,0.004435230046510696,-0.9262379519641399,Negative
679691783467610113,2015-12-23 15:55:23,2015-12-23,2015,2015-12,15,Wednesday,Android,Twitter for Android,Why does @FoxNews give @KarlRove so much airtime. He (and other Fox pundits) is so biased. Still thinks Romney won. Unfair coverage of Trump,4022,1273,0.9008779525756836,0.09119969606399536,0.007922408170998096,-0.8929555444046855,Negative
680160249991553024,2015-12-24 22:56:55,2015-12-24,2015,2015-12,22,Thursday,Android,Twitter for Android,Why isn't @chucktodd using the much newer @CNN Poll when discussing how well I am doing instead of the older Q Poll? CNN even better!,2838,789,0.3030697703361511,0.36512964963912964,0.331800639629364,0.02873086929321289,Neutral
680947538896252928,2015-12-27 03:05:19,2015-12-27,2015,2015-12,3,Sunday,Android,Twitter for Android,"I will do far more for women than Hillary, and I will keep our country safe, something which she will not be able to do-no strength/stamina!",8829,3204,0.13027526438236237,0.2548477351665497,0.6148770451545715,0.48460178077220917,Positive
681847012304797696,2015-12-29 14:39:30,2015-12-29,2015,2015-12,14,Tuesday,Android,Twitter for Android,"So, I have spent almost nothing on my run for president and am in 1st place. Jeb Bush has spent $59 million &, done. Run country my way!",8268,3288,0.22111356258392334,0.5121371746063232,0.2667492926120758,0.045635730028152466,Neutral
681997313925976066,2015-12-30 00:36:45,2015-12-30,2015,2015-12,0,Wednesday,iPhone,Twitter for iPhone,Shows how dumb Joe McQuaid (@deucecrew) of the dying Union Leader is to put out the letter I wrote saying why I didn't do his failed debate!,2229,674,0.9213953614234924,0.07255249470472336,0.006052173674106598,-0.9153431877493858,Negative
682186402621186049,2015-12-30 13:08:07,2015-12-30,2015,2015-12,13,Wednesday,Android,Twitter for Android,"Iowa was fantastic last night, amazing crowd and people. I'm now in Florida, getting ready to go to South Carolina. Big crowd, very exciting",3781,1037,0.0021436966490000486,0.011184860952198505,0.986671507358551,0.984527810709551,Positive
682187393970126849,2015-12-30 13:12:03,2015-12-30,2015,2015-12,13,Wednesday,Android,Twitter for Android,"""""""@Hashtag1USA: @realDonaldTrump what do you think of Jeb cancelling his Iowa rally last night ? https://t.co/1oe798AAEU"""" I went, he didn't!""",3597,1302,0.3112228810787201,0.6553304195404053,0.03344668447971344,-0.27777619659900665,Neutral
682310784563720193,2015-12-30 21:22:22,2015-12-30,2015,2015-12,21,Wednesday,iPhone,Twitter for iPhone,Great poll- thank you Nevada!#MakeAmericaGreatAgain #Trump2016 https://t.co/9Lr1v6vjJb,3512,1336,0.004243515897542238,0.01862325146794319,0.9771332740783691,0.9728897581808269,Positive
683394224184758272,2016-01-02 21:07:34,2016-01-02,2016,2016-01,21,Saturday,Android,Twitter for Android,"Remember, I am self-funding my campaign, the only one in either party. I'm not controlled by lobbyists or special interests-only the U.S.A.!",12917,4779,0.030642220750451088,0.4277574419975281,0.5416003465652466,0.5109581258147955,Positive
683418056417251328,2016-01-02 22:42:16,2016-01-02,2016,2016-01,22,Saturday,iPhone,Twitter for iPhone,"Heading to Biloxi, Mississippi. Massive crowds expected. Thank you for your support! #VoteTrump2016 https://t.co/1VMngEMLzT",4726,1268,0.0021688437554985285,0.027055708691477776,0.9707753658294678,0.9686065220739692,Positive
683712803392323584,2016-01-03 18:13:29,2016-01-03,2016,2016-01,18,Sunday,Android,Twitter for Android,""".@chucktodd said today on @meetthepress that """"attacking Bill to get to Hillary has never worked before."""" Wrong - attacked him in '08 &, won!""",3045,1060,0.737247109413147,0.2462565302848816,0.016496364027261734,-0.7207507453858852,Negative
684417452906774529,2016-01-05 16:53:31,2016-01-05,2016,2016-01,16,Tuesday,Web,Twitter Web Client,"Wow @UnionLeader circulation in NH has dropped from 75,000 to around 10—bad management. No wonder they begged me for ads.",2845,944,0.9393435120582581,0.05434327572584152,0.006313253194093704,-0.9330302588641644,Negative
684584079983915008,2016-01-06 03:55:38,2016-01-06,2016,2016-01,3,Wednesday,Android,Twitter for Android,"""""""@ArkaysDesign: @slone @realDonaldTrump Have to get people of all ages out to vote for Donald Trump!""""""",2953,972,0.16417190432548523,0.6253541111946106,0.21047398447990417,0.046302080154418945,Neutral
685060524548222976,2016-01-07 11:28:51,2016-01-07,2016,2016-01,11,Thursday,Android,Twitter for Android,It was a very wise move that Ted Cruz renounced his Canadian citizenship 18 months ago. Senator John McCain is certainly no friend of Ted!,3644,1251,0.4603220522403717,0.46724826097488403,0.07242968678474426,-0.38789236545562744,Neutral
685302314740113408,2016-01-08 03:29:38,2016-01-08,2016,2016-01,3,Friday,Android,Twitter for Android,"""""""@LiberatedCit: @JebBush Key State Florida Poll: Trump 32% Beats #Rubio-#Bush Combined https://t.co/MKHc5nB27i https://t.co/ubJvEeCsom""""""",3179,1338,0.007528800517320633,0.8705738186836243,0.12189741432666779,0.11436861380934715,Neutral
685490467329425408,2016-01-08 15:57:17,2016-01-08,2016,2016-01,15,Friday,Android,Twitter for Android,"Hank Greenberg, formerly of AIG, gave $10 million to the @JebBush campaign 3 months ago. He is not happy, a total waste of money!",4318,1577,0.932518482208252,0.0615101121366024,0.005971428006887436,-0.9265470542013645,Negative
685584095120887809,2016-01-08 22:09:20,2016-01-08,2016,2016-01,22,Friday,iPhone,Twitter for iPhone,"Love seeing union &, non-union members alike are defecting to Trump. I will create jobs like no one else. Their #Dem leaders can’t compete!",5750,2075,0.05738958343863487,0.12590309977531433,0.8167073130607605,0.7593177296221256,Positive
687108096926330880,2016-01-13 03:05:10,2016-01-13,2016,2016-01,3,Wednesday,iPhone,Twitter for iPhone,"The #SOTU speech is really boring, slow, lethargic - very hard to watch!",14951,6530,0.9413589835166931,0.04984045773744583,0.008800547569990158,-0.932558435946703,Negative
687353545063030784,2016-01-13 19:20:30,2016-01-13,2016,2016-01,19,Wednesday,iPhone,Twitter for iPhone,"THANK YOU, IOWA! Highly respected @OANN @GravisMarketing poll just released. #VoteTrump #IowaCaucus https://t.co/Ecs9XYXaXL",6411,2640,0.004207123536616564,0.019814342260360718,0.9759785532951355,0.9717714297585189,Positive
687726670862794752,2016-01-14 20:03:10,2016-01-14,2016,2016-01,20,Thursday,Android,Twitter for Android,"""""""@wpjenna: Thousands packed into the Pensacola Bay Center to see Donald Trump tonight... https://t.co/K5lIT2p7fL"""" A fantastic evening!""",5687,1530,0.0019049381371587515,0.011789638549089432,0.9863053560256958,0.984400417888537,Positive
689265377872867329,2016-01-19 01:57:26,2016-01-19,2016,2016-01,1,Tuesday,Android,Twitter for Android,I don't think Ted Cruz can even run for President until he can assure Republican voters that being born in Canada is not a problem. Doubt!,4842,1629,0.6943897008895874,0.28181296586990356,0.023797370493412018,-0.6705923303961754,Negative
689463443791880192,2016-01-19 15:04:29,2016-01-19,2016,2016-01,15,Tuesday,iPhone,Twitter for iPhone,On my way to Iowa- just received new national poll numbers. Thank you!#MakeAmericaGreatAgain #Trump2016 https://t.co/sQ9UEVW4Vp,4730,1676,0.003350122133269906,0.04304935783147812,0.9536004662513733,0.9502503441181034,Positive
690529690205818880,2016-01-22 13:41:22,2016-01-22,2016,2016-01,13,Friday,Android,Twitter for Android,"""#TedCruz eligibility to be President not settled law, says Cruz' Constitutional Law Professor, #LaurenceTribe https://t.co/GWKoJsBINZ""""""",1664,590,0.06822781264781952,0.9061740636825562,0.025598127394914627,-0.04262968525290489,Neutral
690890625722396672,2016-01-23 13:35:35,2016-01-23,2016,2016-01,13,Saturday,Android,Twitter for Android,"""""""@noamscheiber: Dow down almost 2000 pts since start of year, but still outperforming Wall Street's investment in Jeb. JEB wants Common Core""",2533,842,0.08941841125488281,0.7194200158119202,0.19116155803203583,0.10174314677715302,Neutral
691041847905390592,2016-01-23 23:36:30,2016-01-23,2016,2016-01,23,Saturday,iPhone,Twitter for iPhone,"Just left a great event in Pella. Going to church tomorrow in Muscatine, Iowa.",4126,1098,0.0020654811523854733,0.028472036123275757,0.969462513923645,0.9673970327712595,Positive
692430362966921217,2016-01-27 19:33:57,2016-01-27,2016,2016-01,19,Wednesday,Android,Twitter for Android,"Even though I beat him in the first six debates, especially the last one, Ted Cruz wants to debate me again. Can we do it in Canada?",16566,5831,0.2294234335422516,0.6065874099731445,0.1639891266822815,-0.06543430685997009,Neutral
692467143896604677,2016-01-27 22:00:07,2016-01-27,2016,2016-01,22,Wednesday,Android,Twitter for Android,I will be interviewed on @oreillyfactor tonight at 8:00 P.M. (Eastern). Enjoy!,5903,1624,0.0015368276508525014,0.1390150934457779,0.8594481348991394,0.8579113072482869,Positive
692673284563935232,2016-01-28 11:39:14,2016-01-28,2016,2016-01,11,Thursday,Android,Twitter for Android,"""""""@HaloOneForTrump: @foxnews takes #YUGE hit on advertising revenues by screwing with @realDonaldTrump ROFL! https://t.co/ndyHNiUdks""""""",2016,642,0.8824412822723389,0.10430573672056198,0.01325292605906725,-0.8691883562132716,Negative
693782388564865024,2016-01-31 13:06:25,2016-01-31,2016,2016-01,13,Sunday,Android,Twitter for Android,"Ted Cruz is totally unelectable, if he even gets to run (born in Canada). Will loose big to Hillary. Polls show I beat Hillary easily! WIN!",6979,2595,0.7824515104293823,0.1713598221540451,0.04618864506483078,-0.7362628653645515,Negative
693801552855740416,2016-01-31 14:22:35,2016-01-31,2016,2016-01,14,Sunday,Android,Twitter for Android,"Wow, just saw an ad - Cruz is lying on so many levels. There is nobody more against ObamaCare than me, will repeal &, replace. He lies!",6816,2455,0.9198458790779114,0.07120335102081299,0.008950687013566494,-0.9108951920643449,Negative
695747401546477568,2016-02-05 23:14:41,2016-02-05,2016,2016-02,23,Friday,Android,Twitter for Android,"""""""@DharmaBum77: Donald Trump loves America! He loves Americans! He loves our Vets! #TrumpSupporters @realDonaldTrump https://t.co/NgcoHRLj2M""",6419,2289,0.0032719012815505266,0.030169468373060226,0.9665586352348328,0.9632867339532822,Positive
696328503428575232,2016-02-07 13:43:47,2016-02-07,2016,2016-02,13,Sunday,iPhone,Twitter for iPhone,I am on @foxandfriends now! Tune in!,3285,603,0.004816689062863588,0.5962689518928528,0.3989143371582031,0.39409764809533954,Neutral
696447301783592961,2016-02-07 21:35:50,2016-02-07,2016,2016-02,21,Sunday,iPhone,Twitter for iPhone,"Thank you- Plymouth, New Hampshire! #FITN #NHPrimary https://t.co/1hzn6iZIEw",5023,1557,0.0018943615723401308,0.03151668608188629,0.9665889739990234,0.9646946124266833,Positive
698303565232623616,2016-02-13 00:31:58,2016-02-13,2016,2016-02,0,Saturday,Web,Twitter Web Client,"I will end illegal immigration and protect our borders! We need to MAKE AMERICA SAFE &, GREAT AGAIN! #Trump2016https://t.co/wd3LlMz01I",10409,5100,0.0486285537481308,0.2637766897678375,0.6875947713851929,0.6389662176370621,Positive
698557567254056960,2016-02-13 17:21:17,2016-02-13,2016,2016-02,17,Saturday,iPhone,Twitter for iPhone,"""""""Get on Trump's List"""" email from the RNC was not authorized. I am self funding my campaign! Do not pay. Email: https://t.co/6hKW7Ssxz4""",4200,2301,0.8109195828437805,0.17635329067707062,0.012727041728794575,-0.7981925411149859,Negative
698565437844488192,2016-02-13 17:52:33,2016-02-13,2016,2016-02,17,Saturday,Android,Twitter for Android,"""""""@wino911: #Trump2016 We know better than to trust the RNC https://t.co/EMcgtK25fE"""" So cute!""",7474,2960,0.46356913447380066,0.350432813167572,0.18599803745746613,-0.27757109701633453,Negative
698742963447451648,2016-02-14 05:37:59,2016-02-14,2016,2016-02,5,Sunday,iPhone,Twitter for iPhone,How can @JebBush beat Hillary Clinton- if he can't beat anyone else on the #GOPDebate stage with $150M? I am the only one who can!,7722,2560,0.2587679326534271,0.44023147225379944,0.30100059509277344,0.042232662439346313,Neutral
700280013107523584,2016-02-18 11:25:40,2016-02-18,2016,2016-02,11,Thursday,Android,Twitter for Android,I love being in South Carolina. We are leading big in all of the State polls - Saturday is a BIG day. MAKE AMERICA GREAT AGAIN!,6227,2630,0.0028972779400646687,0.008484307676553726,0.9886183738708496,0.9857210959307849,Positive
700787183872057344,2016-02-19 21:00:59,2016-02-19,2016,2016-02,21,Friday,iPhone,Twitter for iPhone,"I have built so many great &, complicated projects– creating tens of thousands of jobs-video: https://t.co/9cqt78cGiT https://t.co/4Q7oJHKoqV",5608,2130,0.004055347293615341,0.03634541109204292,0.9595991969108582,0.9555438496172428,Positive
703195301780172800,2016-02-26 12:29:59,2016-02-26,2016,2016-02,12,Friday,Android,Twitter for Android,"""""""@MJP1370: @realDonaldTrump Cruz talks about Hillary all the time because he knows he can't beat you ! Trump will win Texas !""""""",4928,1276,0.6357184648513794,0.3010031282901764,0.0632784366607666,-0.5724400281906128,Negative
703923471391264768,2016-02-28 12:43:28,2016-02-28,2016,2016-02,12,Sunday,Android,Twitter for Android,I am the only Republican who will get large numbers of Dems and Indies (crossover). I will also get states that no other Republican can get.,10857,3644,0.022183766588568687,0.43935438990592957,0.5384618043899536,0.5162780378013849,Positive
704379918222696449,2016-02-29 18:57:13,2016-02-29,2016,2016-02,18,Monday,iPhone,Twitter for iPhone,My wife @MELANIATRUMP will be joining @andersoncooper @AC360 tonight at 8pmE on @CNN. Enjoy! https://t.co/aTIXHgK32N,8515,2608,0.0014199282741174102,0.08164448291063309,0.9169355630874634,0.915515634813346,Positive
704438057202819072,2016-02-29 22:48:15,2016-02-29,2016,2016-02,22,Monday,iPhone,Twitter for iPhone,Trump University has a 98% approval rating. I could have settled but won't out of principle!,9693,5387,0.8298780918121338,0.14017219841480255,0.029949724674224854,-0.7999283671379089,Negative
704751567094812672,2016-03-01 19:34:01,2016-03-01,2016,2016-03,19,Tuesday,iPhone,Twitter for iPhone,"Thank you Columbus, Ohio! https://t.co/D0tok8j6jj",9784,2966,0.002126088598743081,0.016924045979976654,0.9809498190879822,0.9788237304892391,Positive
705213112463577088,2016-03-03 02:08:02,2016-03-03,2016,2016-03,2,Thursday,iPhone,Twitter for iPhone,#MakeAmericaGreatAgain #Trump2016Video: https://t.co/IbcE5tsRf7 https://t.co/bHqg1rkFy3,5396,2187,0.01397068053483963,0.4448038339614868,0.5412254929542542,0.5272548124194145,Positive
705230846249324544,2016-03-03 03:18:30,2016-03-03,2016,2016-03,3,Thursday,Android,Twitter for Android,"Millions of dollars being spent on false TV ads by special interest groups who own Rubio &, Cruz.When you see them think of your puppet POLS",10946,3856,0.8304961919784546,0.1570645421743393,0.012439196929335594,-0.818056995049119,Negative
706105503202410496,2016-03-05 13:14:05,2016-03-05,2016,2016-03,13,Saturday,Android,Twitter for Android,"Great time last night in Louisiana. Big and energetic crowd. Go out and vote now, polls open. MAKE AMERICA GREAT AGAIN!",7904,2303,0.0029541882686316967,0.012800710275769234,0.9842451214790344,0.9812909332104027,Positive
706467532291624960,2016-03-06 13:12:39,2016-03-06,2016,2016-03,13,Sunday,Android,Twitter for Android,I will be interviewed on @FaceTheNation this morning. Enjoy! @jdickerson,5376,1214,0.0016360081499442458,0.05508238822221756,0.9432815909385681,0.9416455827886239,Positive
708714838520762369,2016-03-12 18:02:39,2016-03-12,2016,2016-03,18,Saturday,iPhone,Twitter for iPhone,"Thank you Dayton, Ohio! 20,000 supporters- largest in airport history! #MakeAmericaGreatAgain #Trump2016 https://t.co/ry2p5qGcFt",15152,5259,0.0026528136804699898,0.011641059070825577,0.9857062101364136,0.9830533964559436,Positive
709422865360297984,2016-03-14 16:56:06,2016-03-14,2016,2016-03,16,Monday,iPhone,Twitter for iPhone,Leaving the great people of North Carolina. Amazing event. Heading to Tampa now! #VoteTrump,10021,2692,0.0033971567172557116,0.01781342178583145,0.9787893891334534,0.9753922324161977,Positive
709775232152817664,2016-03-15 16:16:16,2016-03-15,2016,2016-03,16,Tuesday,Android,Twitter for Android,"""I will bring our jobs back to the U.S., and keep our companies from leaving. Nobody else can do it. Our economy will """"sing"""" again.""",14474,5116,0.06613780558109283,0.4451020061969757,0.4887602627277374,0.4226224571466446,Positive
710138547827769344,2016-03-16 16:19:58,2016-03-16,2016,2016-03,16,Wednesday,Web,Twitter Web Client,Is this what we want for a President? https://t.co/2yYy6Nyta9,12899,6126,0.2848029136657715,0.6794025301933289,0.03579454496502876,-0.24900836870074272,Neutral
711087670412185601,2016-03-19 07:11:26,2016-03-19,2016,2016-03,7,Saturday,Android,Twitter for Android,"""""""@grammy620: 1st time I heard #Trump I said """"wow"""". I liked him! I then became a closet #Trump fan. Today? He's the ONLY 1 I will vote for!""",7317,2045,0.007884914986789227,0.04252348095178604,0.9495916366577148,0.9417067216709256,Positive
711164424971661312,2016-03-19 12:16:26,2016-03-19,2016,2016-03,12,Saturday,Android,Twitter for Android,"""""""@TeamTrumpAZ: Check out """"HANNITY EXCLUSIVE EVENT WITH TRUMP IN PHOENIX, AZ"""" https://t.co/fj2j9Lf2vH @Eventbrite""""""",6453,2154,0.005031023174524307,0.8874404430389404,0.10752855241298676,0.10249752923846245,Neutral
712291134991691777,2016-03-22 14:53:34,2016-03-22,2016,2016-03,14,Tuesday,Android,Twitter for Android,"President Obama looks and sounds so ridiculous making his speech in Cuba, especially in the shadows of Brussels. He is being treated badly!",17077,4838,0.9470775723457336,0.04792826622724533,0.0049941325560212135,-0.9420834397897124,Negative
712972000927551488,2016-03-24 11:59:06,2016-03-24,2016,2016-03,11,Thursday,Android,Twitter for Android,"We pay a disproportionate share of the cost of N.A.T.O. Why? It is time to renegotiate, and the time is now!",11512,4283,0.7642244696617126,0.22153931856155396,0.014236186631023884,-0.7499882830306888,Negative
713131098969083904,2016-03-24 22:31:17,2016-03-24,2016,2016-03,22,Thursday,Android,Twitter for Android,"I didn't start the fight with Lyin'Ted Cruz over the GQ cover pic of Melania, he did. He knew the PAC was putting it out - hence, Lyin' Ted!",22473,7651,0.6394925117492676,0.33482152223587036,0.025685973465442657,-0.6138065382838249,Negative
713676890750509056,2016-03-26 10:40:04,2016-03-26,2016,2016-03,10,Saturday,Android,Twitter for Android,"""""""@Tytan01: Dear @CNN, after doing a quick Google &, Twitter search there are over 15,000 women's groups supporting DonaldTrump. Stop Lying.""""""",15213,6272,0.793725848197937,0.19239215552806854,0.013881967402994633,-0.7798438807949424,Negative
713747213801938946,2016-03-26 15:19:31,2016-03-26,2016,2016-03,15,Saturday,Android,Twitter for Android,"The media is so after me on women Wow, this is a tough business. Nobody has more respect for women than Donald Trump!",25636,10223,0.7936399579048157,0.164213165640831,0.042146824300289154,-0.7514931336045265,Negative
714807977052610569,2016-03-29 13:34:36,2016-03-29,2016,2016-03,13,Tuesday,Android,Twitter for Android,"Wow, @CNN has nothing but my opponents on their shows. Really one-sided and unfair reporting. Maybe I shouldn't do their town-hall tonight!",16145,4573,0.9395008683204651,0.05504176393151283,0.005457383114844561,-0.9340434852056205,Negative
715223526635094016,2016-03-30 17:05:51,2016-03-30,2016,2016-03,17,Wednesday,iPhone,Twitter for iPhone,"Please keep your thoughts &, prayers with Melissa Young- Miss Wisconsin 2005. https://t.co/D8RBfufIwH",15084,6187,0.011608684435486794,0.8103441596031189,0.17804713547229767,0.16643845103681087,Neutral
716622947901915136,2016-04-03 13:46:39,2016-04-03,2016,2016-04,13,Sunday,iPhone,Twitter for iPhone,Thank you! #Trump2016 #WIPrimary https://t.co/alx0AY6E8J,12576,4662,0.0032205700408667326,0.04322998970746994,0.9535494446754456,0.9503288746345788,Positive
716688097237458945,2016-04-03 18:05:32,2016-04-03,2016,2016-04,18,Sunday,iPhone,Twitter for iPhone,Thank you Miss Katie's Diner!#MakeAmericaGreatAgain #Trump2016https://t.co/oYpUYJmpKI https://t.co/uTSIiVqPkT,9697,3305,0.0035231136716902256,0.0172435212880373,0.9792333245277405,0.9757102108560503,Positive
717189147497091072,2016-04-05 03:16:32,2016-04-05,2016,2016-04,3,Tuesday,Android,Twitter for Android,"""""""@FoxNews: @ScottBaio: """"#DonaldTrump is the only guy, I think, that has the will &, the nerve to attack &, to fight."""" https://t.co/DjkdAzT3WV""",15120,5751,0.1658107340335846,0.7139742970466614,0.1202150285243988,-0.04559570550918579,Neutral
718516815782088704,2016-04-08 19:12:12,2016-04-08,2016,2016-04,19,Friday,Web,Twitter Web Client,Jennifer is a terrific person. https://t.co/EHL702civ5,7241,2721,0.008386925794184208,0.018185436725616455,0.9734276533126831,0.9650407275184989,Positive
718998304810512385,2016-04-10 03:05:28,2016-04-10,2016,2016-04,3,Sunday,Android,Twitter for Android,"""""""@metalmom888: @Theresa_Cali If the GOP screws Trump, his millions will walk from the GOP never to return! They better think long and hard""""""",9891,3572,0.7638671398162842,0.20858123898506165,0.02755155600607395,-0.7363155838102102,Negative
718999512283484160,2016-04-10 03:10:16,2016-04-10,2016,2016-04,3,Sunday,Android,Twitter for Android,"""""""@becker_berta: @vivhall3 @Reince Millions more will burn their Republican registration if GOP continues to subvert the will of the people.""""""",10427,4097,0.8794835209846497,0.11324165016412735,0.007274845149368048,-0.8722086758352816,Negative
722471042367778816,2016-04-19 17:04:54,2016-04-19,2016,2016-04,17,Tuesday,Web,Twitter Web Client,"#ICYMI: #Trump2016 closing speech inBuffalo, New York!#VoteTrumpNY https://t.co/tS6mWn2oth",6510,2299,0.01844659633934498,0.7981878519058228,0.18336552381515503,0.16491892747581005,Neutral
722635529708285952,2016-04-20 03:58:30,2016-04-20,2016,2016-04,3,Wednesday,Web,Twitter Web Client,MAKE AMERICA GREAT AGAIN! https://t.co/tK6mKZpFBl,8910,3086,0.004113772418349981,0.03918836638331413,0.9566978216171265,0.9525840491987765,Positive
724772013219405824,2016-04-26 01:28:08,2016-04-26,2016,2016-04,1,Tuesday,iPhone,Twitter for iPhone,Get out and VOTE tomorrow! We will MAKE AMERICA GREAT AGAIN! #CTPrimary #DEPrimary #MDPrimary #PAPrimary #RIPrimaryhttps://t.co/ndi8sZI1Gt,8975,3841,0.0080791050568223,0.12475461512804031,0.8671663403511047,0.8590872352942824,Positive
727095549703364608,2016-05-02 11:21:02,2016-05-02,2016,2016-05,11,Monday,Android,Twitter for Android,"Gov Mike Pence has just stated that Donald Trump has taken a strong stance on Hoosier jobs, and he thanks me! I will bring back jobs to USA.",12676,4004,0.007939495146274567,0.09641019254922867,0.895650327205658,0.8877108320593834,Positive
728305900415533056,2016-05-05 19:30:32,2016-05-05,2016,2016-05,19,Thursday,Web,Twitter Web Client,"Bernie Sanders has been treated terribly by the Democrats—both with delegates &, otherwise. He should show them, &, run as an Independent.",27995,9548,0.862744927406311,0.12752966582775116,0.009725295938551426,-0.8530196314677596,Negative
729404337164783617,2016-05-08 20:15:20,2016-05-08,2016,2016-05,20,Sunday,iPhone,Twitter for iPhone,"Crooked Hillary just can't close the deal with Bernie. It will be the same way with ISIS, and China on trade, and Mexico at the border. Bad!",20582,7122,0.9161995649337769,0.076362743973732,0.007437646854668856,-0.908761918079108,Negative
730089913778065408,2016-05-10 17:39:34,2016-05-10,2016,2016-05,17,Tuesday,Web,Twitter Web Client,Hillary has bad judgment! https://t.co/LhcIU6kmxs,9422,3773,0.9401193857192993,0.05210394412279129,0.007776663638651371,-0.932342722080648,Negative
731288678451019776,2016-05-14 01:03:02,2016-05-14,2016,2016-05,1,Saturday,Android,Twitter for Android,"If Crooked Hillary Clinton can't close the deal on Crazy Bernie, how is she going to take on China, Russia, ISIS and all of the others?",26596,9204,0.8535287976264954,0.13712844252586365,0.0093427374958992,-0.8441860601305962,Negative
732200012457906176,2016-05-16 13:24:21,2016-05-16,2016,2016-05,13,Monday,Android,Twitter for Android,"""A political commentator for @cnn, which I no longer watch, said """"Trump showed some weakness in the Repub Primaries."""" I set all-time record!""",10500,3263,0.649520754814148,0.30933669209480286,0.04114256799221039,-0.6083781868219376,Negative
732773906889736192,2016-05-18 03:24:48,2016-05-18,2016,2016-05,3,Wednesday,Android,Twitter for Android,"Congratulations to THE MOVEMENT, we have just won THE GREAT STATE OF OREGON. The vote percentage is even higher than anticipated! Thank you.",17977,5145,0.002875157631933689,0.009482723660767078,0.9876420497894287,0.984766892157495,Positive
733073344661061632,2016-05-18 23:14:39,2016-05-18,2016,2016-05,23,Wednesday,iPhone,Twitter for iPhone,#MakeAmericaGreatAgain #Trump2016https://t.co/kXhc2j94YF https://t.co/YZAdAndKXv,10187,3889,0.016481827944517136,0.20683026313781738,0.7766878604888916,0.7602060325443745,Positive
733113480207798272,2016-05-19 01:54:08,2016-05-19,2016,2016-05,1,Thursday,Android,Twitter for Android,"""Some low-life journalist claims that I """"made a pass"""" at her 29 years ago. Never happened! Like the @nytimes story which has become a joke!""",12926,3693,0.8666338920593262,0.12063868343830109,0.012727410532534122,-0.853906481526792,Negative
734482099793711104,2016-05-22 20:32:33,2016-05-22,2016,2016-05,20,Sunday,Android,Twitter for Android,Bernie Sanders is continuing his quest because he believes that Crooked Hillary Clinton will be forced out of the race - e-mail scandal!,16986,4808,0.7319084405899048,0.24716974794864655,0.020921854302287102,-0.7109865862876177,Negative
735345023563247617,2016-05-25 05:41:30,2016-05-25,2016,2016-05,5,Wednesday,Android,Twitter for Android,"""""""@tcloer11: @realDonaldTrump Great job! Make America Great Again!""""""",4923,1142,0.002548698801547289,0.009152177721261978,0.9882991313934326,0.9857504325918853,Positive
735345985455554560,2016-05-25 05:45:19,2016-05-25,2016,2016-05,5,Wednesday,Android,Twitter for Android,"""""""@buiIdthewall: @realDonaldTrump high energy!""""""",6398,1564,0.004718381445854902,0.12665051221847534,0.86863112449646,0.8639127430506051,Positive
736410143378792448,2016-05-28 04:13:54,2016-05-28,2016,2016-05,4,Saturday,iPhone,Twitter for iPhone,Obama administration fails to screen Syrian refugees' social media accounts:https://t.co/MMa07nwa44,8355,4015,0.6592176556587219,0.3340606093406677,0.006721711251884699,-0.6524959444068372,Negative
738132164399636480,2016-06-01 22:16:36,2016-06-01,2016,2016-06,22,Wednesday,Android,Twitter for Android,Crooked Hillary Clinton is a fraud who has put the public and country at risk by her illegal and very stupid use of e-mails. Many missing!,21976,7715,0.9185303449630737,0.07363855093717575,0.007831134833395481,-0.9106992101296782,Negative
738407796606013444,2016-06-02 16:31:52,2016-06-02,2016,2016-06,16,Thursday,Android,Twitter for Android,"Wow, USA Today did todays cover story on my record in lawsuits. Verdict: 450 wins, 38 losses. Isn't that what you want for your president?",13408,4245,0.3304380774497986,0.4116622507572174,0.2578996419906616,-0.07253843545913696,Neutral
738495114532638720,2016-06-02 22:18:50,2016-06-02,2016,2016-06,22,Thursday,Android,Twitter for Android,"""""""@free_SA_BD: @realDonaldTrump A vote for Trump is a vote to restore our great country.""""""",7236,2236,0.013791290111839771,0.2146773785352707,0.771531343460083,0.7577400533482432,Positive
738495995583987712,2016-06-02 22:22:20,2016-06-02,2016,2016-06,22,Thursday,Android,Twitter for Android,"""""""@Valenti317: @realDonaldTrump she's a criminal and you're the only person that can stop her.""""""",6862,2004,0.7128984928131104,0.2606324553489685,0.02646903693675995,-0.6864294558763504,Negative
740330660372619265,2016-06-07 23:52:38,2016-06-07,2016,2016-06,23,Tuesday,Android,Twitter for Android,I will be interviewed tonight on @seanhannity - Enjoy! 10:00 P.M.,7377,2067,0.0016385511262342334,0.11790867149829865,0.8804527521133423,0.878814200987108,Positive
740707234968113152,2016-06-09 00:49:01,2016-06-09,2016,2016-06,0,Thursday,Android,Twitter for Android,"""""""@setfire2flames: Senator Sanders spent more than @realDonaldTrump yet lost.""""""",5898,1570,0.628891110420227,0.3400532901287079,0.03105568140745163,-0.5978354290127754,Negative
740879092141182976,2016-06-09 12:11:55,2016-06-09,2016,2016-06,12,Thursday,Android,Twitter for Android,"As expected, the media is very much against me. Their dishonesty is amazing but, just like our big wins in the primaries, we will win!",26851,7569,0.6915562152862549,0.19804392755031586,0.11039980500936508,-0.5811564102768898,Negative
740972317191352320,2016-06-09 18:22:21,2016-06-09,2016,2016-06,18,Thursday,Web,Twitter Web Client,Obama just endorsed Crooked Hillary. He wants four more years of Obama—but nobody else does!,68699,28294,0.7658750414848328,0.20408225059509277,0.03004269301891327,-0.7358323484659195,Negative
742437914731286530,2016-06-13 19:26:07,2016-06-13,2016,2016-06,19,Monday,iPhone,Twitter for iPhone,"TERRORISM, IMMIGRATION, AND NATIONAL SECURITY SPEECH- TRANSCRIPT: https://t.co/WD1LGFKx3M https://t.co/T7yHSdCeU8",13603,6057,0.24825215339660645,0.7330515384674072,0.018696222454309464,-0.22955593094229698,Neutral
744519497764184064,2016-06-19 13:17:35,2016-06-19,2016,2016-06,13,Sunday,Android,Twitter for Android,"""""""@bfraser747: Watch out HillaryClinton 👿 Support @realDonaldTrump 🇺🇸 🇺🇸 #MakeAmericaGreatAgain 🇺🇸 https://t.co/UTYOLo7wGF""""""",23564,8494,0.017416831105947495,0.3723226487636566,0.6102604866027832,0.5928436554968357,Positive
745294739092684800,2016-06-21 16:38:07,2016-06-21,2016,2016-06,16,Tuesday,Web,Twitter Web Client,"Hillary Clinton surged the trade deficit with China 40% asSecretary of State, costing Americans millions of jobs.",14259,5552,0.8669691681861877,0.122994065284729,0.010036857798695564,-0.8569323103874922,Negative
745693121095303168,2016-06-22 19:01:09,2016-06-22,2016,2016-06,19,Wednesday,iPhone,Twitter for iPhone,#Imwithyou https://t.co/iY4K7Wcw3C,21811,9780,0.006477787159383297,0.34693464636802673,0.646587610244751,0.6401098230853677,Positive
745733029289615361,2016-06-22 21:39:43,2016-06-22,2016,2016-06,21,Wednesday,Web,Twitter Web Client,#Imwithyou https://t.co/tan8BmAuR8 https://t.co/5EZ7X1ZZKh,11834,5047,0.00433582765981555,0.4105536639690399,0.5851104259490967,0.5807745982892811,Positive
748851849185243136,2016-07-01 12:12:48,2016-07-01,2016,2016-07,12,Friday,iPhone,Twitter for iPhone,Take a look at what happened w/ Bill Clinton. The system is totally rigged. Does anybody really believe that meeting was just a coincidence?,21916,8484,0.8554978966712952,0.13712140917778015,0.007380657363682985,-0.8481172393076122,Negative
752207752852832256,2016-07-10 18:27:58,2016-07-10,2016,2016-07,18,Sunday,Android,Twitter for Android,President Obama thinks the nation is not as divided as people think. He is living in a world of the make believe!,27826,9164,0.25363680720329285,0.5290538668632507,0.21730926632881165,-0.0363275408744812,Neutral
753349911983235072,2016-07-13 22:06:30,2016-07-13,2016,2016-07,22,Wednesday,iPhone,Twitter for iPhone,Is President Obama trying to destroy Israel with all his bad moves? Think about it and let me know!,11851,3474,0.8772157430648804,0.11544652283191681,0.007337755057960749,-0.8698779880069196,Negative
753965070003109888,2016-07-15 14:50:55,2016-07-15,2016,2016-07,14,Friday,Android,Twitter for Android,I am pleased to announce that I have chosen Governor Mike Pence as my Vice Presidential running mate. News conference tomorrow at 11:00 A.M.,79700,31360,0.0017502843402326107,0.027979033067822456,0.9702706933021545,0.9685204089619219,Positive
754645662357159936,2016-07-17 11:55:21,2016-07-17,2016,2016-07,11,Sunday,Android,Twitter for Android,"As the days and weeks go by, we see what a total mess our country (and world) is in - Crooked Hillary Clinton led Obama into bad decisions!",15700,4644,0.9522227048873901,0.04218050092458725,0.00559683283790946,-0.9466258720494807,Negative
754747849737461760,2016-07-17 18:41:24,2016-07-17,2016,2016-07,18,Sunday,Android,Twitter for Android,"""""""@60Minutes: DonaldTrump and his running mate @Mike_Pence to appear on #60Minutes in first joint interview. CBS https://t.co/lZH7qw9qmu""""""",10166,3304,0.004371889401227236,0.93519526720047,0.06043292582035065,0.05606103641912341,Neutral
756952917152784384,2016-07-23 20:43:33,2016-07-23,2016,2016-07,20,Saturday,Android,Twitter for Android,Just saw Crooked Hillary and Tim Kaine together. ISIS and our other enemies are drooling. They don't look presidential to me!,25581,7433,0.9094892740249634,0.08029269427061081,0.010218048468232155,-0.8992712255567312,Negative
757191160481873920,2016-07-24 12:30:15,2016-07-24,2016,2016-07,12,Sunday,Android,Twitter for Android,An analysis showed that Bernie Sanders would have won the Democratic nomination if it were not for the Super Delegates.,23102,8497,0.021756242960691452,0.7736677527427673,0.2045760154724121,0.18281977251172066,Neutral
757311921095925760,2016-07-24 20:30:06,2016-07-24,2016,2016-07,20,Sunday,Android,Twitter for Android,"I always said that Debbie Wasserman Schultz was overrated. The Dems Convention is cracking up and Bernie is exhausted, no energy left!",19889,5783,0.805249810218811,0.16101430356502533,0.03373583033680916,-0.7715139798820019,Negative
758020997383684096,2016-07-26 19:27:43,2016-07-26,2016,2016-07,19,Tuesday,iPhone,Twitter for iPhone,The invention of email has proven to be a very bad thing for Crooked Hillary in that it has proven her to be both incompetent and a liar!,30396,9750,0.9443849325180054,0.049148816615343094,0.006466233171522617,-0.9379186993464828,Negative
758761945910669312,2016-07-28 20:31:59,2016-07-28,2016,2016-07,20,Thursday,iPhone,Twitter for iPhone,"A vote for Clinton-Kaine is a vote for TPP, NAFTA, high taxes, radical regulation, and massive influx of refugees.",31421,13240,0.794389545917511,0.1920410543680191,0.013569414615631104,-0.7808201313018799,Negative
758771144140820481,2016-07-28 21:08:32,2016-07-28,2016,2016-07,21,Thursday,iPhone,Twitter for iPhone,Great to be back in Iowa! #TBT with @JerryJrFalwell joining me in Davenport- this past winter. #MAGA https://t.co/A5IF0QHnic,13996,3473,0.0017335438169538975,0.016604851931333542,0.9816616177558899,0.979928073938936,Positive
759064533814038528,2016-07-29 16:34:22,2016-07-29,2016,2016-07,16,Friday,iPhone,Twitter for iPhone,Thank you! Facebook: https://t.co/nmlRJqzA7SInstagram: https://t.co/5gDeluaBXG https://t.co/Pw7GS8R9Gg,18293,5160,0.002596489153802395,0.035622067749500275,0.9617815017700195,0.9591850126162171,Positive
759743648573435905,2016-07-31 13:32:55,2016-07-31,2016,2016-07,13,Sunday,Android,Twitter for Android,"I was viciously attacked by Mr. Khan at the Democratic Convention. Am I not allowed to respond? Hillary voted for the Iraq war, not me!",46106,14961,0.9173024296760559,0.07773032039403915,0.004967222921550274,-0.9123352067545056,Negative
760229355784138752,2016-08-01 21:42:57,2016-08-01,2016,2016-08,21,Monday,iPhone,Twitter for iPhone,Crooked Hillary Clinton is 100% owned by her donors. #ImWithYou #MAGA https://t.co/iYM3CCWS2z,29632,13205,0.6796410083770752,0.26214084029197693,0.05821807682514191,-0.6214229315519333,Negative
761622293252485120,2016-08-05 17:57:59,2016-08-05,2016,2016-08,17,Friday,Other,Twitter Ads,I'm with YOU. I will work hard and never let you down. Make America Great Again! https://t.co/k1ZvNC3YAC,2805,1103,0.005482847336679697,0.028679218143224716,0.9658379554748535,0.9603551081381738,Positive
762774321580367872,2016-08-08 22:15:44,2016-08-08,2016,2016-08,22,Monday,iPhone,Twitter for iPhone,Thank you @NFIB- together we will #MakeAmericaGreatAgain! https://t.co/wQQIHQKsdK,10778,3621,0.002920463215559721,0.011721032671630383,0.985358476638794,0.9824380134232342,Positive
763516489865523200,2016-08-10 23:24:51,2016-08-10,2016,2016-08,23,Wednesday,iPhone,Twitter for iPhone,#MakeAmericaGreatAgain! https://t.co/8rWz6p1Ged,18013,7133,0.004148379899561405,0.039281219244003296,0.9565704464912415,0.95242206659168,Positive
763860288533856256,2016-08-11 22:10:59,2016-08-11,2016,2016-08,22,Thursday,Other,Twitter Ads,I am counting on your help to defeat Hillary Clinton and her cronies. Let's Make America Great Again! https://t.co/fSKOf0Jz9K,12207,4050,0.03763448819518089,0.19219903647899628,0.7701663970947266,0.7325319088995457,Positive
764045345332396032,2016-08-12 10:26:20,2016-08-12,2016,2016-08,10,Friday,Android,Twitter for Android,"""Ratings challenged @CNN reports so seriously that I call President Obama (and Clinton) """"the founder"""" of ISIS, &, MVP. THEY DON'T GET SARCASM?""",20031,6391,0.801659345626831,0.1880161464214325,0.010324531234800816,-0.7913348143920302,Negative
764186768522420224,2016-08-12 19:48:18,2016-08-12,2016,2016-08,19,Friday,iPhone,Twitter for iPhone,"Thank you Erie, Pennsylvania! Together we will #MakeAmericaGreatAgain! https://t.co/5hZp7PnRoT",19184,6235,0.00231656851246953,0.010350554250180721,0.9873328804969788,0.9850163119845092,Positive
764531827168186369,2016-08-13 18:39:26,2016-08-13,2016,2016-08,18,Saturday,Android,Twitter for Android,I am truly enjoying myself while running for president. The people of our country are amazing - great numbers on November 8th!,36409,9522,0.0033619627356529236,0.00841449573636055,0.9882235527038574,0.9848615899682045,Positive
764553088204214272,2016-08-13 20:03:55,2016-08-13,2016,2016-08,20,Saturday,Android,Twitter for Android,"""""""@need2knowu: @willspeakout yes you are my hero I admire you for laying down your glorious luxurious life to get beat up for America!!!""""""",14588,4062,0.01213090494275093,0.028417538851499557,0.9594515562057495,0.9473206512629986,Positive
767536943353696256,2016-08-22 01:40:42,2016-08-22,2016,2016-08,1,Monday,Android,Twitter for Android,"""""""@Brainykid2010: @shl @realDonaldTrump The ad was actually very good!""""""",7925,1859,0.0021857782267034054,0.011583099141716957,0.9862311482429504,0.984045370016247,Positive
768448216744488960,2016-08-24 14:01:46,2016-08-24,2016,2016-08,14,Wednesday,iPhone,Twitter for iPhone,My thoughts and prayers are with the victims and families of those affected by two powerful earthquakes in Italy and Myanmar.,28538,7043,0.5582202672958374,0.39504575729370117,0.04673397168517113,-0.5114862956106663,Negative
769003323856867328,2016-08-26 02:47:34,2016-08-26,2016,2016-08,2,Friday,Android,Twitter for Android,"""""""@DonaldJTrumpJr: Company Gouging Price Of EpiPens Is A Clinton Foundation Donor And Partner https://t.co/HHlNGnlGMN via dailycaller""""""",13042,7209,0.2596507668495178,0.7138885259628296,0.026460764929652214,-0.2331900019198656,Neutral
769170204941164544,2016-08-26 13:50:42,2016-08-26,2016,2016-08,13,Friday,Android,Twitter for Android,"Crooked Hillary will NEVER be able to solve the problems of poverty, education and safety within the African-American &, Hispanic communities",23260,7198,0.8933577537536621,0.09622421860694885,0.010417986661195755,-0.8829397670924664,Negative
770039317142069248,2016-08-28 23:24:14,2016-08-28,2016,2016-08,23,Sunday,Android,Twitter for Android,"I think that both candidates, Crooked Hillary and myself, should release detailed medical records. I have no problem in doing so! Hillary?",42845,16183,0.08670196682214737,0.5782259106636047,0.3350721001625061,0.24837013334035873,Neutral
772582467601588224,2016-09-04 23:49:48,2016-09-04,2016,2016-09,23,Sunday,Android,Twitter for Android,"""Lyin' Hillary Clinton told the FBI that she did not know the """"C"""" markings on documents stood for CLASSIFIED. How can this be happening?""",39619,15272,0.8350749015808105,0.15520928800106049,0.009715802036225796,-0.8253590995445848,Negative
772606281576280064,2016-09-05 01:24:26,2016-09-05,2016,2016-09,1,Monday,Android,Twitter for Android,"""""""@CherNuna: @realDonaldTrump It defies belief the Web of Lies Hillary is spinning! One excuse after another. Then it's this, then it's that.""",12980,3918,0.8464649319648743,0.13893339037895203,0.01460166648030281,-0.8318632654845715,Negative
772607185851408387,2016-09-05 01:28:02,2016-09-05,2016,2016-09,1,Monday,Android,Twitter for Android,"""""""@lblackvelvet: @realDonaldTrump We need to show Americans that Hillary will KILL our Country !! Vote for Trump !!""""""",15046,4578,0.7949786186218262,0.1690124273300171,0.03600889444351196,-0.7589697241783142,Negative
772863407620034560,2016-09-05 18:26:10,2016-09-05,2016,2016-09,18,Monday,iPhone,Twitter for iPhone,"Heading to Youngstown, Ohio now- some great polls. #AmericaFirst https://t.co/cGwDLSOFUt",21195,8301,0.0020601407159119844,0.03436972573399544,0.9635700583457947,0.9615099176298827,Positive
773281879848062976,2016-09-06 22:09:01,2016-09-06,2016,2016-09,22,Tuesday,iPhone,Twitter for iPad,"Great meeting with military spouses in Virginia- joined by @IvankaTrump, @LaraLeaTrump, @GenFlynn &, @MayorRGiuliani. https://t.co/00GNH9nLet",15704,5422,0.0017939306562766433,0.022166293114423752,0.9760397672653198,0.9742458366090432,Positive
773375897554526208,2016-09-07 04:22:37,2016-09-07,2016,2016-09,4,Wednesday,Android,Twitter for Android,"""""""@adhd_fa:Kudos to @PARISDENNARD for standing up to CNN's attempt to bully you and shout you down for defending @realDonaldTrump #media bias""",13660,4180,0.2734658122062683,0.4449622929096222,0.2815718352794647,0.008106023073196411,Neutral
773834064465920000,2016-09-08 10:43:12,2016-09-08,2016,2016-09,10,Thursday,Android,Twitter for Android,COMING UP @GenFlynn @newtgingrich on @foxandfriends,8599,1856,0.005259478464722633,0.8912203311920166,0.10352016240358353,0.0982606839388609,Neutral
774033670239760384,2016-09-08 23:56:22,2016-09-08,2016,2016-09,23,Thursday,iPhone,Twitter for iPhone,More poll results from last nights Commander-in-Chief Forum. #AmericaFirst #TrumpTrain https://t.co/FxyBL6fO1h,20787,8301,0.005876156967133284,0.7639049291610718,0.23021891713142395,0.22434276016429067,Neutral
775887550506536960,2016-09-14 02:43:01,2016-09-14,2016,2016-09,2,Wednesday,iPhone,Twitter for iPhone,Thank you @RepReneeEllmers!https://t.co/1DrZpfa6je https://t.co/rzEw8pQhds,8810,2981,0.0031955987215042114,0.012777891010046005,0.9840265512466431,0.9808309525251389,Positive
776842647294009344,2016-09-16 17:58:14,2016-09-16,2016,2016-09,17,Friday,iPhone,Twitter for iPhone,I am truly honored and grateful for receiving SO much support from our American heroes...https://t.co/S9bvbysiOr https://t.co/JJQncd3zhf,21545,8256,0.0038080017548054457,0.008897185325622559,0.9872948527336121,0.9834868509788066,Positive
777112789672341504,2016-09-17 11:51:41,2016-09-17,2016,2016-09,11,Saturday,Android,Twitter for Android,I never met former Defense Secretary Robert Gates. He knows nothing about me. But look at the results under his guidance - a total disaster!,19036,5790,0.8861186504364014,0.10307516157627106,0.010806222446262836,-0.8753124279901385,Negative
777696726933180416,2016-09-19 02:32:03,2016-09-19,2016,2016-09,2,Monday,iPhone,Twitter for iPhone,"Terrible attacks in NY, NJ and MN this weekend. Thinking of victims, their families and all Americans! We need to be strong!",32272,9811,0.8675012588500977,0.111911341547966,0.020587434992194176,-0.8469138238579035,Negative
779827513375780864,2016-09-24 23:39:02,2016-09-24,2016,2016-09,23,Saturday,iPhone,Twitter for iPhone,"Thank you Roanoke, Virginia - this a MOVEMENT - join us today!Sign up: https://t.co/NQEgRxQN2m#AmericaFirst... https://t.co/Rz3DkpBQJu",16772,5111,0.0015518078580498695,0.015443000011146069,0.9830052256584167,0.9814534178003669,Positive
780030282854432768,2016-09-25 13:04:46,2016-09-25,2016,2016-09,13,Sunday,Android,Twitter for Android,Bernie Sanders gave Hillary the Dem nomination when he gave up on the e-mails. That issue has only gotten bigger!,21145,6648,0.33192747831344604,0.4970451295375824,0.17102734744548798,-0.16090013086795807,Neutral
780581933176778752,2016-09-27 01:36:50,2016-09-27,2016,2016-09,1,Tuesday,Web,Twitter Web Client,"This is the simple fact about @HillaryClinton: she is a typical politician - all talk, no action. #Debates2016",27412,10681,0.8757970929145813,0.11564657092094421,0.008556332439184189,-0.8672407604753971,Negative
780593298247483392,2016-09-27 02:21:59,2016-09-27,2016,2016-09,2,Tuesday,Web,Twitter Web Client,Hillary Clinton is the only candidate on stage who voted for the Iraq War. #Debates2016 #MAGA https://t.co/Um5WJXEEKr,16687,7263,0.6724091172218323,0.30200275778770447,0.02558816969394684,-0.6468209475278854,Negative
780954455504199680,2016-09-28 02:17:06,2016-09-28,2016,2016-09,2,Wednesday,iPhone,Twitter for iPhone,My supporters are the best! $18 million from hard-working people who KNOW what we can be again! Shatter the record: https://t.co/8ZHGyOth0f,23541,8189,0.003405351424589753,0.008255129680037498,0.9883395433425903,0.9849341919180006,Positive
781922648645185536,2016-09-30 18:24:21,2016-09-30,2016,2016-09,18,Friday,iPhone,Twitter for iPhone,"Why isn't Hillary 50 points ahead? Maybe it's the email scandal, policies that spread ISIS, or calling millions of... https://t.co/yKz9vCz8O1",44135,21239,0.6121324300765991,0.37314796447753906,0.014719638042151928,-0.5974127920344472,Negative
781947646319665152,2016-09-30 20:03:41,2016-09-30,2016,2016-09,20,Friday,iPhone,Twitter for iPhone,"Join me in Pueblo, Colorado on Monday afternoon at 3pm! #TrumpRallyhttps://t.co/3P3QZxzSPJ",10665,4781,0.0033924237359315157,0.7980142831802368,0.19859322905540466,0.19520080531947315,Neutral
783838014363623424,2016-10-06 01:15:20,2016-10-06,2016,2016-10,1,Thursday,iPhone,Twitter for iPhone,"Amazing rally in Reno, Nevada- thank you. Make sure you get out on 11/8 &, VOTE #TrumpPence16. Together, we will put... https://t.co/6gPJhb29xk",14878,5822,0.002715654205530882,0.02555164508521557,0.9717327356338501,0.9690170814283192,Positive
784164902780882944,2016-10-06 22:54:16,2016-10-06,2016,2016-10,22,Thursday,iPhone,Twitter for iPhone,New National Rasmussen Poll: https://t.co/BnAveA5OuP,23034,10535,0.01937519945204258,0.9132431745529175,0.06738165020942688,0.0480064507573843,Neutral
785274843042230280,2016-10-10 00:24:46,2016-10-10,2016,2016-10,0,Monday,iPhone,Twitter for iPhone,My team of deplorables will be taking over my Twitter account for tonight's #debate#MakeAmericaGreatAgain,33791,10078,0.579889178276062,0.32965826988220215,0.09045258164405823,-0.4894365966320038,Negative
785291077649588226,2016-10-10 01:29:17,2016-10-10,2016,2016-10,1,Monday,Web,Twitter Web Client,"Hillary’s 33,000 deleted emails about her daughter’s wedding. That’s a lot of wedding emails. #debate",27317,10425,0.5765842795372009,0.38729187846183777,0.03612377494573593,-0.540460504591465,Negative
785854588654092290,2016-10-11 14:48:29,2016-10-11,2016,2016-10,14,Tuesday,iPhone,Twitter for iPhone,Disloyal R's are far more difficult than Crooked Hillary. They come at you from all sides. They don’t know how to win - I will teach them!,47534,18967,0.9188383221626282,0.07087206840515137,0.010289656929671764,-0.9085486652329564,Negative
785979396620324865,2016-10-11 23:04:25,2016-10-11,2016,2016-10,23,Tuesday,Android,Twitter for Android,"Wow, @CNN Town Hall questions were given to Crooked Hillary Clinton in advance of big debates against Bernie Sanders. Hillary &, CNN FRAUD!",48151,23353,0.708217442035675,0.24685189127922058,0.04493061453104019,-0.6632868275046349,Negative
786054986534969344,2016-10-12 04:04:47,2016-10-12,2016,2016-10,4,Wednesday,iPhone,Twitter for iPhone,"Thank you Florida- a MOVEMENT that has never been seen before and will never be seen again. Lets get out &,... https://t.co/t9XM9wFDZI",40529,15744,0.016087286174297333,0.06696808338165283,0.916944682598114,0.9008573964238167,Positive
787758668565581824,2016-10-16 20:54:37,2016-10-16,2016,2016-10,20,Sunday,Android,Twitter for Android,"Paul Ryan, a man who doesn't know how to win (including failed run four years ago), must start focusing on the budget, military, vets etc.",24187,9012,0.8721939325332642,0.11856820434331894,0.009237884543836117,-0.862956047989428,Negative
788150475258343424,2016-10-17 22:51:31,2016-10-17,2016,2016-10,22,Monday,iPhone,Twitter for iPhone,Get rich quick! Crooked Hillary Clinton's pay to play guide: https://t.co/uKh5sCFfrv,55366,37408,0.27036210894584656,0.48521655797958374,0.24442128837108612,-0.025940820574760437,Neutral
788402585816276992,2016-10-18 15:33:18,2016-10-18,2016,2016-10,15,Tuesday,iPhone,Twitter for iPhone,"I will Make Our Government Honest Again -- believe me. But first, I'm going to have to #DrainTheSwamp in DC. https://t.co/m1lMAQPnIb",21992,11034,0.053641803562641144,0.43236643075942993,0.5139917731285095,0.4603499695658684,Positive
788402786970939392,2016-10-18 15:34:06,2016-10-18,2016,2016-10,15,Tuesday,iPhone,Twitter for iPhone,Pay-to-play. Collusion. Cover-ups. And now bribery? So CROOKED. I will #DrainTheSwamp. https://t.co/FNzMit7mD8,20859,12615,0.8465387225151062,0.14091673493385315,0.012544536963105202,-0.833994185552001,Negative
788450384809340928,2016-10-18 18:43:15,2016-10-18,2016,2016-10,18,Tuesday,iPhone,Twitter for iPhone,"FL, KS, ME, MD, MN, NJ, OR &, WV! It's the LAST DAY to mail in voter reg forms. Get the forms at... https://t.co/CbpgL6wynY",12170,6772,0.007529515773057938,0.7392809987068176,0.2531895339488983,0.24566001817584038,Neutral
788852833810427905,2016-10-19 21:22:26,2016-10-19,2016,2016-10,21,Wednesday,iPhone,Twitter for iPhone,Obamacare premiums increasing 33% in Pennsylvania - a complete disaster. It must be repealed and replaced!... https://t.co/aDZEfcI7SM,16445,8490,0.9389214515686035,0.05409853532910347,0.006979947444051504,-0.931941504124552,Negative
788909516775567360,2016-10-20 01:07:40,2016-10-20,2016,2016-10,1,Thursday,Web,Twitter Web Client,Hillary Clinton wants to create the most liberal Supreme Court in history #debate #DrainTheSwamp https://t.co/fKJBNXvluh,9906,5899,0.32250282168388367,0.6077874302864075,0.06970982253551483,-0.25279299914836884,Neutral
788921162591973376,2016-10-20 01:53:57,2016-10-20,2016,2016-10,1,Thursday,Web,Twitter Web Client,.@realDonaldTrump will do more in the first 30 days in office than Hillary has done in the last 30 years! #Debate... https://t.co/GunaVggS0N,6812,3091,0.03036048449575901,0.4495110809803009,0.5201284289360046,0.48976794444024563,Positive
788926328976187392,2016-10-20 02:14:29,2016-10-20,2016,2016-10,2,Thursday,iPhone,Twitter for iPhone,"""Hillary says """"take back Mosul?"""" We would have NEVER lost Mosul- if it wasn't for #CrookedHillary. #DrainTheSwamp https://t.co/TmsY0ApFLQ""",13455,6192,0.7178789973258972,0.2635846734046936,0.01853632554411888,-0.6993426717817783,Negative
788926818162139136,2016-10-20 02:16:25,2016-10-20,2016,2016-10,2,Thursday,iPhone,Twitter for iPhone,HILLARY FAILED ALL OVER THE WORLD. #BigLeagueTruth ❌LIBYA❌SYRIA❌IRAN❌IRAQ❌ASIA PIVOT❌RUSSIAN RESET❌BENGHAZI... https://t.co/H1UH0svtt2,17404,9514,0.8840546607971191,0.10840923339128494,0.007536161690950394,-0.8765184991061687,Negative
788928106950070272,2016-10-20 02:21:32,2016-10-20,2016,2016-10,2,Thursday,Web,Twitter Web Client,"I opposed going into Iraq. Hillary voted for it. As with everything else she's supported, it was a DISASTER. https://t.co/Um5WJXWfBZ",11456,5318,0.9188413619995117,0.07418731600046158,0.00697132246568799,-0.9118700395338237,Negative
788930515520724992,2016-10-20 02:31:07,2016-10-20,2016,2016-10,2,Thursday,iPhone,Twitter for iPhone,The economy cannot take four more years of these same failed policies.#BigLeagueTruth #DrainTheSwamp https://t.co/o8g2E5xXy6,12741,6405,0.9160967469215393,0.0765085518360138,0.007394795771688223,-0.9087019511498511,Negative
789966670630715394,2016-10-22 23:08:25,2016-10-22,2016,2016-10,23,Saturday,iPhone,Twitter for iPhone,"Just arrived in Cleveland, Ohio- join Governor @Mike_Pence and I now, LIVE via: https://t.co/SS58ChFTNy",13232,5376,0.005139756016433239,0.8995082378387451,0.09535204619169235,0.09021229017525911,Neutral
790025084870287360,2016-10-23 03:00:32,2016-10-23,2016,2016-10,3,Sunday,iPhone,Twitter for iPhone,"Thank you for the massive turnout tonight- Cleveland, Ohio! Get out &, VOTE #TrumpPence16 on 11/8.Watch rally here:... https://t.co/XuJZeJwSGk",29201,12003,0.0019988359417766333,0.03116670623421669,0.9668344855308533,0.9648356495890766,Positive
790936027871477764,2016-10-25 15:20:18,2016-10-25,2016,2016-10,15,Tuesday,iPhone,Twitter for iPhone,#ObamacareFail https://t.co/Mb0YW1rg6g,18044,10133,0.9046350717544556,0.08852025121450424,0.006844690069556236,-0.8977903816848993,Negative
791022438486343680,2016-10-25 21:03:40,2016-10-25,2016,2016-10,21,Tuesday,iPhone,Twitter for iPhone,'Obama Warned Of Rigged Elections In 2008.' Time to #DrainTheSwamphttps://t.co/AkczH8l0FJ https://t.co/7mIkwAHTuV,20116,12671,0.6575424671173096,0.3310823440551758,0.011375143192708492,-0.6461673239246011,Negative
793120426541056000,2016-10-31 16:00:19,2016-10-31,2016,2016-10,16,Monday,iPhone,Twitter for iPhone,'Hillary's Two Official Favors To Morocco Resulted In $28 Million For Clinton Foundation' #DrainTheSwamphttps://t.co/6qOO7FZSvF,18099,11806,0.10135871917009354,0.8314825296401978,0.06715875118970871,-0.03419996798038483,Neutral
793167761509851137,2016-10-31 19:08:25,2016-10-31,2016,2016-10,19,Monday,iPhone,Twitter for iPhone,#ObamacareFail #HillarycareFail https://t.co/gaXOWVI0Xa,21911,13048,0.9162523150444031,0.07719653099775314,0.006551157683134079,-0.909701157361269,Negative
795443728282505216,2016-11-07 01:52:18,2016-11-07,2016,2016-11,1,Monday,iPhone,Twitter for iPhone,Thank you Michigan! This is a MOVEMENT that will never be seen again- it's our last chance to #DrainTheSwamp! Watch... https://t.co/cSdGkCFYRL,32762,12794,0.008891253732144833,0.04802021011710167,0.9430884718894958,0.934197218157351,Positive
802972944532209664,2016-11-27 20:30:43,2016-11-27,2016,2016-11,20,Sunday,Android,Twitter for Android,"In addition to winning the Electoral College in a landslide, I won the popular vote if you deduct the millions of people who voted illegally",135478,42551,0.07663726061582565,0.5189609527587891,0.4044017791748047,0.32776451855897903,Neutral
803931490514075648,2016-11-30 11:59:38,2016-11-30,2016,2016-11,11,Wednesday,Android,Twitter for Android,"Hence, legal documents are being crafted which take me completely out of business operations. The Presidency is a far more important task!",64385,13974,0.6594343185424805,0.2972070276737213,0.04335865378379822,-0.6160756647586823,Negative
806995622117122048,2016-12-08 22:55:24,2016-12-08,2016,2016-12,22,Thursday,iPhone,Twitter for iPhone,"On my way to Des Moines, Iowa- will see you soon with @mike_pence. Join us! Tickets: https://t.co/1IuRTVwMSx #ThankYouTour2016",17972,3227,0.0016566759441047907,0.22555087506771088,0.7727924585342407,0.7711357825901359,Positive
808456602076545025,2016-12-12 23:40:48,2016-12-12,2016,2016-12,23,Monday,Android,Twitter for Android,The final Wisconsin vote is in and guess what - we just picked up an additional 131 votes. The Dems and Green Party can now rest. Scam!,86393,23140,0.5583800077438354,0.3427685499191284,0.09885142743587494,-0.4595285803079605,Negative
815992069412057088,2017-01-02 18:44:04,2017-01-02,2017,2017-01,18,Monday,Android,Twitter for Android,"I thought and felt I would win big, easily over the fabled 270 (306). When they cancelled fireworks, they knew, and so did I.",52174,10696,0.017087893560528755,0.22421173751354218,0.7587003111839294,0.7416124176234007,Positive
817329823374831617,2017-01-06 11:19:49,2017-01-06,2017,2017-01,11,Friday,Android,Twitter for Android,"The dishonest media does not report that any money spent on building the Great Wall (for sake of speed), will be paid back by Mexico later!",54861,15421,0.696506917476654,0.2834059000015259,0.020087193697690964,-0.6764197237789631,Negative
817753083707015168,2017-01-07 15:21:42,2017-01-07,2017,2017-01,15,Saturday,Android,Twitter for Android,"both countries will, perhaps, work together to solve some of the many great and pressing problems and issues of the WORLD!",58171,12869,0.01746920496225357,0.14192894101142883,0.8406018614768982,0.8231326565146446,Positive
819162968592183298,2017-01-11 12:44:05,2017-01-11,2017,2017-01,12,Wednesday,Android,Twitter for Android,"""I win an election easily, a great """"movement"""" is verified, and crooked opponents try to belittle our victory with FAKE NEWS. A sorry state!""",96110,22835,0.6374160647392273,0.2175045907497406,0.1450793296098709,-0.4923367351293564,Negative
820255947956383744,2017-01-14 13:07:12,2017-01-14,2017,2017-01,13,Saturday,Android,Twitter for Android,"mention crime infested) rather than falsely complaining about the election results. All talk, talk, talk - no action or results. Sad!",64202,13177,0.8953227996826172,0.09659244120121002,0.008084726519882679,-0.8872380731627345,Negative
821342600322043905,2017-01-17 13:05:10,2017-01-17,2017,2017-01,13,Tuesday,Android,Twitter for Android,"People are pouring into Washington in record numbers. Bikers for Trump are on their way. It will be a great Thursday, Friday and Saturday!",102467,20180,0.004118282347917557,0.032897066324949265,0.9629846215248108,0.9588663391768932,Positive
822504142178500608,2017-01-20 18:00:43,2017-01-20,2017,2017-01,18,Friday,iPhone,Twitter for iPhone,"So to all Americans, in every city near and far, small and large, from mountain to mountain...https://t.co/cZKkrGXLSi",74676,11530,0.023151356726884842,0.8575773239135742,0.11927130818367004,0.0961199514567852,Neutral
824440456813707265,2017-01-26 02:14:56,2017-01-26,2017,2017-01,2,Thursday,iPhone,Twitter for iPhone,"As your President, I have no higher duty than to protect the lives of the American people. https://t.co/o7YNUNwb8f",130655,23750,0.035520102828741074,0.3730674386024475,0.5914124846458435,0.5558923818171024,Positive
828748574255091714,2017-02-06 23:33:52,2017-02-06,2017,2017-02,23,Monday,iPhone,Twitter for iPhone,An extended interview from the Super Bowl with @oreillyfactor airs tonight at 8:00 P.M. Enjoy! https://t.co/kZdHqaNTVR,45428,6446,0.001794030424207449,0.18563827872276306,0.8125676512718201,0.8107736208476126,Positive
829836231802515457,2017-02-09 23:35:49,2017-02-09,2017,2017-02,23,Thursday,Android,Twitter for Android,"SEE YOU IN COURT, THE SECURITY OF OUR NATION IS AT STAKE!",200858,54010,0.8799356818199158,0.102317214012146,0.01774715445935726,-0.8621885273605585,Negative
832704292993847296,2017-02-17 09:32:29,2017-02-17,2017,2017-02,9,Friday,Android,Twitter for Android,"The FAKE NEWS media (failing @nytimes, @CNN, @NBCNews and many more) is not my enemy, it is the enemy of the American people. SICK!",247,112,0.932063639163971,0.05919194966554642,0.008744419552385807,-0.9233192196115851,Negative
837996746236182529,2017-03-04 12:02:48,2017-03-04,2017,2017-03,12,Saturday,Android,Twitter for Android,How low has President Obama gone to tapp my phones during the very sacred election process. This is Nixon/Watergate. Bad (or sick) guy!,146971,51244,0.9144965410232544,0.0782388225197792,0.007264616433531046,-0.9072319245897233,Negative
841974528683192320,2017-03-15 11:29:05,2017-03-15,2017,2017-03,11,Wednesday,iPhone,Twitter for iPhone,"Looking forward to a big rally in Nashville, Tennessee, tonight. Big crowd of great people expected. Will be fun!",72093,11621,0.0018981745233759284,0.00861266814172268,0.9894891381263733,0.9875909636029974,Positive
842229104434913280,2017-03-16 04:20:41,2017-03-16,2017,2017-03,4,Thursday,iPhone,Twitter for iPhone,"Thank you Nashville, Tennessee! https://t.co/6snvQ0DzXN",68499,12324,0.002119499957188964,0.015295061282813549,0.9825854301452637,0.9804659301880747,Positive
847056211006631936,2017-03-29 12:01:52,2017-03-29,2017,2017-03,12,Wednesday,iPhone,Twitter for iPhone,"Remember when the failing @nytimes apologized to its subscribers, right after the election, because their coverage was so wrong. Now worse!",62464,12314,0.945253312587738,0.05020806938409805,0.004538663197308779,-0.9407146493904293,Negative
847236476815511552,2017-03-29 23:58:11,2017-03-29,2017,2017-03,23,Wednesday,Other,Twitter Media Studio,.@FLOTUS Melania and I were honored to stop by the Women's Empowerment Panel this afternoon at the @WhiteHouse.... https://t.co/phLPw8lgTu,46122,8394,0.00145100022200495,0.019422616809606552,0.9791264533996582,0.9776754531776533,Positive
851781714028494849,2017-04-11 12:59:20,2017-04-11,2017,2017-04,12,Tuesday,iPhone,Twitter for iPhone,"Ron Estes is running TODAY for Congress in the Great State of Kansas. A wonderful guy, I need his help on Healthcare &, Tax Cuts (Reform).",49601,9854,0.0034287660382688046,0.048301614820957184,0.9482696056365967,0.9448408395983279,Positive
853583417916755968,2017-04-16 12:18:40,2017-04-16,2017,2017-04,12,Sunday,iPhone,Twitter for iPhone,Why would I call China a currency manipulator when they are working with us on the North Korean problem? We will see what happens!,61022,12002,0.7401453852653503,0.24907389283180237,0.010780724696815014,-0.7293646605685353,Negative
853604334944354305,2017-04-16 13:41:47,2017-04-16,2017,2017-04,13,Sunday,iPhone,Twitter for iPhone,"Our military is building and is rapidly becoming stronger than ever before. Frankly, we have no choice!",88055,16425,0.01849733479321003,0.13493900001049042,0.8465636968612671,0.8280663620680571,Positive
854870777287634944,2017-04-20 01:34:10,2017-04-20,2017,2017-04,1,Thursday,Other,Twitter Ads,A great honor to host the @SuperBowl Champion New England @Patriots at the White House today. Congratulations!... https://t.co/tQ5XEPaIxn,41553,7795,0.0021912555675953627,0.011181476525962353,0.9866272807121277,0.9844360251445323,Positive
857295731929034753,2017-04-26 18:10:04,2017-04-26,2017,2017-04,18,Wednesday,Other,Twitter Ads,"Today, I signed an Executive Order @ the U.S. Dept. of @Interior: 'Review of Designations Under the Antiquities Act... https://t.co/Eq6JDzMqTY",28389,5713,0.006922987289726734,0.8689704537391663,0.12410662323236465,0.11718363594263792,Neutral
859514893418082310,2017-05-02 21:08:14,2017-05-02,2017,2017-05,21,Tuesday,iPhone,Twitter for iPhone,"Congratulations to the winners of the Commander-in-Chief's Trophy, the great Air Force Falcons! Watch:... https://t.co/HyxxFCfaUh",35649,6665,0.0023484507109969854,0.022753281518816948,0.9748982787132263,0.9725498280022293,Positive
861201362834665472,2017-05-07 12:49:39,2017-05-07,2017,2017-05,12,Sunday,iPhone,Twitter for iPhone,Republican Senators will not let the American people down! ObamaCare premiums and deductibles are way up - it was a lie and it is dead!,50377,10198,0.8820446729660034,0.10227443277835846,0.01568089798092842,-0.866363774985075,Negative
861544307043467264,2017-05-08 11:32:24,2017-05-08,2017,2017-05,11,Monday,iPhone,Twitter for iPhone,Congratulations to @PGA_JohnDaly on his big win yesterday. John is a great guy who never gave up - and now a winner again!,43441,8236,0.002843125257641077,0.009509338065981865,0.987647533416748,0.984804408159107,Positive
862263649821503489,2017-05-10 11:10:48,2017-05-10,2017,2017-05,11,Wednesday,iPhone,Twitter for iPhone,"The Democrats have said some of the worst things about James Comey, including the fact that he should be fired, but now they play so sad!",63343,15015,0.9435538649559021,0.05156800150871277,0.004878175910562277,-0.9386756890453398,Negative
862282202188566529,2017-05-10 12:24:32,2017-05-10,2017,2017-05,12,Wednesday,iPhone,Twitter for iPhone,"""Watching Senator Richard Blumenthal speak of Comey is a joke. """"Richie"""" devised one of the greatest military frauds in U.S. history. For....""",47324,11608,0.9210615754127502,0.07128393650054932,0.0076544019393622875,-0.913407173473388,Negative
863194069891031041,2017-05-13 00:47:58,2017-05-13,2017,2017-05,0,Saturday,Other,Twitter Ads,#WeeklyAddress🇺🇸➡️https://t.co/uT4K4fh88Y https://t.co/1iW7tVVNCH,39144,8830,0.006026805844157934,0.7536956667900085,0.24027755856513977,0.23425075272098184,Neutral
868407229380268033,2017-05-27 10:03:12,2017-05-27,2017,2017-05,10,Saturday,iPhone,Twitter for iPhone,"Many NATO countries have agreed to step up payments considerably, as they should. Money is beginning to pour in- NATO will be much stronger.",63901,13206,0.007184664253145456,0.21673350036144257,0.7760818600654602,0.7688971958123147,Positive
868798339671830529,2017-05-28 11:57:20,2017-05-28,2017,2017-05,11,Sunday,iPhone,Twitter for iPhone,"Just arrived in Italy after having a very successful NATO meeting in Brussels. Told other nations they must pay more, not fair to U.S.",1889,416,0.16780860722064972,0.4320763647556305,0.4001150131225586,0.23230640590190887,Neutral
868840252227674113,2017-05-28 14:43:53,2017-05-28,2017,2017-05,14,Sunday,iPhone,Twitter for iPhone,British Prime Minister May was very angry that the info the U.K. gave to U.S. about Manchester was leaked. Gave me full details!,58527,13296,0.7890691161155701,0.19882617890834808,0.012104696594178677,-0.7769644195213914,Negative
871679061847879682,2017-06-05 10:44:18,2017-06-05,2017,2017-06,10,Monday,iPhone,Twitter for iPhone,In any event we are EXTREME VETTING people coming into the U.S. in order to help keep our country safe. The courts are slow and political!,74751,15784,0.35990265011787415,0.4986283481121063,0.1414691060781479,-0.21843354403972626,Neutral
872059997429022722,2017-06-06 11:58:00,2017-06-06,2017,2017-06,11,Tuesday,iPhone,Twitter for iPhone,The FAKE MSM is working so hard trying to get me not to use Social Media. They hate that I can get the honest and unfiltered message out.,93562,21850,0.8788403868675232,0.11255406588315964,0.00860559195280075,-0.8702347949147224,Negative
872064426568036353,2017-06-06 12:15:36,2017-06-06,2017,2017-06,12,Tuesday,iPhone,Twitter for iPhone,"Sorry folks, but if I would have relied on the Fake News of CNN, NBC, ABC, CBS, washpost or nytimes, I would have had ZERO chance winning WH",88983,20496,0.9040334820747375,0.0879160538315773,0.00805044174194336,-0.8959830403327942,Negative
872243414930264065,2017-06-07 00:06:50,2017-06-07,2017,2017-06,0,Wednesday,Other,Twitter Ads,"Great meeting with @HouseGOP and @SenateGOP leaders, including @SpeakerRyan, @SenateMajLdr, @GOPLeader, @JohnCornyn... https://t.co/G03W8CEtCS",37918,7300,0.0021745869889855385,0.013315320946276188,0.9845101237297058,0.9823355367407203,Positive
872419018799550464,2017-06-07 11:44:37,2017-06-07,2017,2017-06,11,Wednesday,iPhone,Twitter for iPhone,"I will be nominating Christopher A. Wray, a man of impeccable credentials, to be the new Director of the FBI. Details to follow.",81666,19893,0.0036235335282981396,0.2493126392364502,0.7470638155937195,0.7434402820654213,Positive
873878061778907137,2017-06-11 12:22:20,2017-06-11,2017,2017-06,12,Sunday,iPhone,Twitter for iPhone,"The #FakeNews MSM doesn't report the great economic news since Election Day. #DOW up 16%. #NASDAQ up 19.5%. Drilling &, energy sector...",83364,19465,0.334474116563797,0.4220272898674011,0.24349859356880188,-0.09097552299499512,Neutral
873884774041079808,2017-06-11 12:49:00,2017-06-11,2017,2017-06,12,Sunday,iPhone,Twitter for iPhone,"The Democrats have no message, not on economics, not on taxes, not on jobs, not on failing #Obamacare. They are only OBSTRUCTIONISTS!",92373,24175,0.9268755316734314,0.06527172029018402,0.007852813228964806,-0.9190227184444666,Negative
874822136782880768,2017-06-14 02:53:45,2017-06-14,2017,2017-06,2,Wednesday,iPhone,Twitter for iPhone,"Just got back from Wisconsin. Great day, great people!",71742,9389,0.0028412658721208572,0.007534111384302378,0.9896246790885925,0.9867834132164717,Positive
875305788708974592,2017-06-15 10:55:37,2017-06-15,2017,2017-06,10,Thursday,iPhone,Twitter for iPhone,"They made up a phony collusion with the Russians story, found zero proof, so now they go for obstruction of justice on the phony story. Nice",118226,32612,0.8623102903366089,0.12531206011772156,0.012377576902508736,-0.8499327134341002,Negative
875468769212149760,2017-06-15 21:43:14,2017-06-15,2017,2017-06,21,Thursday,Web,Twitter Web Client,"Thank you Wisconsin! Tuesday was a great success for #WorkforceWeek at @WCTC w/ @IvankaTrump &, @GovWalker. Remarks... https://t.co/L8o396yYKX",41498,7455,0.0016358185093849897,0.010448257438838482,0.9879158735275269,0.9862800550181419,Positive
876778344636928000,2017-06-19 12:27:01,2017-06-19,2017,2017-06,12,Monday,iPhone,Twitter for iPhone,"The Dems want to stop tax cuts, good healthcare and Border Security.Their ObamaCare is dead with 100% increases in P's. Vote now for Karen H",70328,18076,0.84489506483078,0.13777582347393036,0.01732921600341797,-0.8275658488273621,Negative
880158771762286592,2017-06-28 20:19:38,2017-06-28,2017,2017-06,20,Wednesday,Other,Twitter Media Studio,"#ICYMI- on Monday, I had the great honor of welcoming India's Prime Minister @narendramodi to the WH. Full Remarks:... https://t.co/7IIQEh7xXv",38429,8951,0.0012728450819849968,0.02369178831577301,0.9750354290008545,0.9737625839188695,Positive
880540637358981120,2017-06-29 21:37:02,2017-06-29,2017,2017-06,21,Thursday,iPhone,Twitter for iPhone,"Good news, House just passed #KatesLaw. Hopefully Senate will follow.",83649,18105,0.002737186150625348,0.028230896219611168,0.9690319299697876,0.9662947438191622,Positive
880563788705148928,2017-06-29 23:09:01,2017-06-29,2017,2017-06,23,Thursday,iPhone,Twitter for iPhone,"When it comes to the future of America’s energy needs, we will FIND IT, we will DREAM IT, and we will BUILD IT.... https://t.co/m0HmPbUZ6C",46351,9564,0.011103346012532711,0.34473612904548645,0.6441604495048523,0.6330571034923196,Positive
880771685460344832,2017-06-30 12:55:08,2017-06-30,2017,2017-06,12,Friday,iPhone,Twitter for iPhone,Watched low rated @Morning_Joe for first time in long time. FAKE NEWS. He called me to stop a National Enquirer article. I said no! Bad show,68146,14931,0.9487160444259644,0.04601976275444031,0.005264133680611849,-0.9434519107453525,Negative
881604490041995271,2017-07-02 20:04:24,2017-07-02,2017,2017-07,20,Sunday,Other,Twitter Media Studio,The dishonest media will NEVER keep us from accomplishing our objectives on behalf of our GREAT AMERICAN PEOPLE!... https://t.co/EwnwCeuGMv,91685,22077,0.2183830291032791,0.41063082218170166,0.3709861934185028,0.1526031643152237,Neutral
881697281233354753,2017-07-03 02:13:07,2017-07-03,2017,2017-07,2,Monday,Other,Twitter Media Studio,"America's men &, women in uniform is the story of FREEDOM overcoming OPPRESSION, the STRONG protecting the WEAK, &, G... https://t.co/LtTpGsP3fC",87702,20769,0.013998148031532764,0.40906113386154175,0.5769407153129578,0.562942567281425,Positive
882325456162361344,2017-07-04 19:49:16,2017-07-04,2017,2017-07,19,Tuesday,iPhone,Twitter for iPhone,Getting ready to celebrate the 4th of July with a big crowd at the White House. Happy 4th to everyone. Our country will grow and prosper!,116248,20114,0.0018622279167175293,0.009786872193217278,0.9883509874343872,0.9864887595176697,Positive
884033889613828096,2017-07-09 12:57:58,2017-07-09,2017,2017-07,12,Sunday,Other,Twitter Media Studio,MAKE AMERICA GREAT AGAIN! https://t.co/NVDVRrWLs4,82416,19696,0.004113772418349981,0.03918836638331413,0.9566978216171265,0.9525840491987765,Positive
886538703547621376,2017-07-16 10:51:12,2017-07-16,2017,2017-07,10,Sunday,iPhone,Twitter for iPhone,"Thank you to all of the supporters, who far out-numbered the protesters, yesterday at the Women's U.S. Open. Very cool!",93980,15269,0.003241325030103326,0.01313005294650793,0.9836286306381226,0.9803873056080192,Positive
886950594220568576,2017-07-17 14:07:55,2017-07-17,2017,2017-07,14,Monday,iPhone,Twitter for iPhone,Most politicians would have gone to a meeting like the one Don jr attended in order to get info on an opponent. That's politics!,85543,16400,0.3714936673641205,0.5921112895011902,0.036395084112882614,-0.33509858325123787,Neutral
888393378970439682,2017-07-21 13:41:01,2017-07-21,2017,2017-07,13,Friday,iPhone,Twitter for iPhone,#MadeInAmerica🇺🇸📸https://t.co/39dwlGHI7R https://t.co/VfIrc5Xssx,35693,7170,0.004678407218307257,0.25478431582450867,0.7405372858047485,0.7358588785864413,Positive
888420461075476480,2017-07-21 15:28:38,2017-07-21,2017,2017-07,15,Friday,Other,Twitter Media Studio,"""""""Six months in - it is the hope of GROWTH📈that is making America🇺🇸FOUR TRILLION DOLLARS💰RICHER."""" -Stuart @VarneyCo🎥https://t.co/s7fYOicWGV https://t.co/x9MeUzDom6""",47912,12459,0.003940774593502283,0.1223677396774292,0.8736914992332458,0.8697507246397436,Positive
888895687865380864,2017-07-22 22:57:01,2017-07-22,2017,2017-07,22,Saturday,iPhone,Twitter for iPhone,"American steel &, American hands have constructed a 100,000 ton message to the world: American MIGHT IS SECOND TO NONE!#USSGeraldRFord #USA https://t.co/Pibf37Eybg",47541,10554,0.03199942409992218,0.6411495208740234,0.3268510401248932,0.294851616024971,Neutral
890208319566229504,2017-07-26 13:52:57,2017-07-26,2017,2017-07,13,Wednesday,iPhone,Twitter for iPhone,"...big dollars ($700,000) for his wife's political run from Hillary Clinton and her representatives. Drain the Swamp!",62958,14001,0.6761918067932129,0.29338255524635315,0.030425695702433586,-0.6457661110907793,Negative
891257113565163520,2017-07-29 11:20:29,2017-07-29,2017,2017-07,11,Saturday,iPhone,Twitter for iPhone,"Republican Senate must get rid of 60 vote NOW! It is killing the R Party, allows 8 Dems to control country. 200 Bills sit in Senate. A JOKE!",57622,14559,0.9201684594154358,0.07224836945533752,0.007583191152662039,-0.9125852682627738,Negative
891623821702295552,2017-07-30 11:37:39,2017-07-30,2017,2017-07,11,Sunday,iPhone,Twitter for iPhone,"Don't give up Republican Senators, the World is watching: Repeal &, Replace...and go to 51 votes (nuke option), get Cross State Lines &, more.",89012,19897,0.10461301356554031,0.6494839191436768,0.24590307474136353,0.1412900611758232,Neutral
892782712322437120,2017-08-02 16:22:40,2017-08-02,2017,2017-08,16,Wednesday,iPhone,Twitter for iPhone,"""""""Why the Rust Belt just gave Donald Trump a hero's welcome""""https://t.co/nqiZ8h8ajk""",46719,9707,0.05930040776729584,0.60755854845047,0.3331410586833954,0.27384065091609955,Neutral
893957896190533632,2017-08-05 22:12:26,2017-08-05,2017,2017-08,22,Saturday,iPhone,Twitter for iPhone,"""""""Under Trump, gains against #ISIS have dramatically accelerated""""https://t.co/jNtOTh0moL""",53375,11592,0.023828968405723572,0.40672940015792847,0.569441556930542,0.5456125885248184,Positive
896452967741747200,2017-08-12 19:26:57,2017-08-12,2017,2017-08,19,Saturday,iPhone,Twitter for iPhone,"Join me live from Bedminster, New Jersey: https://t.co/P3cRVvE0cY",27211,4125,0.004922966938465834,0.8621923327445984,0.13288474082946777,0.12796177389100194,Neutral
896467135391596544,2017-08-12 20:23:15,2017-08-12,2017,2017-08,20,Saturday,iPhone,Twitter for iPhone,What is vital now is a swift restoration of law and order and the protection of innocent lives.#Charlottesville https://t.co/DB22fgnu6L,58500,13917,0.07707071304321289,0.634737491607666,0.2881917357444763,0.21112102270126343,Neutral
897784898865553409,2017-08-16 11:39:34,2017-08-16,2017,2017-08,11,Wednesday,iPhone,Twitter for iPhone,Kim Jong Un of North Korea made a very wise and well reasoned decision. The alternative would have been both catastrophic and unacceptable!,99079,21411,0.2690042555332184,0.512061595916748,0.21893416345119476,-0.05007009208202362,Neutral
899466340238491648,2017-08-21 03:01:01,2017-08-21,2017,2017-08,3,Monday,iPhone,Twitter for iPhone,"Thoughts &, prayers are w/ our @USNavy sailors aboard the #USSJohnSMcCain where search &, rescue efforts are underway. https://t.co/DQU0zTRXNU",73496,16865,0.04621894657611847,0.8478268384933472,0.10595420002937317,0.0597352534532547,Neutral
900875799292776448,2017-08-25 00:21:42,2017-08-25,2017,2017-08,0,Friday,Other,Twitter Media Studio,A GREAT HONOR to spend time with our BRAVE HEROES at the @USMC Air Station Yuma. THANK YOU for your service to the United States of America! https://t.co/4lJ94nxODu,51728,9877,0.003007258288562298,0.011883052065968513,0.9851096868515015,0.9821024285629392,Positive
901205593054162945,2017-08-25 22:12:11,2017-08-25,2017,2017-08,22,Friday,iPhone,Twitter for iPhone,Storm turned Hurricane is getting much bigger and more powerful than projected. Federal Government is on site and ready to respond. Be safe!,87772,16649,0.17863768339157104,0.5472584366798401,0.27410390973091125,0.09546622633934021,Neutral
901795255086968833,2017-08-27 13:15:18,2017-08-27,2017,2017-08,13,Sunday,iPhone,Twitter for iPhone,"I will also be going to a wonderful state, Missouri, that I won by a lot in '16. Dem C.M. is opposed to big tax cuts. Republican will win S!",57491,9816,0.0257119107991457,0.1333455890417099,0.8409424424171448,0.8152305316179991,Positive
901814456505831424,2017-08-27 14:31:35,2017-08-27,2017,2017-08,14,Sunday,iPhone,Twitter for iPhone,Going to a Cabinet Meeting (tele-conference) at 11:00 A.M. on #Harvey. Even experts have said they've never seen one like this!,45988,8695,0.14378474652767181,0.6368287205696106,0.21938657760620117,0.07560183107852936,Neutral
902889225061896196,2017-08-30 13:42:20,2017-08-30,2017,2017-08,13,Wednesday,iPhone,Twitter for iPhone,Will be leaving for Missouri soon for a speech on tax cuts and tax reform - so badly needed!,70257,11146,0.1683489978313446,0.36999231576919556,0.46165868639945984,0.29330968856811523,Positive
905381817695526912,2017-09-06 10:47:01,2017-09-06,2017,2017-09,10,Wednesday,iPhone,Twitter for iPhone,Will be going to North Dakota today to discuss tax reform and tax cuts. We are the highest taxed nation in the world - that will change.,75947,13934,0.03845548257231712,0.6711437106132507,0.29040080308914185,0.2519453205168247,Neutral
909185223887347712,2017-09-16 22:40:23,2017-09-16,2017,2017-09,22,Saturday,iPhone,Twitter for iPhone,"A great deal of good things happening for our country. Jobs and Stock Market at all time highs, and I believe will be getting even better!",70558,12886,0.0027588806115090847,0.008374049328267574,0.9888671040534973,0.9861082234419882,Positive
910551350408241152,2017-09-20 17:08:53,2017-09-20,2017,2017-09,17,Wednesday,Other,Twitter Media Studio,"Honored to meet w/ Pres Abbas from the Palestinian Authority &, his delegation, who have been working hard w/everybody involved toward peace. https://t.co/4E8awDkX93",29480,5514,0.0038997549563646317,0.04570844769477844,0.9503918290138245,0.9464920740574598,Positive
910898047931912192,2017-09-21 16:06:32,2017-09-21,2017,2017-09,16,Thursday,Other,Twitter Media Studio,It was a great privilege to meet with President Moon of South Korea.Stay tuned! 🇺🇸🇰🇷#UNGA https://t.co/7xYDO5ddUm,37765,7115,0.001806402113288641,0.016361035406589508,0.9818326234817505,0.9800262213684618,Positive
911543222731706368,2017-09-23 10:50:14,2017-09-23,2017,2017-09,10,Saturday,iPhone,Twitter for iPhone,"Arizona had a 116% increase in ObamaCare premiums last year, with deductibles very high. Chuck Schumer sold John McCain a bill of goods. Sad",55490,12893,0.9227369427680969,0.07146479189395905,0.005798289552330971,-0.916938653215766,Negative
911546774267006976,2017-09-23 11:04:21,2017-09-23,2017,2017-09,11,Saturday,iPhone,Twitter for iPhone,I know Rand Paul and I think he may find a way to get there for the good of the Party!,49134,8197,0.010183418169617653,0.19478841125965118,0.7950282096862793,0.7848447915166616,Positive
913554705816711168,2017-09-29 00:03:09,2017-09-29,2017,2017-09,0,Friday,iPhone,Twitter for iPhone,"""Puerto Rico is devastated. Phone system, electric grid many roads, gone. FEMA and First Responders are amazing. Governor said """"great job!""""""",55157,10718,0.42913222312927246,0.22475802898406982,0.3461097478866577,-0.08302247524261475,Negative
914310901855129601,2017-10-01 02:08:00,2017-10-01,2017,2017-10,2,Sunday,iPhone,Twitter for iPhone,"19,000 RESPECTING our National Anthem! #StandForOurAnthem🇺🇸 https://t.co/czutyGaMQV",98636,25305,0.004919321741908789,0.07800855487585068,0.9170721173286438,0.912152795586735,Positive
914810093874671617,2017-10-02 11:11:37,2017-10-02,2017,2017-10,11,Monday,iPhone,Twitter for iPhone,My warmest condolences and sympathies to the victims and families of the terrible Las Vegas shooting. God bless you!,271876,59767,0.38850200176239014,0.2846800982952118,0.32681792974472046,-0.06168407201766968,Negative
915604746936967168,2017-10-04 15:49:17,2017-10-04,2017,2017-10,15,Wednesday,iPhone,Twitter for iPhone,I will be landing in Las Vegas shortly to pay my respects with @FLOTUS Melania. Everyone remains in our thoughts and prayers.,77296,10591,0.014034533873200417,0.5655748248100281,0.42039063572883606,0.40635610185563564,Neutral
916638685914951680,2017-10-07 12:17:47,2017-10-07,2017,2017-10,12,Saturday,iPhone,Twitter for iPhone,"I called Chuck Schumer yesterday to see if the Dems want to do a great HealthCare Bill. ObamaCare is badly broken, big premiums. Who knows!",58585,10159,0.7398214340209961,0.22743161022663116,0.032746944576501846,-0.7070744894444942,Negative
918894502185787392,2017-10-13 17:41:36,2017-10-13,2017,2017-10,17,Friday,iPhone,Twitter for iPhone,"""""""Consumer confidence soars to highest level since 2004""""📈https://t.co/RvxCPAFI2A https://t.co/U8MS9K45fX""",40510,8863,0.577174723148346,0.39470434188842773,0.02812091074883938,-0.5490538123995066,Negative
920363714062274560,2017-10-17 18:59:43,2017-10-17,2017,2017-10,18,Tuesday,Other,Twitter Media Studio,It was my great honor to welcome Prime Minister Alexis Tsipras of Greece to the WH today! 🎥https://t.co/Bn1vM6fYW9 📸https://t.co/j0roMFT3YL https://t.co/MPe5HWFcZ1,31764,5250,0.0017048026202246547,0.01221751794219017,0.9860776662826538,0.9843728636624292,Positive
921207772233990144,2017-10-20 02:53:42,2017-10-20,2017,2017-10,2,Friday,iPhone,Twitter for iPhone,"The Fake News is going crazy with wacky Congresswoman Wilson(D), who was SECRETLY on a very personal call, and gave a total lie on content!",76124,16271,0.8766312599182129,0.11097512394189835,0.01239357516169548,-0.8642376847565174,Negative
921448521617821701,2017-10-20 18:50:21,2017-10-20,2017,2017-10,18,Friday,iPhone,Twitter for iPhone,"Today, it was an honor to have @UNSecretary-General @AntonioGuterres at the @WhiteHouse. Speaking for the U.S.A., we appreciate all you do! https://t.co/Sk0Jcazzxw",31184,5632,0.00271926773712039,0.014557297341525555,0.9827234745025635,0.9800042067654431,Positive
921889525881819136,2017-10-22 00:02:45,2017-10-22,2017,2017-10,0,Sunday,iPhone,Twitter for iPhone,"...9 months than this Administration. Over 50 Legislation approvals, massive regulation cuts, energy freedom, pipelines, border security....",65785,12598,0.4943283498287201,0.4214284420013428,0.08424312621355057,-0.4100852236151695,Negative
922833943749103621,2017-10-24 14:35:32,2017-10-24,2017,2017-10,14,Tuesday,iPhone,Twitter for iPhone,Stock Market just hit another record high! Jobs looking very good.,84377,15133,0.0027500970754772425,0.014140980318188667,0.9831089377403259,0.9803588406648487,Positive
924056425298571265,2017-10-27 23:33:14,2017-10-27,2017,2017-10,23,Friday,iPhone,Twitter for iPad,Happy Birthday @TheLeeGreenwood!#FlashbackFriday https://t.co/MCrMK6Eurm,36013,8074,0.0024525809567421675,0.00896906852722168,0.9885783195495605,0.9861257385928184,Positive
925490503218589696,2017-10-31 22:31:45,2017-10-31,2017,2017-10,22,Tuesday,iPhone,Twitter for iPhone,"We must not allow ISIS to return, or enter, our country after defeating them in the Middle East and elsewhere. Enough!",119650,27947,0.8679535388946533,0.12233472615480423,0.009711717255413532,-0.8582418216392398,Negative
925716689064427520,2017-11-01 13:30:32,2017-11-01,2017,2017-11,13,Wednesday,iPhone,Twitter for iPad,#NYCStrong #USA🇺🇸 https://t.co/6K3Xw5P87d,33663,6849,0.006262832786887884,0.12736767530441284,0.8663694858551025,0.8601066530682147,Positive
926707692395102219,2017-11-04 07:08:25,2017-11-04,2017,2017-11,7,Saturday,iPhone,Twitter for iPhone,Thank you to our GREAT Military/Veterans and @PacificCommand.Remember #PearlHarbor. Remember the @USSArizona!A day I’ll never forget. https://t.co/CMkB0kTkSc,66647,15691,0.002962640719488263,0.011816166341304779,0.9852212071418762,0.982258566422388,Positive
927007332743172098,2017-11-05 02:59:05,2017-11-05,2017,2017-11,2,Sunday,iPhone,Twitter for iPhone,"Just gave a speech to the great men and women at Yokota Air Base in Tokyo, Japan. Leaving to see Prime Minister Abe. https://t.co/6LRAgojvDB",73099,13372,0.002371489768847823,0.10842189937829971,0.88920658826828,0.8868350984994322,Positive
929503641014112256,2017-11-12 00:18:32,2017-11-12,2017,2017-11,0,Sunday,Web,Twitter Web Client,"When will all the haters and fools out there realize that having a good relationship with Russia is a good thing, not a bad thing. There always playing politics - bad for our country. I want to solve North Korea, Syria, Ukraine, terrorism, and Russia can greatly help!",131816,30650,0.7915558218955994,0.17331279814243317,0.035131338983774185,-0.7564244829118252,Negative
932397369655808001,2017-11-19 23:57:10,2017-11-19,2017,2017-11,23,Sunday,iPhone,Twitter for iPhone,Big-game trophy decision will be announced next week but will be very hard pressed to change my mind that this horror show in any way helps conservation of Elephants or any other animal.,55260,10357,0.6793107986450195,0.2762477397918701,0.044441405683755875,-0.6348693929612637,Negative
933692459351265280,2017-11-23 13:43:24,2017-11-23,2017,2017-11,13,Thursday,iPhone,Twitter for iPhone,"Will be doing a live Thanksgiving Video Teleconference with Members of the Military at 9:00 A.M. Afghanistan, Iraq, USS Monterey, Turkey &, Bahrain. Then going to Coast Guard Quarters, Florida.",44091,6604,0.00604654848575592,0.9362497925758362,0.05770367383956909,0.05165712535381317,Neutral
934189999045693441,2017-11-24 22:40:26,2017-11-24,2017,2017-11,22,Friday,iPhone,Twitter for iPhone,"Time Magazine called to say that I was PROBABLY going to be named “Man (Person) of the Year,” like last year, but I would have to agree to an interview and a major photo shoot. I said probably is no good and took a pass. Thanks anyway!",139152,33870,0.3778393268585205,0.5010653734207153,0.12109528481960297,-0.25674404203891754,Neutral
935712632409030656,2017-11-29 03:30:50,2017-11-29,2017,2017-11,3,Wednesday,iPhone,Twitter for iPhone,Great work Ivanka! https://t.co/AQL4JLvnDh,37324,5911,0.005503433756530285,0.015507292002439499,0.97898930311203,0.9734858693554997,Positive
935833914761007114,2017-11-29 11:32:46,2017-11-29,2017,2017-11,11,Wednesday,iPhone,Twitter for iPhone,".@foxandfriends, we are in record territory in all things having to do with our economy! https://t.co/VB0Ao3s18d",31460,6271,0.006931604817509651,0.2155388593673706,0.7775295972824097,0.7705979924649,Positive
937297341266190336,2017-12-03 12:27:54,2017-12-03,2017,2017-12,12,Sunday,iPhone,Twitter for iPhone,Such a total miscarriage of Justice in San Francisco! https://t.co/MSIkBCKF3t,57902,14536,0.9417861700057983,0.05165737122297287,0.006556446198374033,-0.9352297238074243,Negative
937653535486959616,2017-12-04 12:03:18,2017-12-04,2017,2017-12,12,Monday,iPhone,Twitter for iPhone,"With the great vote on Cutting Taxes, this could be a big day for the Stock Market - and YOU!",76381,12858,0.0026179736014455557,0.023531612008810043,0.9738503694534302,0.9712323958519846,Positive
939152197090148352,2017-12-08 15:18:27,2017-12-08,2017,2017-12,15,Friday,iPhone,Twitter for iPhone,"Fines and penalties against Wells Fargo Bank for their bad acts against their customers and others will not be dropped, as has incorrectly been reported, but will be pursued and, if anything, substantially increased. I will cut Regs but make penalties severe when caught cheating!",82360,17544,0.8259217739105225,0.1602412611246109,0.013837059959769249,-0.8120847139507532,Negative
939477807813595136,2017-12-09 12:52:18,2017-12-09,2017,2017-12,12,Saturday,iPhone,Twitter for iPhone,"A big contingent of very enthusiastic Roy Moore fans at the rally last night. We can’t have a Pelosi/Schumer Liberal Democrat, Jones, in that important Alabama Senate seat. Need your vote to Make America Great Again! Jones will always vote against what we must do for our Country.",50052,10607,0.12924376130104065,0.31417858600616455,0.5565776228904724,0.42733386158943176,Positive
939485131693322240,2017-12-09 13:21:24,2017-12-09,2017,2017-12,13,Saturday,iPhone,Twitter for iPhone,"CNN’S slogan is CNN, THE MOST TRUSTED NAME IN NEWS. Everyone knows this is not true, that this could, in fact, be a fraud on the American Public. There are many outlets that are far more trusted than Fake News CNN. Their slogan should be CNN, THE LEAST TRUSTED NAME IN NEWS!",122747,28408,0.7382093667984009,0.22167038917541504,0.04012024402618408,-0.6980891227722168,Negative
942904686125965312,2017-12-18 23:49:30,2017-12-18,2017,2017-12,23,Monday,Other,Twitter Media Studio,"With the strategy that I announced today, we are declaring that AMERICA is in the game and AMERICA is DETERMINED to WIN!OUR FOUR PILLARS OF NATIONAL SECURITY STRATEGY: https://t.co/B3POaMVID8",51506,12330,0.002934877760708332,0.09618225693702698,0.9008828997612,0.8979480220004916,Positive
945437479863291904,2017-12-25 23:33:55,2017-12-25,2017,2017-12,23,Monday,iPhone,Twitter for iPhone,"I hope everyone is having a great Christmas, then tomorrow it’s back to work in order to Make America Great Again (which is happening faster than anyone anticipated)!",170034,26868,0.0026305895298719406,0.010648306459188461,0.9867210388183594,0.9840904492884874,Positive
946519720450252800,2017-12-28 23:14:21,2017-12-28,2017,2017-12,23,Thursday,iPhone,Twitter for iPhone,"Together, we are MAKING AMERICA GREAT AGAIN! https://t.co/OeyTdFyl1Q https://t.co/wdLQkfdy4m",58339,12232,0.0022671909537166357,0.019764596596360207,0.977968156337738,0.9757009653840214,Positive
947328044821336070,2017-12-31 04:46:21,2017-12-31,2017,2017-12,4,Sunday,iPhone,Twitter for iPhone,“Trump Rally: Stocks put 2017 in the record books” https://t.co/0foQGaFjMh,55336,10928,0.01452639326453209,0.8151649832725525,0.17030851542949677,0.15578212216496468,Neutral
949070800417640454,2018-01-05 00:11:26,2018-01-05,2018,2018-01,0,Friday,iPhone,Twitter for iPhone,MAKING AMERICA GREAT AGAIN! https://t.co/iONbr1DkVk,79061,17547,0.003778864862397313,0.03294594958424568,0.9632751941680908,0.9594963293056935,Positive
950507353094356993,2018-01-08 23:19:47,2018-01-08,2018,2018-01,23,Monday,iPhone,Twitter for iPhone,"We are fighting for our farmers, for our country, and for our GREAT AMERICAN FLAG. We want our flag respected - and we want our NATIONAL ANTHEM respected also! https://t.co/16eOLXg6Fi",89774,17493,0.01065235398709774,0.1586948037147522,0.8306527733802795,0.8200004193931818,Positive
951793123985973248,2018-01-12 12:28:58,2018-01-12,2018,2018-01,12,Friday,iPhone,Twitter for iPhone,"The language used by me at the DACA meeting was tough, but this was not the language used. What was really tough was the outlandish proposal made - a big setback for DACA!",86300,19072,0.8676199913024902,0.12147779762744904,0.01090221107006073,-0.8567177802324295,Negative
951813216291708928,2018-01-12 13:48:49,2018-01-12,2018,2018-01,13,Friday,iPhone,Twitter for iPhone,"Never said anything derogatory about Haitians other than Haiti is, obviously, a very poor and troubled country. Never said “take them out.” Made up by Dems. I have a wonderful relationship with Haitians. Probably should record future meetings - unfortunately, no trust!",115160,28195,0.4844481945037842,0.38293150067329407,0.13262024521827698,-0.3518279492855072,Negative
951875499537641472,2018-01-12 17:56:18,2018-01-12,2018,2018-01,17,Friday,iPhone,Twitter for iPhone,"Today, it was my great honor to proclaim January 15, 2018, as Martin Luther King Jr., Federal Holiday. I encourage all Americans to observe this day with appropriate civic, community, and service activities in honor of Dr. King's life and legacy. https://t.co/samlJsz1Nt",92007,20820,0.0018269309075549245,0.016430120915174484,0.9817429780960083,0.9799160471884534,Positive
952887520790040576,2018-01-15 12:57:43,2018-01-15,2018,2018-01,12,Monday,iPhone,Twitter for iPhone,"Statement by me last night in Florida: “Honestly, I don’t think the Democrats want to make a deal. They talk about DACA, but they don’t want to help..We are ready, willing and able to make a deal but they don’t want to. They don’t want security at the border, they don’t want.....",79837,17507,0.8463343381881714,0.14628925919532776,0.007376412395387888,-0.8389579257927835,Negative
953264081871495168,2018-01-16 13:54:02,2018-01-16,2018,2018-01,13,Tuesday,iPhone,Twitter for iPhone,"We must have Security at our VERY DANGEROUS SOUTHERN BORDER, and we must have a great WALL to help protect us, and to help stop the massive inflow of drugs pouring into our country!",99384,19528,0.4494379460811615,0.43921658396720886,0.11134546995162964,-0.33809247612953186,Negative
953979393180950528,2018-01-18 13:16:26,2018-01-18,2018,2018-01,13,Thursday,iPhone,Twitter for iPhone,"We need the Wall for the safety and security of our country. We need the Wall to help stop the massive inflow of drugs from Mexico, now rated the number one most dangerous country in the world. If there is no Wall, there is no Deal!",104584,22841,0.47574105858802795,0.42543843388557434,0.09882054477930069,-0.37692051380872726,Negative
954541219970977793,2018-01-20 02:28:56,2018-01-20,2018,2018-01,2,Saturday,iPhone,Twitter for iPhone,"Not looking good for our great Military or Safety &, Security on the very dangerous Southern Border. Dems want a Shutdown in order to help diminish the great success of the Tax Cuts, and what they are doing for our booming economy.",98912,24642,0.7838649153709412,0.18515737354755402,0.030977707356214523,-0.7528872080147266,Negative
956015565776277510,2018-01-24 04:07:27,2018-01-24,2018,2018-01,4,Wednesday,iPhone,Twitter for iPhone,"Cryin’ Chuck Schumer fully understands, especially after his humiliating defeat, that if there is no Wall, there is no DACA. We must have safety and security, together with a strong Military, for our great people!",130726,28699,0.5271145701408386,0.32777664065361023,0.14510871469974518,-0.38200585544109344,Negative
959553606134345728,2018-02-02 22:26:22,2018-02-02,2018,2018-02,22,Friday,iPhone,Twitter for iPad,"Today, it was my honor to join the great men and women of @DHSgov, @CustomsBorder, @ICEgov and @USCIS at the U.S. Customs and Border Protection National Targeting Center in Sterling, Virginia. Fact sheet: https://t.co/Q027Wgdzdo https://t.co/NecuA0y1Sk",59830,11401,0.0016333165112882853,0.026465730741620064,0.9719009399414062,0.970267623430118,Positive
959949725028974592,2018-02-04 00:40:24,2018-02-04,2018,2018-02,0,Sunday,iPhone,Twitter for iPhone,“The four page memo released Friday reports the disturbing fact about how the FBI and FISA appear to have been used to influence the 2016 election and its aftermath....The FBI failed to inform the FISA court that the Clinton campaign had funded the dossier....the FBI became....,109485,28901,0.8243429064750671,0.16944454610347748,0.0062126233242452145,-0.8181302831508219,Negative
960522569492426753,2018-02-05 14:36:40,2018-02-05,2018,2018-02,14,Monday,iPhone,Twitter for iPhone,Any deal on DACA that does not include STRONG border security and the desperately needed WALL is a total waste of time. March 5th is rapidly approaching and the Dems seem not to care about DACA. Make a deal!,103767,23501,0.8545006513595581,0.131361722946167,0.014137620106339455,-0.8403630312532187,Negative
961008057756127232,2018-02-06 22:45:50,2018-02-06,2018,2018-02,22,Tuesday,Other,Twitter Media Studio,"Today, we heard the experiences of law enforcement professionals and community leaders working to combat the threat of MS-13, and the reforms we need from Congress to defeat it. Watch here: https://t.co/VPMTnko7Ik https://t.co/4OaXXuj9Va",64332,14500,0.02003566175699234,0.8363689184188843,0.1435953974723816,0.12355973571538925,Neutral
961962694650757121,2018-02-09 13:59:13,2018-02-09,2018,2018-02,13,Friday,iPhone,Twitter for iPhone,"Costs on non-military lines will never come down if we do not elect more Republicans in the 2018 Election, and beyond. This Bill is a BIG VICTORY for our Military, but much waste in order to get Dem votes. Fortunately, DACA not included in this Bill, negotiations to start now!",75593,16930,0.6023147702217102,0.3241420090198517,0.0735432356595993,-0.5287715345621109,Negative
964232645495459840,2018-02-15 20:19:11,2018-02-15,2018,2018-02,20,Thursday,iPhone,Twitter for iPhone,"Presidential Proclamation Honoring the Victims of the Tragedy in Parkland, Florida: https://t.co/RTQWAKiSnR https://t.co/Nhs32bm5zB",52766,10692,0.028390074148774147,0.7767554521560669,0.19485445320606232,0.16646437905728817,Neutral
972563247160274947,2018-03-10 20:02:02,2018-03-10,2018,2018-03,20,Saturday,iPhone,Twitter for iPhone,"In the first hours after hearing that North Korea’s leader wanted to meet with me to talk denuclearization and that missile launches will end, the press was startled &, amazed.They couldn’t believe it. But by the following morning the news became FAKE.They said so what, who cares!",75437,16940,0.7126489281654358,0.26774585247039795,0.01960521936416626,-0.6930437088012695,Negative
973716838889660416,2018-03-14 00:25:59,2018-03-14,2018,2018-03,0,Wednesday,iPhone,Twitter for iPhone,"It was my great honor to deliver a message at the Marine Corps Air Station Miramar to our GREAT U.S. Military, straight from the heart of the American People: We support you, we thank you, we love you - and we will always have your back! https://t.co/oCt1nH3DON",62076,12348,0.0024823835119605064,0.016191305592656136,0.9813263416290283,0.9788439581170678,Positive
975720503997620224,2018-03-19 13:07:50,2018-03-19,2018,2018-03,13,Monday,iPhone,Twitter for iPhone,A total WITCH HUNT with massive conflicts of interest!,92752,19028,0.8899728059768677,0.09624825417995453,0.013778949156403542,-0.8761938568204641,Negative
976532956557737984,2018-03-21 18:56:14,2018-03-21,2018,2018-03,18,Wednesday,iPhone,Twitter for iPhone,"I called President Putin of Russia to congratulate him on his election victory (in past, Obama called him also). The Fake News Media is crazed because they wanted me to excoriate him. They are wrong! Getting along with Russia (and others) is a good thing, not a bad thing.......",110100,23155,0.48751646280288696,0.37795570492744446,0.1345278024673462,-0.35298866033554077,Negative
977319371277156352,2018-03-23 23:01:10,2018-03-23,2018,2018-03,23,Friday,iPhone,Twitter for iPhone,"As a matter of National Security I've signed the Omnibus Spending Bill. I say to Congress: I will NEVER sign another bill like this again. To prevent this omnibus situation from ever happening again, I'm calling on Congress to give me a line-item veto for all govt spending bills! https://t.co/kYwMk5AE5k",60280,15299,0.3954400420188904,0.484737753868103,0.1198221817612648,-0.2756178602576256,Neutral
981669823221559302,2018-04-04 23:08:19,2018-04-04,2018,2018-04,23,Wednesday,iPhone,Twitter for iPhone,“Still Rising: Rasmussen Poll Shows Donald Trump Approval Ratings Now at 51 Percent” https://t.co/q80PaE0gQo,84726,19109,0.005892816465348005,0.4878518283367157,0.5062553882598877,0.5003625717945397,Positive
983764328443797504,2018-04-10 05:51:08,2018-04-10,2018,2018-04,5,Tuesday,iPhone,Twitter for iPhone,"Very thankful for President Xi of China’s kind words on tarrifs and automobile barriers...also, his enlightenment on intellectual property and technology transfers. We will make great progress together!",24427,5869,0.004506624769419432,0.02652629278600216,0.9689671397209167,0.9644605149514973,Positive
986378606606737408,2018-04-17 22:59:20,2018-04-17,2018,2018-04,22,Tuesday,iPhone,Twitter for iPhone,States and Cities throughout our Country are being cheated and treated so badly by online retailers. Very unfair to traditional tax paying stores!,59147,10991,0.916832447052002,0.07530499994754791,0.007862601429224014,-0.9089698456227779,Negative
988856517674889222,2018-04-24 07:05:40,2018-04-24,2018,2018-04,7,Tuesday,iPhone,Twitter for iPhone,".@JimRenacci has worked so hard on Tax Reductions, Illegal Immigration, the Border and Crime. I need Jim very badly to help our agenda and to keep MAKING AMERICA GREAT AGAIN! He will be a fantastic Senator for the Great State of Ohio, and has my full endorsement!",10,8,0.012622512876987457,0.05437665805220604,0.9330008625984192,0.9203783497214317,Positive
989813047773614080,2018-04-27 10:26:35,2018-04-27,2018,2018-04,10,Friday,iPhone,Twitter for iPhone,Is everybody believing what is going on. James Comey can’t define what a leak is. He illegally leaked CLASSIFIED INFORMATION but doesn’t understand what he did or how serious it is. He lied all over the place to cover it up. He’s either very sick or very dumb. Remember sailor!,91150,19585,0.876613199710846,0.11521974951028824,0.008167061023414135,-0.8684461386874318,Negative
990049088375836672,2018-04-28 02:04:31,2018-04-28,2018,2018-04,2,Saturday,iPhone,Twitter for iPhone,"House Intelligence Committee rules that there was NO COLLUSION between the Trump Campaign and Russia. As I have been saying all along, it is all a big Hoax by the Democrats based on payments and lies. There should never have been a Special Counsel appointed. Witch Hunt!",96515,21734,0.81175297498703,0.17383255064487457,0.014414423145353794,-0.7973385518416762,Negative
990307626784362496,2018-04-28 19:11:51,2018-04-28,2018,2018-04,19,Saturday,iPhone,Twitter for iPhone,"Secret Service has just informed me that Senator Jon Tester’s statements on Admiral Jackson are not true. There were no such findings. A horrible thing that we in D.C. must live with, just like phony Russian Collusion. Tester should lose race in Montana. Very dishonest and sick!",115256,31085,0.9146407842636108,0.07951772958040237,0.005841479636728764,-0.9087993046268821,Negative
992558888212946949,2018-05-05 00:17:34,2018-05-05,2018,2018-05,0,Saturday,iPhone,Twitter for iPhone,"Just returned home to the beautiful White House, from Dallas, where the Arena was packed to the rafters with the great fans and supporters of the @NRA. It was so wonderful to be there!",82612,14375,0.0021081026643514633,0.007303720805794001,0.9905881881713867,0.9884800855070353,Positive
993446539988217857,2018-05-07 11:04:47,2018-05-07,2018,2018-05,11,Monday,iPhone,Twitter for iPhone,"My highly respected nominee for CIA Director, Gina Haspel, has come under fire because she was too tough on Terrorists. Think of that, in these very dangerous times, we have the most qualified person, a woman, who Democrats want OUT because she is too tough on terror. Win Gina!",78615,19757,0.709157407283783,0.22063109278678894,0.07021152973175049,-0.6389458775520325,Negative
994741305908649985,2018-05-11 00:49:43,2018-05-11,2018,2018-05,0,Friday,iPhone,Twitter for iPhone,Thank you Indiana! #MAGA🇺🇸https://t.co/fCv76VyUax,70319,14155,0.0029628032352775335,0.02272292785346508,0.974314272403717,0.9713514691684395,Positive
995428472674758656,2018-05-12 22:20:16,2018-05-12,2018,2018-05,22,Saturday,iPhone,Twitter for iPhone,"The Senate should get funding done before the August break, or NOT GO HOME. Wall and Border Security should be included. Also waiting for approval of almost 300 nominations, worst in history. Democrats are doing everything possible to obstruct, all they know how to do. STAY!",98655,25377,0.8407942056655884,0.14020174741744995,0.019004011526703835,-0.8217901941388845,Negative
997474432443707393,2018-05-18 13:50:11,2018-05-18,2018,2018-05,13,Friday,iPhone,Twitter for iPhone,"Reports are there was indeed at least one FBI representative implanted, for political purposes, into my campaign for president. It took place very early on, and long before the phony Russia Hoax became a “hot” Fake News story. If true - all time biggest political scandal!",76281,21886,0.5700264573097229,0.37454336881637573,0.055430155247449875,-0.514596302062273,Negative
997493407097524224,2018-05-18 15:05:35,2018-05-18,2018,2018-05,15,Friday,iPhone,Twitter for iPhone,School shooting in Texas. Early reports not looking good. God bless all!,80675,13839,0.7718336582183838,0.19212289154529572,0.03604346513748169,-0.7357901930809021,Negative
998532136578748425,2018-05-21 11:53:07,2018-05-21,2018,2018-05,11,Monday,iPhone,Twitter for iPhone,"“John Brennan is panicking. He has disgraced himself, he has disgraced the Country, he has disgraced the entire Intelligence Community. He is the one man who is largely responsible for the destruction of American’s faith in the Intelligence Community and in some people at the....",95683,26583,0.9179942011833191,0.07642170786857605,0.005584030877798796,-0.9124101703055203,Negative
1001149793496977408,2018-05-28 17:14:45,2018-05-28,2018,2018-05,17,Monday,iPhone,Twitter for iPhone,"The heroes who rest in these hallowed fields, in cemeteries, battlefields, and burial grounds near and far are drawn the full tapestry of American life. They came from every generation from towering cities and wind swept prairies, from privilege and from poverty... https://t.co/aOw3QwN2SV",56213,11038,0.0470239482820034,0.5589192509651184,0.3940567970275879,0.3470328487455845,Neutral
1003024268756733952,2018-06-02 21:23:15,2018-06-02,2018,2018-06,21,Saturday,iPhone,Twitter for iPhone,"When you’re almost 800 Billion Dollars a year down on Trade, you can’t lose a Trade War! The U.S. has been ripped off by other countries for years on Trade, time to get smart!",110492,24032,0.8250202536582947,0.158034548163414,0.016945218667387962,-0.8080750349909067,Negative
1003617811254710273,2018-06-04 12:41:47,2018-06-04,2018,2018-06,12,Monday,iPhone,Twitter for iPhone,China already charges a tax of 16% on soybeans. Canada has all sorts of trade barriers on our Agricultural products. Not acceptable!,54967,11407,0.8923661708831787,0.09980149567127228,0.007832343690097332,-0.8845338271930814,Negative
1003997350791188482,2018-06-05 13:49:56,2018-06-05,2018,2018-06,13,Tuesday,iPhone,Twitter for iPhone,"Senator @RogerWicker of Mississippi has done everything necessary to Make America Great Again! Get out and vote for Roger, he has my total support!",35575,7811,0.0035071582533419132,0.03261628374457359,0.9638765454292297,0.9603693871758878,Positive
1004166633349361664,2018-06-06 01:02:36,2018-06-06,2018,2018-06,1,Wednesday,iPhone,Twitter for iPhone,Great interview by @LouDobbs with Chris Farrell of Judicial Watch concerning the governments counter-intelligence operation into the Trump Campaign. SPYGATE at the highest level. Who would believe?,45032,10259,0.02973201870918274,0.24462740123271942,0.7256405353546143,0.6959085166454315,Positive
1004359335399641089,2018-06-06 13:48:20,2018-06-06,2018,2018-06,13,Wednesday,iPhone,Twitter for iPhone,"The Fake News Media has been so unfair, and vicious, to my wife and our great First Lady, Melania. During her recovery from surgery they reported everything from near death, to facelift, to left the W.H. (and me) for N.Y. or Virginia, to abuse. All Fake, she is doing really well!",105898,20891,0.8730477094650269,0.10229471325874329,0.02465764619410038,-0.8483900632709265,Negative
1005047468705439744,2018-06-08 11:22:44,2018-06-08,2018,2018-06,11,Friday,iPhone,Twitter for iPhone,I am heading for Canada and the G-7 for talks that will mostly center on the long time unfair trade practiced against the United States. From there I go to Singapore and talks with North Korea on Denuclearization. Won’t be talking about the Russian Witch Hunt Hoax for a while!,70307,13984,0.13840053975582123,0.7878071665763855,0.07379218935966492,-0.06460835039615631,Neutral
1005554692133249026,2018-06-09 20:58:15,2018-06-09,2018,2018-06,20,Saturday,iPhone,Twitter for iPhone,...Create peace and great prosperity for his land. I look forward to meeting him and have a feeling that this one-time opportunity will not be wasted!,60185,11660,0.0025908080860972404,0.018935268744826317,0.978473961353302,0.9758831532672048,Positive
1005988633747312640,2018-06-11 01:42:35,2018-06-11,2018,2018-06,1,Monday,iPhone,Twitter for iPhone,"....Germany pays 1% (slowly) of GDP towards NATO, while we pay 4% of a MUCH larger GDP. Does anybody believe that makes sense? We protect Europe (which is good) at great financial loss, and then get unfairly clobbered on Trade. Change is coming!",118142,26442,0.8310723900794983,0.15540571510791779,0.013521861284971237,-0.817550528794527,Negative
1007974129474121728,2018-06-16 13:12:14,2018-06-16,2018,2018-06,13,Saturday,iPhone,Twitter for iPhone,"My supporters are the smartest, strongest, most hard working and most loyal that we have seen in our countries history. It is a beautiful thing to watch as we win elections and gather support from all over the country. As we get stronger, so does our country. Best numbers ever!",159237,35711,0.004633589182049036,0.010688268579542637,0.9846781492233276,0.9800445600412786,Positive
1009241032100335616,2018-06-20 01:06:27,2018-06-20,2018,2018-06,1,Wednesday,iPhone,Twitter for iPhone,"Homeland Security @SecNielsen did a fabulous job yesterday at the press conference explaining security at the border and for our country, while at the same time recommending changes to obsolete &, nasty laws, which force family separation. We want “heart” and security in America!",82419,17883,0.015418831259012222,0.10561268031597137,0.8789684772491455,0.8635496459901333,Positive
1010481479279923201,2018-06-23 11:15:33,2018-06-23,2018,2018-06,11,Saturday,iPhone,Twitter for iPhone,Steel is coming back fast! U.S. Steel is adding great capacity also. So are others. https://t.co/0Pzwjg3Vxn,43638,9495,0.001883459510281682,0.022331390529870987,0.9757851362228394,0.9739016767125577,Positive
1010978975391322112,2018-06-24 20:12:25,2018-06-24,2018,2018-06,20,Sunday,iPhone,Twitter for iPhone,"The United States is insisting that all countries that have placed artificial Trade Barriers and Tariffs on goods going into their country, remove those Barriers &, Tariffs or be met with more than Reciprocity by the U.S.A. Trade must be fair and no longer a one way street!",96967,22268,0.20097707211971283,0.7153639197349548,0.08365890383720398,-0.11731816828250885,Neutral
1011226622324887556,2018-06-25 12:36:29,2018-06-25,2018,2018-06,12,Monday,iPhone,Twitter for iPhone,"Such a difference in the media coverage of the same immigration policies between the Obama Administration and ours. Actually, we have done a far better job in that our facilities are cleaner and better run than were the facilities under Obama. Fake News is working overtime!",90580,21487,0.4966602921485901,0.34430351853370667,0.15903615951538086,-0.33762413263320923,Negative
1011795883925663744,2018-06-27 02:18:31,2018-06-27,2018,2018-06,2,Wednesday,iPhone,Twitter for iPhone,"Wow! Big Trump Hater Congressman Joe Crowley, who many expected was going to take Nancy Pelosi’s place, just LOST his primary election. In other words, he’s out! That is a big one that nobody saw happening. Perhaps he should have been nicer, and more respectful, to his President!",106536,20105,0.9098803400993347,0.0795295238494873,0.010590055026113987,-0.8992902850732207,Negative
1011805006390071304,2018-06-27 02:54:46,2018-06-27,2018,2018-06,2,Wednesday,iPhone,Twitter for iPhone,A great First Lady! https://t.co/Pt35aluI4C,78133,12631,0.007339332718402147,0.015387146733701229,0.9772735238075256,0.9699341910891235,Positive
1012174975061647360,2018-06-28 03:24:54,2018-06-28,2018,2018-06,3,Thursday,iPhone,Twitter for iPhone,In recent days we have heard shameless attacks on our courageous law enforcement officers. Extremist Democrat politicians have called for the complete elimination of ICE. Leftwing Activists are trying to block ICE officers from doing their jobs and publicly posting their...,71080,17264,0.8918910622596741,0.1017974242568016,0.006311560049653053,-0.885579502210021,Negative
1013139532290625538,2018-06-30 19:17:42,2018-06-30,2018,2018-06,19,Saturday,iPhone,Twitter for iPhone,"I never pushed the Republicans in the House to vote for the Immigration Bill, either GOODLATTE 1 or 2, because it could never have gotten enough Democrats as long as there is the 60 vote threshold. I released many prior to the vote knowing we need more Republicans to win in Nov.",58585,12119,0.40847644209861755,0.5399553179740906,0.05156821757555008,-0.3569082245230675,Neutral
1013141673776500736,2018-06-30 19:26:12,2018-06-30,2018,2018-06,19,Saturday,iPhone,Twitter for iPhone,"Either we need to elect more Republicans in November or Republicans must end the ridiculous 60 vote, or Filibuster, rule - or better yet, do both. Cryin’ Chuck would do it on day one, but we’ll never give him the chance. Some great legislation awaits - be smart!",81226,18729,0.3586403727531433,0.44054630398750305,0.20081332325935364,-0.15782704949378967,Neutral
1013507396558303233,2018-07-01 19:39:28,2018-07-01,2018,2018-07,19,Sunday,iPhone,Twitter for iPhone,"A big week, especially with our numerous victories in the Supreme Court. Heading back to the White House now. Focus will be on the selection of a new Supreme Court Justice. Exciting times for our country. Economy may be stronger than it has ever been!",107667,21079,0.0015090086963027716,0.011825867928564548,0.9866651296615601,0.9851561209652573,Positive
1014258987422928896,2018-07-03 21:26:01,2018-07-03,2018,2018-07,21,Tuesday,iPhone,Twitter for iPhone,"Heading to West Virginia to be with my friend, @WVGovernor Jim Justice, at his beautiful Greenbrier Resort. He works hard, does a great job, and raises lots of money for charities!",44968,7332,0.00178928067907691,0.01907617785036564,0.9791345596313477,0.9773452789522707,Positive
1014286054805987330,2018-07-03 23:13:34,2018-07-03,2018,2018-07,23,Tuesday,iPhone,Twitter for iPhone,"After having written many best selling books, and somewhat priding myself on my ability to write, it should be noted that the Fake News constantly likes to pore over my tweets looking for a mistake. I capitalize certain words only for emphasis, not b/c they should be capitalized!",76022,12550,0.4730665385723114,0.37483397126197815,0.15209946036338806,-0.32096707820892334,Negative
1017362207426908160,2018-07-12 10:57:06,2018-07-12,2018,2018-07,10,Thursday,iPhone,Twitter for iPhone,"#NATOSummit2018 Press Conference in Brussels, Belgium:https://t.co/iEOeGV6YBI",36145,8229,0.006218460388481617,0.9395055174827576,0.054275993257761,0.048057532869279385,Neutral
1018900904735531014,2018-07-16 16:51:20,2018-07-16,2018,2018-07,16,Monday,iPhone,Twitter for iPhone,"Thank you Helsinki, Finland! https://t.co/rh4NUjPSwU",78518,13792,0.002614114200696349,0.01842949539422989,0.978956401348114,0.9763422871474177,Positive
1019936658240794625,2018-07-19 01:27:03,2018-07-19,2018,2018-07,1,Thursday,iPhone,Twitter for iPhone,“Trump recognized Russian Meddling MANY TIMES.” https://t.co/Da8T8SUsCE,2539,809,0.14666609466075897,0.8098925352096558,0.04344141110777855,-0.10322468355298042,Neutral
1019937445356474368,2018-07-19 13:30:11,2018-07-19,2018,2018-07,13,Thursday,iPhone,Twitter for iPhone,"....proliferation, cyber attacks, trade, Ukraine, Middle East peace, North Korea and more. There are many answers, some easy and some hard, to these problems...but they can ALL be solved!",61146,12798,0.16521142423152924,0.5103120803833008,0.3244765102863312,0.15926508605480194,Neutral
1020425741664751616,2018-07-20 21:50:30,2018-07-20,2018,2018-07,21,Friday,iPhone,Twitter for iPhone,"I got severely criticized by the Fake News Media for being too nice to President Putin. In the Old Days they would call it Diplomacy. If I was loud &, vicious, I would have been criticized for being too tough. Remember when they said I was too tough with Chairman Kim? Hypocrites!",129424,29338,0.8386123776435852,0.14900940656661987,0.012378141283988953,-0.8262342363595963,Negative
1021917767467982854,2018-07-25 00:39:16,2018-07-25,2018,2018-07,0,Wednesday,iPhone,Twitter for iPhone,"So sad and unfair that the FCC wouldn’t approve the Sinclair Broadcast merger with Tribune. This would have been a great and much needed Conservative voice for and of the People. Liberal Fake News NBC and Comcast gets approved, much bigger, but not Sinclair. Disgraceful!",74030,17811,0.8442299962043762,0.13880063593387604,0.016969328746199608,-0.8272606674581766,Negative
1024059145564160000,2018-07-30 22:28:21,2018-07-30,2018,2018-07,22,Monday,iPhone,Twitter for iPhone,"...your Social Security and Medicare! Cast your early vote, or vote on August 7th, Election Day. He has my full and total Endorsement!",25209,4591,0.007320928853005171,0.18642009794712067,0.8062589168548584,0.7989379880018532,Positive
1024450744198553600,2018-08-01 00:24:25,2018-08-01,2018,2018-08,0,Wednesday,iPhone,Twitter for iPhone,Thank you Florida. I love you!https://t.co/M5T81DZVUU,63391,13955,0.004582352936267853,0.009640870615839958,0.9857767224311829,0.981194369494915,Positive
1024879317577285633,2018-08-02 04:47:25,2018-08-02,2018,2018-08,4,Thursday,iPhone,Twitter for iPhone,"Thank you to Chairman Kim Jong Un for keeping your word &, starting the process of sending home the remains of our great and beloved missing fallen! I am not at all surprised that you took this kind action. Also, thank you for your nice letter - l look forward to seeing you soon!",111723,21079,0.011530074290931225,0.08155064284801483,0.9069193005561829,0.8953892262652516,Positive
1025092358126362630,2018-08-02 18:53:58,2018-08-02,2018,2018-08,18,Thursday,iPhone,Twitter for iPhone,"Looking forward to being in the Great State of Pennsylvania where we had a tremendous victory in the Election. Will be campaigning hard for an original supporter, Lou Barletta, to replace a weak an ineffective Senator, Bob Casey. Lou is tough and smart, loves PA and our Country!",55261,10996,0.004723915830254555,0.02580006793141365,0.9694759845733643,0.9647520687431097,Positive
1025515565392257024,2018-08-03 22:55:38,2018-08-03,2018,2018-08,22,Friday,iPhone,Twitter for iPhone,“The media are good news fire extinguishers!” @greggutfeld @TheFive,39642,8220,0.005660157185047865,0.03934858739376068,0.9549912810325623,0.9493311238475144,Positive
1026897064066777099,2018-08-07 18:25:13,2018-08-07,2018,2018-08,18,Tuesday,iPhone,Twitter for iPhone,"Today, on the 236th anniversary of the Purple Heart, we honor the members of our Armed Forces for serving as the vanguard of American democracy and freedom around the world. #PurpleHeartDay https://t.co/NghmQ4BOKh",64329,13402,0.002960924059152603,0.0423470139503479,0.9546920657157898,0.9517311416566372,Positive
1028271447632957441,2018-08-11 13:26:32,2018-08-11,2018,2018-08,13,Saturday,iPhone,Twitter for iPhone,The riots in Charlottesville a year ago resulted in senseless death and division. We must come together as a nation. I condemn all types of racism and acts of violence. Peace to ALL Americans!,116344,26217,0.8920060992240906,0.0970773696899414,0.010916450060904026,-0.8810896491631866,Negative
1028355187939987465,2018-08-11 18:59:17,2018-08-11,2018,2018-08,18,Saturday,iPhone,Twitter for iPhone,Hundreds of Bikers for Trump just joined me at Bedminster. Quite a scene - great people who truly love our Country!,114842,20826,0.004047804977744818,0.022848403081297874,0.9731037616729736,0.9690559566952288,Positive
1029332350969237504,2018-08-14 11:42:11,2018-08-14,2018,2018-08,11,Tuesday,iPhone,Twitter for iPhone,Another terrorist attack in London...These animals are crazy and must be dealt with through toughness and strength!,110603,23692,0.9348662495613098,0.058067645877599716,0.007066205609589815,-0.92780004395172,Negative
1029354577559281665,2018-08-14 13:10:30,2018-08-14,2018,2018-08,13,Tuesday,iPhone,Twitter for iPhone,Strzok started the illegal Rigged Witch Hunt - why isn’t this so-called “probe” ended immediately? Why aren’t these angry and conflicted Democrats instead looking at Crooked Hillary?,77874,17499,0.8967172503471375,0.09623551368713379,0.007047139108181,-0.8896701112389565,Negative
1029798446650277888,2018-08-15 18:34:17,2018-08-15,2018,2018-08,18,Wednesday,iPhone,Twitter for iPhone,"Chuck Schumer, I agree! https://t.co/KfoLkQU5Hv",75018,26007,0.006204896606504917,0.1403743177652359,0.8534208536148071,0.8472159570083022,Positive
1031508193107763200,2018-08-20 11:48:12,2018-08-20,2018,2018-08,11,Monday,iPhone,Twitter for iPhone,"Where’s the Collusion? They made up a phony crime called Collusion, and when there was no Collusion they say there was Obstruction (of a phony crime that never existed). If you FIGHT BACK or say anything bad about the Rigged Witch Hunt, they scream Obstruction!",80078,19071,0.8809317946434021,0.11006535589694977,0.009002833627164364,-0.8719289610162377,Negative
1032709326643843072,2018-08-23 19:21:04,2018-08-23,2018,2018-08,19,Thursday,iPhone,Twitter for iPhone,I have authorized an emergency disaster declaration to provide Hawaii the necessary support ahead of #HurricaneLane. Our teams are closely coordinating with the state and local authorities. You are in our thoughts! https://t.co/lrhwbdUavj,54219,11286,0.024832814931869507,0.6475982666015625,0.3275688886642456,0.3027360737323761,Neutral
1032934937962442754,2018-08-24 10:17:34,2018-08-24,2018,2018-08,10,Friday,iPhone,Twitter for iPhone,"“Department of Justice will not be improperly influenced by political considerations.” Jeff, this is GREAT, what everyone wants, so look into all of the corruption on the “other side” including deleted Emails, Comey lies &, leaks, Mueller conflicts, McCabe, Strzok, Page, Ohr......",93852,25960,0.06987340748310089,0.24769100546836853,0.6824356317520142,0.6125622242689133,Positive
1035159956507566080,2018-08-30 13:39:00,2018-08-30,2018,2018-08,13,Thursday,iPhone,Twitter for iPhone,"I am very excited about the person who will be taking the place of Don McGahn as White House Counsel! I liked Don, but he was NOT responsible for me not firing Bob Mueller or Jeff Sessions. So much Fake Reporting and Fake News!",52680,11178,0.21868298947811127,0.24105319380760193,0.540263831615448,0.32158084213733673,Positive
1035866602623979526,2018-09-01 12:26:58,2018-09-01,2018,2018-09,12,Saturday,iPhone,Twitter for iPhone,"Report: There were no FISA hearings held over Spy documents.”It is astonishing that the FISA courts couldn’t hold hearings on Spy Warrants targeting Donald Trump. It isn’t about Carter Page, it’s about the Trump Campaign. You’ve got corruption at the DOJ &, FBI. The leadership....",61494,15789,0.8495318293571472,0.1423463225364685,0.00812180433422327,-0.841410025022924,Negative
1036695682072158214,2018-09-03 19:21:26,2018-09-03,2018,2018-09,19,Monday,iPhone,Twitter for iPhone,"According to the Failing New York Times, the FBI started a major effort to flip Putin loyalists in 2014-2016. “It wasn’t about Trump, he wasn’t even close to a candidate yet.” Rigged Witch Hunt!",61158,14613,0.7931303381919861,0.19522006809711456,0.011649558320641518,-0.7814807798713446,Negative
1037107565413511168,2018-09-04 22:38:06,2018-09-04,2018,2018-09,22,Tuesday,iPhone,Twitter for iPhone,"Statement from White House Chief of Staff, General John Kelly: https://t.co/LUN8cDr3N5",56485,16081,0.011677074246108532,0.957608699798584,0.030714191496372223,0.01903711725026369,Neutral
1037182409446490112,2018-09-05 03:35:30,2018-09-05,2018,2018-09,3,Wednesday,iPhone,Twitter for iPhone,“Secretary Mattis Nukes Woodward Allegations” https://t.co/H5bPjsVXNb,44561,11396,0.15230467915534973,0.8307927250862122,0.01690257526934147,-0.13540210388600826,Neutral
1037485664433070080,2018-09-05 23:40:32,2018-09-05,2018,2018-09,23,Wednesday,iPhone,Twitter for iPhone,"Does the so-called “Senior Administration Official” really exist, or is it just the Failing New York Times with another phony source? If the GUTLESS anonymous person does indeed exist, the Times must, for National Security purposes, turn him/her over to government at once!",101716,25111,0.8154067397117615,0.17431125044822693,0.010281959548592567,-0.8051247801631689,Negative
1038789398140084224,2018-09-09 14:01:06,2018-09-09,2018,2018-09,14,Sunday,iPhone,Twitter for iPhone,"If the U.S. sells a car into China, there is a tax of 25%. If China sells a car into the U.S., there is a tax of 2%. Does anybody think that is FAIR? The days of the U.S. being ripped-off by other nations is OVER!",115492,26536,0.6107783317565918,0.3623068928718567,0.026914840564131737,-0.5838634911924601,Negative
1039270337198927873,2018-09-10 21:52:11,2018-09-10,2018,2018-09,21,Monday,iPhone,Twitter for iPhone,"Was just briefed via phone by @DHSgov @SecNielsen and @FEMA @FEMA_Brock, along with @VP Mike Pence and Chief of Staff, John Kelly on incoming storm which is very dangerous. Heed the directions of your State and Local Officials - and know that WE are here for you. Be SAFE! https://t.co/sN8D5NvrBa",42741,9859,0.1845771223306656,0.637305736541748,0.17811711132526398,-0.006460011005401611,Neutral
1039556378766069760,2018-09-11 16:48:49,2018-09-11,2018,2018-09,16,Tuesday,iPhone,Twitter for iPhone,Small Business Optimism Soars to Highest Level Ever | Breitbart https://t.co/T6rFhfPz6n via @BreitbartNews,43480,10650,0.0026852211449295282,0.11378222703933716,0.8835325837135315,0.880847362568602,Positive
1040198906842427392,2018-09-13 11:22:00,2018-09-13,2018,2018-09,11,Thursday,iPhone,Twitter for iPhone,"The problem with banker Jamie Dimon running for President is that he doesn’t have the aptitude or “smarts” &, is a poor public speaker &, nervous mess - otherwise he is wonderful. I’ve made a lot of bankers, and others, look much smarter than they are with my great economic policy!",51209,9286,0.5701113343238831,0.26724109053611755,0.16264759004116058,-0.4074637442827225,Negative
1040788151000883201,2018-09-15 02:23:26,2018-09-15,2018,2018-09,2,Saturday,iPhone,Twitter for iPhone,....GWU Research to tell them how many people had died in Puerto Rico (how would they not know this?). This method was never done with previous hurricanes because other jurisdictions know how many people were killed. FIFTY TIMES LAST ORIGINAL NUMBER - NO WAY!,55777,11933,0.8259008526802063,0.16462522745132446,0.009473894722759724,-0.8164269579574466,Negative
1042263143496511488,2018-09-19 04:04:32,2018-09-19,2018,2018-09,4,Wednesday,iPhone,Twitter for iPhone,"Kim Jong Un has agreed to allow Nuclear inspections, subject to final negotiations, and to permanently dismantle a test site and launch pad in the presence of international experts. In the meantime there will be no Rocket or Nuclear testing. Hero remains to continue being........",87530,20965,0.04147736355662346,0.8818604946136475,0.07666213810443878,0.03518477454781532,Neutral
1043188755866079232,2018-09-21 17:22:35,2018-09-21,2018,2018-09,17,Friday,iPhone,Twitter for iPhone,"Throughout American history, the men and women of our Armed Forces have selflessly served our Country, making tremendous sacrifices to defend our liberty. On National POW/MIA Recognition Day, we honor all American Prisoners of War: https://t.co/ZGiqdYbats https://t.co/OEetrLzgcJ",37921,8860,0.006833246443420649,0.0812218189239502,0.9119449853897095,0.9051117389462888,Positive
1043966388182953984,2018-09-23 20:52:37,2018-09-23,2018,2018-09,20,Sunday,iPhone,Twitter for iPhone,"Going to New York. Will be with Prime Minister Abe of Japan tonight, talking Military and Trade. We have done much to help Japan, would like to see more of a reciprocal relationship. It will all work out!",79687,15115,0.005312785971909761,0.11396976560354233,0.880717396736145,0.8754046107642353,Positive
1044371304395276288,2018-09-24 23:41:37,2018-09-24,2018,2018-09,23,Monday,iPhone,Twitter for iPhone,"It was my great honor to welcome President @EmmanuelMacron of France to the United States, here in New York City, this evening! #UNGA https://t.co/Gd7pCBFUCg",34370,6318,0.0016060883644968271,0.01436053216457367,0.9840333461761475,0.9824272578116506,Positive
1045444544068812800,2018-09-27 22:46:17,2018-09-27,2018,2018-09,22,Thursday,iPhone,Twitter for iPhone,"Judge Kavanaugh showed America exactly why I nominated him. His testimony was powerful, honest, and riveting. Democrats’ search and destroy strategy is disgraceful and this process has been a total sham and effort to delay, obstruct, and resist. The Senate must vote!",281610,69503,0.05146969109773636,0.11694816499948502,0.8315821290016174,0.7801124379038811,Positive
1046714711268622336,2018-10-01 10:53:28,2018-10-01,2018,2018-10,10,Monday,iPhone,Twitter for iPhone,"....deficiencies and mistakes in NAFTA, greatly opens markets to our Farmers and Manufacturers, reduces Trade Barriers to the U.S. and will bring all three Great Nations together in competition with the rest of the world. The USMCA is a historic transaction!",68180,14664,0.013986739329993725,0.22050713002681732,0.7655061483383179,0.7515194090083241,Positive
1047309776374259712,2018-10-03 02:18:03,2018-10-03,2018,2018-10,2,Wednesday,iPhone,Twitter for iPhone,"Today, my Administration provided HISTORIC levels of funding to improve school safety through STOP School Violence grants – a top priority for @sandyhook. I am committed to keeping our children SAFE in their schools!",65962,14406,0.0029370386619120836,0.026926405727863312,0.9701365828514099,0.9671995441894978,Positive
1047319923700060161,2018-10-03 02:58:22,2018-10-03,2018,2018-10,2,Wednesday,iPhone,Twitter for iPhone,"Thank you Mississippi - Together, we are MAKING AMERICA GREAT AGAIN! https://t.co/npnRirjcFG",43893,8839,0.002839456545189023,0.0132653983309865,0.9838951230049133,0.9810556664597243,Positive
1047469711938736128,2018-10-03 12:53:35,2018-10-03,2018,2018-10,12,Wednesday,iPhone,Twitter for iPhone,"The Failing New York Times did something I have never seen done before. They used the concept of “time value of money” in doing a very old, boring and often told hit piece on me. Added up, this means that 97% of their stories on me are bad. Never recovered from bad election call!",69903,14538,0.9416412115097046,0.05301380902528763,0.005344995763152838,-0.9362962157465518,Negative
1051471737068670977,2018-10-14 13:56:12,2018-10-14,2018,2018-10,13,Sunday,iPhone,Twitter for iPhone,"NBC News has totally and purposely changed the point and meaning of my story about General Robert E Lee and General Ulysses Grant. Was actually a shoutout to warrior Grant and the great state in which he was born. As usual, dishonest reporting. Even mainstream media embarrassed!",102175,25427,0.7873930931091309,0.19064730405807495,0.021959593519568443,-0.7654334995895624,Negative
1051558072433463297,2018-10-14 19:39:16,2018-10-14,2018,2018-10,19,Sunday,iPhone,Twitter for iPhone,"I will be interviewed on “60 Minutes” tonight at 7:00 P.M., after NFL game. Enjoy!",62328,9858,0.001841984922066331,0.1318633258342743,0.8662946820259094,0.8644526971038431,Positive
1051801524857384960,2018-10-15 11:46:39,2018-10-15,2018,2018-10,11,Monday,iPhone,Twitter for iPhone,“The only way to shut down the Democrats new Mob Rule strategy is to stop them cold at the Ballot Box. The fight for America’s future is never over!” Ben Shapiro,86884,21978,0.059137504547834396,0.444327175617218,0.4965352714061737,0.4373977668583393,Positive
1052532141941301248,2018-10-17 12:09:52,2018-10-17,2018,2018-10,12,Wednesday,iPhone,Twitter for iPhone,AP headline was very different from my quote and meaning in the story. They just can’t help themselves. FAKE NEWS!,51113,11280,0.8704500198364258,0.1218680813908577,0.0076818922534585,-0.8627681275829673,Negative
1052681628240281600,2018-10-17 22:03:52,2018-10-17,2018,2018-10,22,Wednesday,iPhone,Twitter for iPhone,"This afternoon, it was my great honor to present @USMC Sergeant Major John Canley the Medal of Honor in the East Room of the @WhiteHouse! https://t.co/EI1DD4AkC9 https://t.co/6JJm1SRcQ9",48843,9501,0.0021372386254370213,0.01812862418591976,0.9797341227531433,0.9775968841277063,Positive
1053074465150578688,2018-10-19 00:04:52,2018-10-19,2018,2018-10,0,Friday,iPhone,Twitter for iPhone,"Will be landing soon. Looking forward to seeing our next Senator from Montana, Matt Rosendale. He will represent our Country well, far better than Jon Tester who will vote with Cryin’ Chuck Schumer and Nancy Pelosi - never with us!",54086,11047,0.004663401283323765,0.04117429628968239,0.9541623592376709,0.9494989579543471,Positive
1055064484644089856,2018-10-24 11:52:29,2018-10-24,2018,2018-10,11,Wednesday,iPhone,Twitter for iPhone,"For those who want and advocate for illegal immigration, just take a good look at what has happened to Europe over the last 5 years. A total mess! They only wish they had that decision to make over again.",110705,29683,0.9147453308105469,0.07815386354923248,0.007100709713995457,-0.9076446210965514,Negative
1055412328571850753,2018-10-25 10:54:42,2018-10-25,2018,2018-10,10,Thursday,iPhone,Twitter for iPhone,"The so-called experts on Trump over at the New York Times wrote a long and boring article on my cellphone usage that is so incorrect I do not have time here to correct it. I only use Government Phones, and have only one seldom used government cell phone. Story is soooo wrong!",67366,16472,0.8945016860961914,0.09669637680053711,0.008801945485174656,-0.8856997406110168,Negative
1056880287974649856,2018-10-29 12:07:51,2018-10-29,2018,2018-10,12,Monday,iPhone,Twitter for iPhone,....of Anger and Outrage and we will then be able to bring all sides together in Peace and Harmony. Fake News Must End!,68996,15763,0.34825432300567627,0.5195611119270325,0.13218455016613007,-0.2160697728395462,Neutral
1057714919766925314,2018-10-31 19:24:22,2018-10-31,2018,2018-10,19,Wednesday,iPhone,Twitter for iPhone,"Yesterday in Pittsburgh I was really impressed with Congressman Keith Rothfus (far more so than any other local political figure). His sincere level of compassion, grief and sorrow for the events that took place was, in its own way, very inspiring. Vote for Keith!",53225,11684,0.0049085053615272045,0.017475415021181107,0.9776161313056946,0.9727076259441674,Positive
1058893955084025856,2018-11-04 01:29:26,2018-11-04,2018,2018-11,1,Sunday,iPhone,Twitter for iPhone,"Another fantastic #MAGARally tonight in the Great State of Florida. In just 3 days, the People of Florida are going to elect @ScottforFlorida and @RonDeSantisFL to protect your jobs, defend your BORDERS, and CONTINUE MAKING AMERICA GREAT AGAIN! https://t.co/0pWiwCHGbh🇺🇸 https://t.co/sS78uyafOG",43057,11444,0.0022454664576798677,0.0148278484120965,0.9829266667366028,0.9806812002789229,Positive
1060942600994050048,2018-11-09 17:10:02,2018-11-09,2018,2018-11,17,Friday,iPhone,Twitter for iPhone,"Jeff Flake(y) doesn’t want to protect the Non-Senate confirmed Special Counsel, he wants to protect his future after being unelectable in Arizona for the “crime” of doing a terrible job! A weak and ineffective guy!",71878,16421,0.9037426710128784,0.08808672428131104,0.008170561864972115,-0.8955721091479063,Negative
1062331024426913792,2018-11-13 13:07:08,2018-11-13,2018,2018-11,13,Tuesday,iPhone,Twitter for iPhone,"On Trade, France makes excellent wine, but so does the U.S. The problem is that France makes it very hard for the U.S. to sell its wines into France, and charges big Tariffs, whereas the U.S. makes it easy for French wines, and charges very small Tariffs. Not fair, must change!",103632,23482,0.7031270265579224,0.25205788016319275,0.044815100729465485,-0.6583119258284569,Negative
1062371844836261891,2018-11-13 15:49:20,2018-11-13,2018,2018-11,15,Tuesday,iPhone,Twitter for iPhone,"By the way, when the helicopter couldn’t fly to the first cemetery in France because of almost zero visibility, I suggested driving. Secret Service said NO, too far from airport &, big Paris shutdown. Speech next day at American Cemetery in pouring rain! Little reported-Fake News!",105053,25206,0.8588264584541321,0.1319476217031479,0.009225908666849136,-0.8496005497872829,Negative
1062789364399390720,2018-11-14 19:28:24,2018-11-14,2018,2018-11,19,Wednesday,iPhone,Twitter for iPhone,"Not seen in many years, America’s steelworkers get a hard-earned raise because of my Administration’s policies to help bring back the U.S. steel industry, which is critical to our National Security. I will always protect America and its workers!",87715,18586,0.007664151024073362,0.05304022133350372,0.9392956495285034,0.9316314985044301,Positive
1063169733535678464,2018-11-15 20:39:51,2018-11-15,2018,2018-11,20,Thursday,iPhone,Twitter for iPhone,"Last year, I signed the landmark VA Accountability Act to ensure those who mistreat our Veterans can be held fully accountable. Since my inauguration, we have removed more than 3,600 government employees who were not giving our Vets the care they deserve.... https://t.co/KqWXXt7D4U",67889,15806,0.3267297148704529,0.5130974054336548,0.1601729393005371,-0.16655677556991577,Neutral
1063591735169871872,2018-11-17 00:36:44,2018-11-17,2018,2018-11,0,Saturday,iPhone,Twitter for iPhone,"Congratulations to Ron DeSantis on becoming the new Governor of Florida. Against all odds, he fought &, fought &, fought, the result being a historic victory. He never gave up and never will. He will be a great Governor!",88962,18191,0.003107980592176318,0.01281834114342928,0.9840736389160156,0.9809656583238393,Positive
1065581119242940416,2018-11-22 12:21:51,2018-11-22,2018,2018-11,12,Thursday,iPhone,Twitter for iPhone,"Justice Roberts can say what he wants, but the 9th Circuit is a complete &, total disaster. It is out of control, has a horrible reputation, is overturned more than any Circuit in the Country, 79%, &, is used to get an almost guaranteed result. Judges must not Legislate Security...",91686,21828,0.8740982413291931,0.1160777136683464,0.0098239965736866,-0.8642742447555065,Negative
1066788767133040640,2018-11-25 20:20:36,2018-11-25,2018,2018-11,20,Sunday,iPhone,Twitter for iPhone,"General Anthony Tata: “President Trump is a man of his word &, he said he was going to be tough on the Border, and he is tough on the Border. He has rightfully strengthened the Border in the face of an unprecedented threat. It’s the right move by President Trump.” Thanks General!",72840,17364,0.009581433609127998,0.07591798156499863,0.9145005941390991,0.9049191605299711,Positive
1069575605199482881,2018-12-03 12:54:30,2018-12-03,2018,2018-12,12,Monday,iPhone,Twitter for iPhone,"My meeting in Argentina with President Xi of China was an extraordinary one. Relations with China have taken a BIG leap forward! Very good things will happen. We are dealing from great strength, but China likewise has much to gain if and when a deal is completed. Level the field!",63887,13429,0.002950085327029228,0.019380323588848114,0.9776695370674133,0.9747194517403841,Positive
1070521302652469248,2018-12-06 03:32:22,2018-12-06,2018,2018-12,3,Thursday,iPhone,Twitter for iPhone,"Working hard, thank you! https://t.co/3SoWTkZjP6",123907,23841,0.0035628536716103554,0.01847221702337265,0.9779649972915649,0.9744021436199546,Positive
1071009820575186945,2018-12-07 11:53:34,2018-12-07,2018,2018-12,11,Friday,iPhone,Twitter for iPhone,"....Foundation be listed at the top of the Report? Will the scathing document written about Lyin’ James Comey, by the man in charge of the case, Rod Rosenstein (who also signed the FISA Warrant), be a big part of the Report? Isn’t Rod therefore totally conflicted? Will all of....",59461,13752,0.4839237928390503,0.4998985826969147,0.016177533194422722,-0.46774625964462757,Neutral
1071076523719909376,2018-12-07 16:18:37,2018-12-07,2018,2018-12,16,Friday,iPhone,Twitter for iPhone,"....and one of the most highly respected lawyers and legal minds in the Country, he will be a great addition to our team. I look forward to having him join our very successful Administration!",47193,8935,0.002385483356192708,0.012240763753652573,0.9853737354278564,0.9829882520716637,Positive
1072468779974713345,2018-12-11 12:30:57,2018-12-11,2018,2018-12,12,Tuesday,iPhone,Twitter for iPhone,".....I look forward to my meeting with Chuck Schumer &, Nancy Pelosi. In 2006, Democrats voted for a Wall, and they were right to do so. Today, they no longer want Border Security. They will fight it at all cost, and Nancy must get votes for Speaker. But the Wall will get built...",59748,12417,0.19349952042102814,0.4694620966911316,0.3370383381843567,0.14353881776332855,Neutral
1073248137320509440,2018-12-13 16:07:50,2018-12-13,2018,2018-12,16,Thursday,iPhone,Twitter for iPhone,They gave General Flynn a great deal because they were embarrassed by the way he was treated - the FBI said he didn’t lie and they overrode the FBI. They want to scare everybody into making up stories that are not true by catching them in the smallest of misstatements. Sad!......,84097,19414,0.837954044342041,0.14954715967178345,0.012498809024691582,-0.8254552353173494,Negative
1075210867678109697,2018-12-19 02:07:01,2018-12-19,2018,2018-12,2,Wednesday,iPhone,Twitter for iPhone,"America is the greatest Country in the world and my job is to fight for ALL citizens, even those who have made mistakes. Congratulations to the Senate on the bi-partisan passing of a historic Criminal Justice Reform Bill....",85137,16735,0.005316612776368856,0.031283047050237656,0.9634003043174744,0.9580836915411055,Positive
1075397797929775105,2018-12-19 14:29:49,2018-12-19,2018,2018-12,14,Wednesday,iPhone,Twitter for iPhone,"We have defeated ISIS in Syria, my only reason for being there during the Trump Presidency.",100443,20265,0.048345696181058884,0.2966495156288147,0.6550047993659973,0.6066591031849384,Positive
1076658521926656000,2018-12-23 01:59:29,2018-12-23,2018,2018-12,1,Sunday,iPhone,Twitter for iPhone,"If anybody but your favorite President, Donald J. Trump, announced that, after decimating ISIS in Syria, we were going to bring our troops back home (happy &, healthy), that person would be the most popular hero in America. With me, hit hard instead by the Fake News Media. Crazy!",133032,27149,0.46610862016677856,0.3038901686668396,0.23000124096870422,-0.23610737919807434,Negative
1076950276958027779,2018-12-23 21:18:49,2018-12-23,2018,2018-12,21,Sunday,iPhone,Twitter for iPhone,"Thanks @RandPaul “I am very proud of the President. This is exactly what he promised, and I think the people agree with him. We’ve been at war too long and in too many places...spent several trillion dollars on these wars everywhere. He’s different...that’s why he got elected.”",95271,20458,0.014078352600336075,0.043134886771440506,0.9427867531776428,0.9287084005773067,Positive
1077311502615490560,2018-12-24 21:14:12,2018-12-24,2018,2018-12,21,Monday,iPhone,Twitter for iPhone,Christmas Eve briefing with my team working on North Korea – Progress being made. Looking forward to my next summit with Chairman Kim! https://t.co/zPTtDbrP0o,77373,14248,0.0016795636620372534,0.03932613879442215,0.9589943289756775,0.9573147653136402,Positive
1078412737603096576,2018-12-27 22:10:07,2018-12-27,2018,2018-12,22,Thursday,iPhone,Twitter for iPhone,"This isn’t about the Wall, everybody knows that a Wall will work perfectly (In Israel the Wall works 99.9%). This is only about the Dems not letting Donald Trump &, the Republicans have a win. They may have the 10 Senate votes, but we have the issue, Border Security. 2020!",111689,25631,0.33373382687568665,0.44478514790534973,0.22148098051548004,-0.1122528463602066,Neutral
1079083702943211520,2018-12-29 18:36:17,2018-12-29,2018,2018-12,18,Saturday,iPhone,Twitter for iPhone,"...children in question were very sick before they were given over to Border Patrol. The father of the young girl said it was not their fault, he hadn’t given her water in days. Border Patrol needs the Wall and it will all end. They are working so hard &, getting so little credit!",115894,24895,0.8520104885101318,0.13655611872673035,0.011433372274041176,-0.8405771162360907,Negative
1080616637932421121,2019-01-03 00:07:38,2019-01-03,2019,2019-01,0,Thursday,iPhone,Twitter for iPhone,"...I remain ready and willing to work with Democrats to pass a bill that secures our borders, supports the agents and officers on the ground, and keeps America Safe. Let’s get it done!",90700,17937,0.008275769650936127,0.11536331474781036,0.8763608932495117,0.8680851235985756,Positive
1081357291914477568,2019-01-05 01:10:43,2019-01-05,2019,2019-01,1,Saturday,iPhone,Twitter for iPhone,"Great new book by Dr. Robert Jeffress, “Choosing the Extraordinary Life.” Get it and enjoy! @LouDobbs",58299,10785,0.0016006410587579012,0.013170118443667889,0.9852291941642761,0.9836285531055182,Positive
1082268365081767936,2019-01-07 13:31:00,2019-01-07,2019,2019-01,13,Monday,iPhone,Twitter for iPhone,....The Fake News Media in our Country is the real Opposition Party. It is truly the Enemy of the People! We must bring honesty back to journalism and reporting!,113023,25815,0.8805959224700928,0.10471298545598984,0.01469104178249836,-0.8659048806875944,Negative
1083554843627868160,2019-01-11 02:43:00,2019-01-11,2019,2019-01,2,Friday,iPhone,Twitter for iPhone,When I took the Oath of Office.... https://t.co/GDhIqteKpv,89643,23681,0.020719902589917183,0.9021012783050537,0.07717876136302948,0.0564588587731123,Neutral
1083756525196320773,2019-01-11 16:04:25,2019-01-11,2019,2019-01,16,Friday,iPhone,Twitter for iPhone,"Humanitarian Crisis at our Southern Border. I just got back and it is a far worse situation than almost anyone would understand, an invasion! I have been there numerous times - The Democrats, Cryin’ Chuck and Nancy don’t know how bad and dangerous it is for our ENTIRE COUNTRY....",114304,25234,0.9389349222183228,0.05235564708709717,0.008709447458386421,-0.9302254747599363,Negative
1084788796011491330,2019-01-14 12:26:18,2019-01-14,2019,2019-01,12,Monday,iPhone,Twitter for iPhone,"Nancy and Cryin’ Chuck can end the Shutdown in 15 minutes. At this point it has become their, and the Democrats, fault!",92606,19506,0.896416962146759,0.09062765538692474,0.012955390848219395,-0.8834615712985396,Negative
1084790393764364288,2019-01-14 12:32:38,2019-01-14,2019,2019-01,12,Monday,iPhone,Twitter for iPhone,"Getting ready to address the Farm Convention today in Nashville, Tennessee. Love our farmers, love Tennessee - a great combination! See you in a little while.",3080,711,0.0013837170554324985,0.022842546924948692,0.9757737517356873,0.9743900346802548,Positive
1087051223310712832,2019-01-20 18:16:22,2019-01-20,2019,2019-01,18,Sunday,iPhone,Twitter for iPhone,The Media is not giving us credit for the tremendous progress we have made with North Korea. Think of where we were at the end of the Obama Administration compared to now. Great meeting this week with top Reps. Looking forward to meeting with Chairman Kim at end of February!,89567,19361,0.010815448127686977,0.0597308985888958,0.9294536113739014,0.9186381632462144,Positive
1087726599225688064,2019-01-22 15:00:04,2019-01-22,2019,2019-01,15,Tuesday,iPhone,Twitter for iPhone,"Last time I went to Davos, the Fake News said I should not go there. This year, because of the Shutdown, I decided not to go, and the Fake News said I should be there. The fact is that the people understand the media better than the media understands them!",94964,21077,0.765643835067749,0.21467502415180206,0.01968114823102951,-0.7459626868367195,Negative
1087743320988835841,2019-01-22 16:06:31,2019-01-22,2019,2019-01,16,Tuesday,iPhone,Twitter for iPhone,"...big Crooked Hillary law firm, represented by her lawyer Michael Sussmann (do you believe this?) who worked Baker hard &, gave him Oppo Research for “a Russia probe.” This meeting, now exposed, is the subject of Senate inquiries and much more. An Unconstitutional Hoax. @FoxNews",103167,25332,0.6656378507614136,0.31061893701553345,0.02374318428337574,-0.6418946664780378,Negative
1088418271194464256,2019-01-24 12:48:32,2019-01-24,2019,2019-01,12,Thursday,iPhone,Twitter for iPhone,"So interesting that bad lawyer Michael Cohen, who sadly will not be testifying before Congress, is using the lawyer of Crooked Hillary Clinton to represent him - Gee, how did that happen? Remember July 4th weekend when Crooked went before FBI &, wasn’t sworn in, no tape, nothing?",88706,20354,0.8387019634246826,0.150351881980896,0.010946102440357208,-0.8277558609843254,Negative
1090566017238093824,2019-01-30 11:02:54,2019-01-30,2019,2019-01,11,Wednesday,iPhone,Twitter for iPhone,Maduro willing to negotiate with opposition in Venezuela following U.S. sanctions and the cutting off of oil revenues. Guaido is being targeted by Venezuelan Supreme Court. Massive protest expected today. Americans should not travel to Venezuela until further notice.,78335,24595,0.721150279045105,0.266195148229599,0.012654589489102364,-0.7084956895560026,Negative
1094939561485062146,2019-02-11 12:41:49,2019-02-11,2019,2019-02,12,Monday,iPhone,Twitter for iPhone,“Fact checkers have become Fake News.” @JesseBWatters So True!,74022,14149,0.7311152219772339,0.23351621627807617,0.03536858409643173,-0.6957466378808022,Negative
1095049352840658944,2019-02-11 19:58:05,2019-02-11,2019,2019-02,19,Monday,iPhone,Twitter for iPhone,۴۰ سال فساد. ۴۰ سال سرکوب. ۴۰ سال ترور. رژیم ایران فقط موجب #چهل_سال_شکست شده است. مردم ایران که مدتهاست در رنجند شایسته آینده روشن تری هستند https://t.co/nKMQCHQFCZ,65340,16461,0.14374308288097382,0.7719168066978455,0.08434012532234192,-0.0594029575586319,Neutral
1096926633708134406,2019-02-17 00:17:44,2019-02-17,2019,2019-02,0,Sunday,iPhone,Twitter for iPhone,"Trade negotiators have just returned from China where the meetings on Trade were very productive. Now at meetings with me at Mar-a-Lago giving the details. In the meantime, Billions of Dollars are being paid to the United States by China in the form of Trade Tariffs!",94952,18573,0.011647135019302368,0.3329109847545624,0.65544193983078,0.6437948048114777,Positive
1098191360987930624,2019-02-20 12:03:18,2019-02-20,2019,2019-02,12,Wednesday,iPhone,Twitter for iPhone,“Andrew McCabe gave absolutely no evidence of any threat to substantiate his ABSURD claim.” @LouDobbs,63573,12874,0.6343554258346558,0.350081205368042,0.01556338556110859,-0.6187920402735472,Negative
1098959451292426241,2019-02-22 14:55:25,2019-02-22,2019,2019-02,14,Friday,iPhone,Twitter for iPhone,Fake News is so bad for our Country! https://t.co/ZwA8E0URer,79816,19736,0.9320326447486877,0.058336835354566574,0.00963051151484251,-0.9224021332338452,Negative
1099654763531055104,2019-02-24 12:58:20,2019-02-24,2019,2019-02,12,Sunday,iPhone,Twitter for iPhone,"Very productive talks yesterday with China on Trade. Will continue today! I will be leaving for Hanoi, Vietnam, early tomorrow for a Summit with Kim Jong Un of North Korea, where we both expect a continuation of the progress made at first Summit in Singapore. Denuclearization?",81692,15396,0.002147974446415901,0.056672900915145874,0.941179096698761,0.9390311222523451,Positive
1100048114382266374,2019-02-25 15:01:23,2019-02-25,2019,2019-02,15,Monday,iPhone,Twitter for iPhone,“Why on earth would any Republican vote not to put up a Wall or against Border Security. Please explain that to me?” @Varneyco,94083,18671,0.739840567111969,0.24693463742733002,0.013224810361862183,-0.7266157567501068,Negative
1100105732450443265,2019-02-25 18:50:20,2019-02-25,2019,2019-02,18,Monday,iPhone,Twitter for iPhone,"Congratulations to @DJohnsonPGA on his 20th PGA Tour WIN. Not only is Dustin a truly great golfer, he is a wonderful guy. Big year ahead for Dustin!",58749,7650,0.002320293104276061,0.008239248767495155,0.9894405007362366,0.9871202076319605,Positive
1101289772528603137,2019-03-01 01:15:17,2019-03-01,2019,2019-03,1,Friday,iPhone,Twitter for iPhone,I will be interviewed by @seanhannity at 9:00 P.M. on @FoxNews. Enjoy!,53856,8784,0.0016817008145153522,0.13339094817638397,0.864927351474762,0.8632456506602466,Positive
1101839731761995776,2019-03-02 13:40:37,2019-03-02,2019,2019-03,13,Saturday,iPhone,Twitter for iPhone,"Will be speaking at CPAC at 11:30 this morning. Record crowd, live broadcast. Enjoy!",66161,11122,0.001337608089670539,0.037219658493995667,0.9614427089691162,0.9601051008794457,Positive
1101870920795373569,2019-03-02 15:44:33,2019-03-02,2019,2019-03,15,Saturday,iPhone,Twitter for iPhone,"@TeamCavuto It was a 3 day train ride to Vietnam, not 3 hours!",5728,1548,0.15176920592784882,0.7471299171447754,0.1011008694767952,-0.05066833645105362,Neutral
1101880269106221058,2019-03-02 16:21:42,2019-03-02,2019,2019-03,16,Saturday,iPhone,Twitter for iPhone,Thank you @marklevinshow!https://t.co/dwQR11genG,70411,17525,0.004285894334316254,0.015252271667122841,0.980461835861206,0.9761759415268898,Positive
1102603979442270208,2019-03-04 16:17:28,2019-03-04,2019,2019-03,16,Monday,iPhone,Twitter for iPhone,"FEMA has been told directly by me to give the A Plus treatment to the Great State of Alabama and the wonderful people who have been so devastated by the Tornadoes. @GovernorKayIvey, one of the best in our Country, has been so informed. She is working closely with FEMA (and me!).",68341,13543,0.03604050725698471,0.18888361752033234,0.7750758528709412,0.7390353456139565,Positive
1102658425505366018,2019-03-04 19:53:49,2019-03-04,2019,2019-03,19,Monday,iPhone,Twitter for iPhone,"The military drills, or war games as I call them, were never even discussed in my mtg w/ Kim Jong Un of NK—FAKE NEWS! I made that decision long ago because it costs the U.S. far too much money to have those “games”, especially since we are not reimbursed for the tremendous cost!",76764,15778,0.8569735288619995,0.13352887332439423,0.00949766207486391,-0.8474758667871356,Negative
1103995281203478528,2019-03-08 12:26:00,2019-03-08,2019,2019-03,12,Friday,iPhone,Twitter for iPhone,Thank you @foxandfriends. Great show!,43974,6301,0.003796983975917101,0.010308921337127686,0.9858940839767456,0.9820971000008285,Positive
1104499701016133634,2019-03-09 21:50:23,2019-03-09,2019,2019-03,21,Saturday,iPhone,Twitter for iPhone,"I hope the grandstanding Governor of California is able to spend his very highly taxed citizens money on asylum holds more efficiently than money has been spent on the so-called Fast Train, which is $Billions over budget &, in total disarray. Time to reduce taxes in California!",90614,18934,0.6775040626525879,0.26208049058914185,0.060415446758270264,-0.6170886158943176,Negative
1104514899051462657,2019-03-09 22:50:47,2019-03-09,2019,2019-03,22,Saturday,iPhone,Twitter for iPhone,This is just the beginning! https://t.co/PYwFGVGUxX,66861,16441,0.006042239256203175,0.18737687170505524,0.8065809607505798,0.8005387214943767,Positive
1105871954001739782,2019-03-13 16:43:14,2019-03-13,2019,2019-03,16,Wednesday,iPhone,Twitter for iPhone,Democrats will have a unanimous vote on a 20% issue in opposing Republican Senators tomorrow. The Dems are for Open Borders and Crime!,59906,14108,0.2084776759147644,0.6273999214172363,0.16412247717380524,-0.04435519874095917,Neutral
1106279613431508992,2019-03-14 19:43:08,2019-03-14,2019,2019-03,19,Thursday,iPhone,Twitter for iPhone,"I look forward to VETOING the just passed Democrat inspired Resolution which would OPEN BORDERS while increasing Crime, Drugs, and Trafficking in our Country. I thank all of the Strong Republicans who voted to support Border Security and our desperately needed WALL!",153434,34999,0.025441156700253487,0.11197443306446075,0.8625844717025757,0.8371433150023222,Positive
1107395320596627457,2019-03-17 09:36:33,2019-03-17,2019,2019-03,9,Sunday,iPhone,Twitter for iPhone,RT @LonewolfnDuke: @Lrihendry https://t.co/eVXFEQCkat,0,8288,0.019683457911014557,0.9359562397003174,0.04436025395989418,0.024676796048879623,Neutral
1107420505479528448,2019-03-17 23:16:38,2019-03-17,2019,2019-03,23,Sunday,iPhone,Twitter for iPhone,"What the Democrats have done in trying to steal a Presidential Election, first at the “ballot box” and then, after that failed, with the “Insurance Policy,” is the biggest Scandal in the history of our Country!",111561,29911,0.8986268639564514,0.09149165451526642,0.009881549514830112,-0.8887453144416213,Negative
1107673256268623872,2019-03-18 16:00:58,2019-03-18,2019,2019-03,16,Monday,iPhone,Twitter for iPhone,GDP growth during the four quarters of 2018 was the fastest since 2005. This Administration is the first on record to have experienced economic growth that meets or exceeds its own forecasts in each of its first two years in office. GROWTH is beating MARKET EXPECTATIONS!,76504,17852,0.0030186043586581945,0.02427961863577366,0.9727017283439636,0.9696831239853054,Positive
1108472769589633025,2019-03-20 20:57:57,2019-03-20,2019,2019-03,20,Wednesday,iPhone,Twitter for iPhone,Really beautiful to see! https://t.co/DKq2TIeiSs,158276,34054,0.005373052787035704,0.013927258551120758,0.9806997179985046,0.9753266652114689,Positive
1109126357852786690,2019-03-22 16:15:04,2019-03-22,2019,2019-03,16,Friday,iPhone,Twitter for iPhone,"ISIS uses the internet better than almost anyone, but for all of those susceptible to ISIS propaganda, they are now being beaten badly at every level....",112752,19013,0.8322545886039734,0.15248282253742218,0.015262584201991558,-0.8169920044019818,Negative
1110495339369377793,2019-03-26 10:54:55,2019-03-26,2019,2019-03,10,Tuesday,iPhone,Twitter for iPhone,The Mainstream Media is under fire and being scorned all over the World as being corrupt and FAKE. For two years they pushed the Russian Collusion Delusion when they always knew there was No Collusion. They truly are the Enemy of the People and the Real Opposition Party!,171222,40962,0.9257608652114868,0.06763436645269394,0.0066047850996255875,-0.9191560801118612,Negative
1111745178824511489,2019-03-29 21:41:20,2019-03-29,2019,2019-03,21,Friday,iPhone,Twitter for iPhone,"Had the Fed not mistakenly raised interest rates, especially since there is very little inflation, and had they not done the ridiculously timed quantitative tightening, the 3.0% GDP, &, Stock Market, would have both been much higher &, World Markets would be in a better place!",79110,17029,0.16844592988491058,0.3911004662513733,0.44045358896255493,0.27200765907764435,Positive
1112702018383212544,2019-04-01 13:03:28,2019-04-01,2019,2019-04,13,Monday,iPhone,Twitter for iPhone,Can you believe that the Radical Left Democrats want to do our new and very important Census Report without the all important Citizenship Question. Report would be meaningless and a waste of the $Billions (ridiculous) that it costs to put together!,105001,25871,0.9055625200271606,0.08564789593219757,0.008789527229964733,-0.8967729927971959,Negative
1113047970251931648,2019-04-02 11:58:10,2019-04-02,2019,2019-04,11,Tuesday,iPhone,Twitter for iPhone,"In 1998, Rep.Jerry Nadler strongly opposed the release of the Starr Report on Bill Clinton. No information whatsoever would or could be legally released. But with the NO COLLUSION Mueller Report, which the Dems hate, he wants it all. NOTHING WILL EVER SATISFY THEM! @foxandfriends",71907,18423,0.7609868049621582,0.22252638638019562,0.016486767679452896,-0.7445000372827053,Negative
1114556595663323136,2019-04-06 15:52:54,2019-04-06,2019,2019-04,15,Saturday,iPhone,Twitter for iPhone,"So, let’s get this straight! There was No Collusion and in fact the Phony Dossier was a Con Job that was paid for by Crooked Hillary and the DNC. So the 13 Angry Democrats were investigating an event that never happened and that was in fact a made up Fraud. I just fought back....",78576,19077,0.672934889793396,0.3024432361125946,0.02462189458310604,-0.64831299521029,Negative
1116498486638317568,2019-04-12 12:29:17,2019-04-12,2019,2019-04,12,Friday,iPhone,Twitter for iPhone,Great heroes! https://t.co/ltiNOcBBeo,1970,589,0.005457579158246517,0.01704609952867031,0.9774963855743408,0.9720388064160943,Positive
1117601418855243778,2019-04-15 01:31:56,2019-04-15,2019,2019-04,1,Monday,iPhone,Twitter for iPhone,".@SteveHiltonx “This is President Trump trying to deliver on his promises while the bureaucratic machine fights his agenda. He needs populist allies. These changes are not chaos, but rather progress. All this is President Trump at his absolute best.” Thank you Steve!",62095,13378,0.009954492561519146,0.09088116884231567,0.8991643190383911,0.889209826476872,Positive
1117748268820201472,2019-04-15 11:15:28,2019-04-15,2019,2019-04,11,Monday,iPhone,Twitter for iPhone,"Mueller, and the A.G. based on Mueller findings (and great intelligence), have already ruled No Collusion, No Obstruction. These were crimes committed by Crooked Hillary, the DNC, Dirty Cops and others! INVESTIGATE THE INVESTIGATORS!",80731,20373,0.11053087562322617,0.6444116830825806,0.24505740404129028,0.13452652841806412,Neutral
1117793692281135104,2019-04-15 14:15:58,2019-04-15,2019,2019-04,14,Monday,iPhone,Twitter for iPhone,The Radical Left Democrats will never be satisfied with anything we give them. They will always Resist and Obstruct!,72749,15602,0.8820812702178955,0.10710565000772476,0.010813046246767044,-0.8712682239711285,Negative
1118854454802096131,2019-04-18 12:31:03,2019-04-18,2019,2019-04,12,Thursday,iPhone,Twitter for iPhone,Attorney General William Barr’s Press Conference today at 9:30 AM ET. Watch on @FoxNews @OANN,57176,11137,0.0041985162533819675,0.9433184862136841,0.05248301848769188,0.04828450223430991,Neutral
1119037461190066176,2019-04-19 00:38:16,2019-04-19,2019,2019-04,0,Friday,iPhone,Twitter for iPhone,"“The Mueller Report is perhaps the single most humiliating thing that has ever happened to the White House Press in the history of this Country. They know they lied...Many reporters lied about Russia Collusion and so much more. Clapper &, Brennan, all lies” @TuckerCarlson",105165,26469,0.929060697555542,0.06465071439743042,0.006288551259785891,-0.9227721462957561,Negative
1119738237218631680,2019-04-20 23:02:54,2019-04-20,2019,2019-04,23,Saturday,iPhone,Twitter for iPhone,"Check out @MarkLevinShow: Life, Liberty &, Levin on @FoxNews now (7pm)!",36760,6939,0.003149233991280198,0.7476706504821777,0.2491801679134369,0.2460309339221567,Neutral
1119800605134991360,2019-04-21 03:10:43,2019-04-21,2019,2019-04,3,Sunday,iPhone,Twitter for iPhone,RT @seanhannity: Prior Reporting Confirmed That Some FBI Agents Were FED UP With Comey https://t.co/xKVZMVnOQI,0,13266,0.166551873087883,0.8171349763870239,0.016313206404447556,-0.15023866668343544,Neutral
1119943293297623040,2019-04-21 12:37:43,2019-04-21,2019,2019-04,12,Sunday,iPhone,Twitter for iPhone,The Trump Haters and Angry Democrats who wrote the Mueller Report were devastated by the No Collusion finding! Nothing but a total “hit job” which should never have been allowed to start in the first place!,89381,18059,0.9255753755569458,0.06616813689470291,0.008256492204964161,-0.9173188833519816,Negative
1120440967247663111,2019-04-22 21:35:18,2019-04-22,2019,2019-04,21,Monday,Other,Twitter Media Studio,PRESIDENTIAL HARASSMENT! https://t.co/G3f6QBNSMa,72267,21784,0.788164496421814,0.18899133801460266,0.022844236344099045,-0.7653202600777149,Negative
1120655199130017792,2019-04-23 11:46:34,2019-04-23,2019,2019-04,11,Tuesday,iPhone,Twitter for iPhone,The Wall is being rapidly built! The Economy is GREAT! Our Country is Respected again!,127324,23273,0.004172612447291613,0.025183793157339096,0.9706436395645142,0.9664710271172225,Positive
1122285823473401857,2019-04-27 23:46:06,2019-04-27,2019,2019-04,23,Saturday,iPhone,Twitter for iPhone,"Just arrived in Green Bay, Wisconsin for a #MAGA Rally. Big crowds - join me at 8:00 P.M. Eastern, live on @FoxNews!",48142,7739,0.00218158564530313,0.10940416157245636,0.8884142637252808,0.8862326780799776,Positive
1122319181221892096,2019-04-28 01:58:39,2019-04-28,2019,2019-04,1,Sunday,iPhone,Twitter for iPhone,"Beautiful #TrumpRally tonight in Green Bay, Wisconsin with a massive crowd. Thank you for joining me, I love you! #MAGA🇺🇸https://t.co/JRyhOXH7EE",72846,17203,0.0024009225890040398,0.006438572891056538,0.9911605715751648,0.9887596489861608,Positive
1123527691133693952,2019-05-01 10:00:50,2019-05-01,2019,2019-05,10,Wednesday,iPhone,Twitter for iPhone,RT @QuaglianoJohn: @dbongino Roger that....firefighters will vote Trump! The union may not be representing its membership appropriately in...,0,2560,0.7722957134246826,0.21583794057369232,0.01186633575707674,-0.7604293776676059,Negative
1124648658207694848,2019-05-04 12:15:09,2019-05-04,2019,2019-05,12,Saturday,iPhone,Twitter for iPhone,"RT @SharylAttkisson: When did we decide, as Americans, that it's ok fo govt &, 3d parties to censor/ curate our info? That we cannot be trus...",0,13029,0.6329942941665649,0.35784274339675903,0.009162952192127705,-0.6238313419744372,Negative
1125235131759960064,2019-05-06 03:05:35,2019-05-06,2019,2019-05,3,Monday,iPhone,Twitter for iPhone,.....The Witch Hunt is over but we will never forget. MAKE AMERICA GREAT AGAIN!,99332,18152,0.20493659377098083,0.3359626829624176,0.45910075306892395,0.2541641592979431,Positive
1126106540015071232,2019-05-08 12:48:15,2019-05-08,2019,2019-05,12,Wednesday,iPhone,Twitter for iPhone,"The reason for the China pullback &, attempted renegotiation of the Trade Deal is the sincere HOPE that they will be able to “negotiate” with Joe Biden or one of the very weak Democrats, and thereby continue to ripoff the United States (($500 Billion a year)) for years to come....",75154,17487,0.5983591675758362,0.3720732629299164,0.02956766076385975,-0.5687915068119764,Negative
1126183652042391553,2019-05-08 17:54:40,2019-05-08,2019,2019-05,17,Wednesday,Other,Twitter Media Studio,"Thank you @NewtGingrich &, @FoxandFriends! https://t.co/GYJ7U2k7nn",40213,10196,0.00269577419385314,0.02352806180715561,0.97377610206604,0.9710803278721869,Positive
1126810275255136256,2019-05-10 11:24:39,2019-05-10,2019,2019-05,11,Friday,iPhone,Twitter for iPhone,"We have lost 500 Billion Dollars a year, for many years, on Crazy Trade with China. NO MORE!",72157,16397,0.9084946513175964,0.0819784626364708,0.00952688604593277,-0.8989677652716637,Negative
1127342552745762816,2019-05-11 22:39:44,2019-05-11,2019,2019-05,22,Saturday,iPhone,Twitter for iPhone,"I was NOT going to fire Bob Mueller, and did not fire Bob Mueller. In fact, he was allowed to finish his Report with unprecedented help from the Trump Administration. Actually, lawyer Don McGahn had a much better chance of being fired than Mueller. Never a big fan!",75471,15851,0.6223659515380859,0.3096681237220764,0.06796588748693466,-0.5544000640511513,Negative
1127878614761050112,2019-05-13 10:09:51,2019-05-13,2019,2019-05,10,Monday,iPhone,Twitter for iPhone,"information! As long as President Trump is President, his opposition will use every tool, and misuse every tool available, to make his life miserable.” @TomFitton @JudicialWatch @LouDobbs Sadly, this proves I am doing a great job - Also, Best Economy and Employment Numbers EVER!",66396,14178,0.7207602858543396,0.18838302791118622,0.09085670113563538,-0.6299035847187042,Negative
1127938873630367744,2019-05-13 14:09:18,2019-05-13,2019,2019-05,14,Monday,iPhone,Twitter for iPhone,"Democrat Rep. Tlaib is being slammed for her horrible and highly insensitive statement on the Holocaust. She obviously has tremendous hatred of Israel and the Jewish people. Can you imagine what would happen if I ever said what she said, and says?",96956,24716,0.9548887610435486,0.04052605852484703,0.004585184156894684,-0.9503035768866539,Negative
1128739520311066626,2019-05-15 19:10:47,2019-05-15,2019,2019-05,19,Wednesday,iPhone,Twitter for iPhone,"The Fake News Washington Post, and even more Fake News New York Times, are writing stories that there is infighting with respect to my strong policy in the Middle East. There is no infighting whatsoever....",93138,19025,0.8070401549339294,0.1815890073776245,0.011370854452252388,-0.795669300481677,Negative
1129429624331657217,2019-05-17 16:53:00,2019-05-17,2019,2019-05,16,Friday,iPhone,Twitter for iPhone,"With all of the Fake and Made Up News out there, Iran can have no idea what is actually going on!",80722,17081,0.7994226217269897,0.18595004081726074,0.014627309516072273,-0.7847953122109175,Negative
1129472149339693062,2019-05-17 19:41:59,2019-05-17,2019,2019-05,19,Friday,iPhone,Twitter for iPhone,"Today, it was my great honor to address the the National Association of REALTORS! https://t.co/LQNExa57ne",47161,9713,0.002628330374136567,0.013577484525740147,0.9837941527366638,0.9811658223625273,Positive
1130433205537038337,2019-05-20 11:20:53,2019-05-20,2019,2019-05,11,Monday,iPhone,Twitter for iPhone,"The Failing New York Times (it will pass away when I leave office in 6 years), and others of the Fake News Media, keep writing phony stories about how I didn’t use many banks because they didn’t want to do business with me. WRONG! It is because I didn’t need money. Very old",90439,17057,0.9152635931968689,0.0773196816444397,0.007416682783514261,-0.9078469104133546,Negative
1130436890891620352,2019-05-20 11:35:31,2019-05-20,2019,2019-05,11,Monday,iPhone,Twitter for iPhone,"Two Tweets missing from last batch, probably a Twitter error. No time for a redo! Only the Dems get redos!",4267,1101,0.7859372496604919,0.2035779058933258,0.010484825819730759,-0.7754524238407612,Negative
1130870087823613952,2019-05-21 16:16:54,2019-05-21,2019,2019-05,16,Tuesday,iPhone,Twitter for iPhone,"...Mexico’s attitude is that people from other countries, including Mexico, should have the right to flow into the U.S. &, that U.S. taxpayers should be responsible for the tremendous costs associated w/this illegal migration. Mexico is wrong and I will soon be giving a response!",88591,18560,0.8001318573951721,0.19026640057563782,0.00960171315819025,-0.7905301442369819,Negative
1131158414279827457,2019-05-22 11:22:36,2019-05-22,2019,2019-05,11,Wednesday,iPhone,Twitter for iPhone,"Also, tremendous work is being done on pure renovation - fixing existing Walls that are in bad condition and ineffective, and bringing them to a very high standard!",66141,12176,0.03427649289369583,0.12310963124036789,0.8426138758659363,0.8083373829722404,Positive
1131215959107231745,2019-05-22 15:11:16,2019-05-22,2019,2019-05,15,Wednesday,iPhone,Twitter for iPhone,"..BETWEEN RUSSIA AND THE TRUMP CAMPAIGN. Mr. McGahn can be forgiven for declining the honor of appearing in Mr. Nadler’s pseudo-impeachment drama.” Wall Street Journal Editorial BoardToday - May 21, 2019",51462,11372,0.3123507797718048,0.6499986052513123,0.03765058144927025,-0.27470019832253456,Neutral
1132187724830482433,2019-05-25 07:32:43,2019-05-25,2019,2019-05,7,Saturday,iPhone,Twitter for iPhone,"Can’t believe that Rolling Thunder would be given a hard time with permits in Washington, D.C. They are great Patriots who I have gotten to know and see in action. They love our Country and love our Flag. If I can help, I will!",92693,19805,0.12474849075078964,0.23497752845287323,0.6402739882469177,0.5155254974961281,Positive
1132506435848495104,2019-05-26 04:39:09,2019-05-26,2019,2019-05,4,Sunday,iPhone,Twitter for iPhone,Great progress being made in our Trade Negotiations with Japan. Agriculture and beef heavily in play. Much will wait until after their July elections where I anticipate big numbers!,77367,18365,0.0023055709898471832,0.02226419933140278,0.9754301905632019,0.9731246195733547,Positive
1134066372584062976,2019-05-30 11:57:47,2019-05-30,2019,2019-05,11,Thursday,iPhone,Twitter for iPhone,"....say he fought back against this phony crime that didn’t exist, this horrendous false accusation, and he shouldn’t fight back, he should just sit back and take it. Could this be Obstruction? No, Mueller didn’t find Obstruction either. Presidential Harassment!",92507,18459,0.9053597450256348,0.08854670822620392,0.00609359098598361,-0.8992661540396512,Negative
1134107544681455616,2019-05-30 14:41:24,2019-05-30,2019,2019-05,14,Thursday,iPhone,Twitter for iPhone,“Comey and Brennan are turning on each other.” @kilmeade,57990,12630,0.5991039276123047,0.3834581971168518,0.017437921836972237,-0.5816660057753325,Negative
1134240657621438464,2019-05-30 23:30:20,2019-05-30,2019,2019-05,23,Thursday,iPhone,Twitter for iPhone,....at which time the Tariffs will be removed. Details from the White House to follow.,89078,16692,0.06797613948583603,0.9119478464126587,0.020076006650924683,-0.047900132834911346,Neutral
1135141467062771713,2019-06-02 11:09:50,2019-06-02,2019,2019-06,11,Sunday,iPhone,Twitter for iPhone,The Democrats are doing nothing on the Border to address the Humanitarian and National Security Crisis! Could be fixed so easily if they would vote with Republicans to fix the loopholes.,59564,13788,0.9031322002410889,0.08738818764686584,0.009479648433625698,-0.8936525518074632,Negative
1135822941588008960,2019-06-04 08:17:46,2019-06-04,2019,2019-06,8,Tuesday,iPhone,Twitter for iPhone,#USStateVisit🇺🇸🇬🇧 https://t.co/8eN2bvtLLU,96161,18725,0.005124310962855816,0.6917296051979065,0.30314597487449646,0.29802166391164064,Neutral
1136146104838434821,2019-06-05 05:41:54,2019-06-05,2019,2019-06,5,Wednesday,iPhone,Twitter for iPhone,#USStateVisit🇺🇸🇬🇧 https://t.co/XKa0iJRQYO,53509,10413,0.005124310962855816,0.6917296051979065,0.30314597487449646,0.29802166391164064,Neutral
1137045728344170496,2019-06-07 17:16:41,2019-06-07,2019,2019-06,17,Friday,iPhone,Twitter for iPhone,"If we are able to make the deal with Mexico, &, there is a good chance that we will, they will begin purchasing Farm &, Agricultural products at very high levels, starting immediately. If we are unable to make the deal, Mexico will begin paying Tariffs at the 5% level on Monday!",59725,12760,0.043056730180978775,0.6555125713348389,0.30143070220947266,0.2583739720284939,Neutral
1137500852778864645,2019-06-08 23:25:11,2019-06-08,2019,2019-06,23,Saturday,iPhone,Twitter for iPhone,"Watched MSNBC this morning just to see what the opposition was saying about events of the past week. Such lies, almost everything they were saying was the opposite of the truth. Fake News! No wonder their ratings, along with CNN, are WAY DOWN. The hatred Comcast has is amazing!",96243,21189,0.9195913672447205,0.07193348556756973,0.008475085720419884,-0.9111162815243006,Negative
1138502239109111808,2019-06-11 17:44:20,2019-06-11,2019,2019-06,17,Tuesday,iPhone,Twitter for iPhone,"On my way to Iowa - just heard nearly 1,000 agriculture groups signed a letter urging Congress to approve the USMCA. Our Patriot Farmers &, rural America have spoken! Now Congress must do its job &, support these great men and women by passing the bipartisan USMCA Trade Agreement!",71260,16797,0.005312336143106222,0.15602320432662964,0.8386644721031189,0.8333521359600127,Positive
1139663211874148352,2019-06-14 22:37:38,2019-06-14,2019,2019-06,22,Friday,iPhone,Twitter for iPhone,"....While Pennsylvania is BOOMING, I don’t want there to be even a little glitch in Coatesville – every job counts. I want Lockhead to BOOM along with it!",61111,10997,0.6516222357749939,0.270189493894577,0.07818830758333206,-0.5734339281916618,Negative
1139859489832820737,2019-06-15 11:37:34,2019-06-15,2019,2019-06,11,Saturday,iPhone,Twitter for iPhone,“The latest Polls find 51% of Americans approve of President Trump’s Job Performance. Last month a Democrat Pollster said President Trump’s approval rating has been the most steady of any President in history!” @OANN,56787,11768,0.0041540516540408134,0.04808339104056358,0.9477624893188477,0.9436084376648068,Positive
1140944847039324160,2019-06-18 11:30:23,2019-06-18,2019,2019-06,11,Tuesday,iPhone,Twitter for iPhone,"The Fake News doesn’t report it, but Republican enthusiasm is at an all time high. Look what is going on in Orlando, Florida, right now! People have never seen anything like it (unless you play a guitar). Going to be wild - See you later!",76605,17143,0.012798434123396873,0.07836877554655075,0.908832848072052,0.8960344139486551,Positive
1141499029727121408,2019-06-20 00:12:31,2019-06-20,2019,2019-06,0,Thursday,iPhone,Twitter for iPhone,"Since Election Day 2016, Stocks up almost 50%, Stocks gained 9.2 Trillion Dollars in value, and more than 5,000,000 new jobs added to the Economy. @LouDobbs If our opponent had won, there would have been a market crash, plain and simple! @TuckerCarlson @seanhannity @IngrahamAngle",66558,15797,0.016580091789364815,0.09953483939170837,0.8838850259780884,0.8673049341887236,Positive
1145720615925637125,2019-07-01 15:47:35,2019-07-01,2019,2019-07,15,Monday,iPhone,Twitter for iPhone,"“In my opinion the President has done more good on the Korean issue in the last year and a half than President Obama did in eight years. If you look at the strides they made during the Obama years, which advocated strategic patience-they stuck their head in the sand. This is.....",73484,13725,0.21128958463668823,0.4954538345336914,0.29325658082962036,0.08196699619293213,Neutral
1146501821579583488,2019-07-03 19:31:49,2019-07-03,2019,2019-07,19,Wednesday,iPhone,Twitter for iPhone,".....came from, and in far safer conditions. No matter how good things actually look, even if perfect, the Democrat visitors will act shocked &, aghast at how terrible things are. Just Pols. If they really want to fix them, change the Immigration Laws and Loopholes. So easy to do!",83255,15725,0.6921073198318481,0.2395172119140625,0.06837549060583115,-0.623731829226017,Negative
1146514575048790019,2019-07-03 20:22:30,2019-07-03,2019,2019-07,20,Wednesday,iPhone,Twitter for iPhone,"If Illegal Immigrants are unhappy with the conditions in the quickly built or refitted detentions centers, just tell them not to come. All problems solved!",246789,54377,0.5142369866371155,0.44433608651161194,0.041426874697208405,-0.4728101119399071,Negative
1149107461539975168,2019-07-11 00:05:42,2019-07-11,2019,2019-07,0,Thursday,iPhone,Twitter for iPhone,"Congratulations to @DrGregMurphy1 of North Carolina (#NC03) on his great primary victory for the United States Congress. Greg is tough on Crime, Borders, and loves our Second Amendment, our Military and our Vets. He has my Complete and Total Endorsement!",40594,8730,0.0032042155507951975,0.020205290988087654,0.9765905141830444,0.9733862986322492,Positive
1149477795308789760,2019-07-12 00:37:17,2019-07-12,2019,2019-07,0,Friday,iPhone,Twitter for iPhone,#SocialMediaSummit @WhiteHouse https://t.co/Z7tlvC3QUN,46406,12445,0.006871320307254791,0.9017618298530579,0.09136682003736496,0.08449549973011017,Neutral
1149661694735474688,2019-07-12 12:48:02,2019-07-12,2019,2019-07,12,Friday,iPhone,Twitter for iPhone,"When you are the big “piggy bank” that other countries have been ripping off for years (to a level that is not to be believed), Tariffs are a great negotiating tool, a great revenue producer and, most importantly, a powerful way to get......",59290,11574,0.20850536227226257,0.432831734418869,0.3586629033088684,0.15015754103660583,Neutral
1149777787747803136,2019-07-12 20:29:21,2019-07-12,2019,2019-07,20,Friday,iPhone,Twitter for iPhone,"I am thrilled to be back in the Great State of Wisconsin with the extraordinary men &, women of Derco Aerospace! We are here today to celebrate the triumphant return of American Manufacturing, and everything we are doing to keep the assembly lines rolling...https://t.co/6jR72cNNPH",42980,10141,0.0016768501373007894,0.00917915441095829,0.9891440272331238,0.987467177095823,Positive
1149812548625195008,2019-07-12 22:47:28,2019-07-12,2019,2019-07,22,Friday,iPhone,Twitter for iPhone,"The DOW, S&,P 500, and NASDAQ all close the week at a new record high! https://t.co/wPJiM8n7m2",49690,12575,0.0020181152503937483,0.03625462204217911,0.9617272019386292,0.9597090866882354,Positive
1149889094664802311,2019-07-13 03:51:38,2019-07-13,2019,2019-07,3,Saturday,Other,Twitter Media Studio,"""""""BOOMERANG OF JUSTICE"""" @SeanHannity https://t.co/MUbkCXRpfM""",43525,12407,0.014785847626626492,0.7927674651145935,0.1924467235803604,0.17766087595373392,Neutral
1150948978218979328,2019-07-16 02:03:14,2019-07-16,2019,2019-07,2,Tuesday,iPhone,Twitter for iPhone,“The best economy in our lifetime!” @IngrahamAngle,99145,17251,0.0025124060921370983,0.012067677453160286,0.9854199290275574,0.9829075229354203,Positive
1151871835564326918,2019-07-18 15:10:20,2019-07-18,2019,2019-07,15,Thursday,iPhone,Twitter for iPhone,"Most of the MS-13 Gang members indicted &, arrested in L.A. were illegal aliens, 19 of 22. They are said to have killed many people in the most brutal fashion. They should never have been allowed in our Country for so long, 10 years. We have arrested and deported thousands....",96626,20713,0.9299880266189575,0.0652223601937294,0.004789647646248341,-0.9251983789727092,Negative
1152195096517009409,2019-07-19 12:34:52,2019-07-19,2019,2019-07,12,Friday,iPhone,Twitter for iPhone,"....Governor of the State did a good job. That may be true but she could not have done it without the tremendous economic success of our Country &, the turnaround that my Administration has caused. Really Nasty to me in his average I.Q. Columns, kissed my a.. on the call. Phony!",71654,11810,0.2254059612751007,0.27076396346092224,0.5038300156593323,0.27842405438423157,Positive
1152894521463754752,2019-07-21 10:54:08,2019-07-21,2019,2019-07,10,Sunday,iPhone,Twitter for iPhone,"The Great State of West Virginia is producing record setting numbers and doing really well. When I became President, it was practically shut down and closed for business. Not anymore!",81900,15320,0.06310875713825226,0.1486792415380478,0.7882120013237,0.7251032441854477,Positive
1153274069028089856,2019-07-22 12:02:19,2019-07-22,2019,2019-07,12,Monday,iPhone,Twitter for iPhone,"With almost no inflation, our Country is needlessly being forced to pay a MUCH higher interest rate than other countries only because of a very misguided Federal Reserve. In addition, Quantitative Tightening is continuing, making it harder for our Country to compete. As good.....",72755,14419,0.8920097947120667,0.09888613969087601,0.009104079566895962,-0.8829057151451707,Negative
1154112475002036234,2019-07-24 19:33:51,2019-07-24,2019,2019-07,19,Wednesday,iPhone,Twitter for iPhone,TRUTH IS A FORCE OF NATURE!,197491,43784,0.2611064314842224,0.4961950480937958,0.2426985651254654,-0.01840786635875702,Neutral
1154160788329967619,2019-07-24 22:45:49,2019-07-24,2019,2019-07,22,Wednesday,iPhone,Twitter for iPhone,“The Media’s Mueller Meltdown” @JesseBWatters https://t.co/EXdlk45ovU,38538,10673,0.08461470156908035,0.8826403617858887,0.032744914293289185,-0.05186978727579117,Neutral
1154763413358370816,2019-07-26 14:40:26,2019-07-26,2019,2019-07,14,Friday,iPhone,Twitter for iPhone,Q2 GDP Up 2.1% Not bad considering we have the very heavy weight of the Federal Reserve anchor wrapped around our neck. Almost no inflation. USA is set to Zoom!,62377,13279,0.03904765844345093,0.24962477385997772,0.7113276124000549,0.672279953956604,Positive
1154817932540690432,2019-07-26 18:17:05,2019-07-26,2019,2019-07,18,Friday,iPhone,Twitter for iPhone,"Great morning at the Pentagon yesterday. Congratulations to our new Defense Secretary, Mark @EsperDoD! https://t.co/zqtA4XytJA",62225,11769,0.002000853419303894,0.00960482843220234,0.9883942604064941,0.9863934069871902,Positive
1155439940618129408,2019-07-28 11:28:43,2019-07-28,2019,2019-07,11,Sunday,iPhone,Twitter for iPhone,"....a look, the facts speak far louder than words! The Democrats always play the Race Card, when in fact they have done so little for our Nation’s great African American people. Now, lowest unemployment in U.S. history, and only getting better. Elijah Cummings has failed badly!",131719,25628,0.8036260604858398,0.15699563920497894,0.03937830403447151,-0.7642477564513683,Negative
1155807406812782592,2019-07-29 11:48:54,2019-07-29,2019,2019-07,11,Monday,iPhone,Twitter for iPhone,"The E.U. and China will further lower interest rates and pump money into their systems, making it much easier for their manufacturers to sell product. In the meantime, and with very low inflation, our Fed does nothing - and probably will do very little by comparison. Too bad!",53874,12324,0.5281925797462463,0.3980919122695923,0.07371550053358078,-0.45447707921266556,Negative
1156567209528975360,2019-07-31 14:08:05,2019-07-31,2019,2019-07,14,Wednesday,iPhone,Twitter for iPhone,"Such a great victory in court yesterday on the Russian Hoax, the greatest political scam in the history of our Country. TREASON! Hopefully, the Attorney Generel of the United States, and all of those working with him, will find out, in great detail, what happened. NEVER AGAIN!!!!",93790,22227,0.5781129598617554,0.20307910442352295,0.21880793571472168,-0.3593050241470337,Negative
1156655361711071232,2019-07-31 19:58:22,2019-07-31,2019,2019-07,19,Wednesday,iPhone,Twitter for iPhone,"The Prosecutors who lost the case against SEAL Eddie Gallagher (who I released from solitary confinement so he could fight his case properly), were ridiculously given a Navy Achievement Medal. Not only did they lose the case, they had difficulty with respect....",80538,15810,0.8431163430213928,0.14510707557201385,0.011776555329561234,-0.8313397876918316,Negative
1156666163310530560,2019-07-31 20:41:17,2019-07-31,2019,2019-07,20,Wednesday,iPhone,Twitter for iPhone,"What the Market wanted to hear from Jay Powell and the Federal Reserve was that this was the beginning of a lengthy and aggressive rate-cutting cycle which would keep pace with China, The European Union and other countries around the world....",64131,13052,0.03400914743542671,0.8808058500289917,0.08518502861261368,0.051175881177186966,Neutral
1157112604801654784,2019-08-02 02:15:17,2019-08-02,2019,2019-08,2,Friday,iPhone,Twitter for iPhone,"I would like to thank two Great Iowa Senators, @ChuckGrassley and @SenJoniErnst - for their support today on the Spending Bill. Their vote, and the vote of other Republicans and Democrats helped get this done in a bipartisan fashion. Thank you all!",61712,11645,0.0028892704285681248,0.013257124461233616,0.9838535785675049,0.9809643081389368,Positive
1158407373666566145,2019-08-05 16:00:14,2019-08-05,2019,2019-08,16,Monday,iPhone,Twitter for iPhone,"China is intent on continuing to receive the hundreds of Billions of Dollars they have been taking from the U.S. with unfair trade practices and currency manipulation. So one-sided, it should have been stopped many years ago!",64061,13634,0.8700482249259949,0.11893762648105621,0.011014198884367943,-0.8590340260416269,Negative
1158706056677199874,2019-08-06 11:47:06,2019-08-06,2019,2019-08,11,Tuesday,iPhone,Twitter for iPhone,"....are NOT planning to illegally subvert the 2020 Election despite all that has been said to the contrary. It all sounded good until I watched Kevin Cernekee, a Google engineer, say terrible things about what they did in 2016 and that they want to “Make sure that Trump losses...",46915,10862,0.7115180492401123,0.2712538242340088,0.017228148877620697,-0.6942899003624916,Negative
1160306983376961536,2019-08-10 21:48:36,2019-08-10,2019,2019-08,21,Saturday,iPhone,Twitter for iPhone,"....cause big disruption by going to Manhattan. Working almost all of the time, including evenings. Don’t have to be in W.H. to do that...And sooo many other false statements. He is right about one thing, though. I will win again in 2020. Otherwise, he pays 95% in taxes!",103738,17497,0.6192450523376465,0.34073272347450256,0.04002230241894722,-0.5792227499186993,Negative
1160316831414067200,2019-08-10 22:27:44,2019-08-10,2019,2019-08,22,Saturday,iPhone,Twitter for iPhone,"Think how wonderful it is to be able to fight back and show, to so many, how totally dishonest the Fake News Media really is. It may be the most corrupt and disgusting business (almost) there is! MAKE AMERICA GREAT AGAIN!",136139,29993,0.3598583936691284,0.187170147895813,0.4529714286327362,0.09311303496360779,Positive
1161258370478858240,2019-08-13 12:49:05,2019-08-13,2019,2019-08,12,Tuesday,iPhone,Twitter for iPhone,"Through massive devaluation of their currency and pumping vast sums of money into their system, the tens of billions of dollars that the U.S. is receiving is a gift from China. Prices not up, no inflation. Farmers getting more than China would be spending. Fake News won’t report!",58939,14550,0.746650755405426,0.22844024002552032,0.024909023195505142,-0.7217417322099209,Negative
1161774305895694336,2019-08-14 22:59:13,2019-08-14,2019,2019-08,22,Wednesday,iPhone,Twitter for iPhone,"I know President Xi of China very well. He is a great leader who very much has the respect of his people. He is also a good man in a “tough business.” I have ZERO doubt that if President Xi wants to quickly and humanely solve the Hong Kong problem, he can do it. Personal meeting?",95036,20174,0.012628288008272648,0.07994846999645233,0.9074232578277588,0.8947949698194861,Positive
1162044502292537344,2019-08-15 16:52:53,2019-08-15,2019,2019-08,16,Thursday,iPhone,Twitter for iPhone,"The Fake News Media is doing everything they can to crash the economy because they think that will be bad for me and my re-election. The problem they have is that the economy is way too strong and we will soon be winning big on Trade, and everyone knows that, including China!",71543,18222,0.7225289344787598,0.21413014829158783,0.063340924680233,-0.6591880097985268,Negative
1162342307741523970,2019-08-16 12:36:16,2019-08-16,2019,2019-08,12,Friday,iPhone,Twitter for iPhone,Thank you Rudy! https://t.co/u0InDTYA9f,55799,10601,0.002862609224393964,0.016963820904493332,0.9801735877990723,0.9773109785746783,Positive
1162845274290708481,2019-08-17 09:54:52,2019-08-17,2019,2019-08,9,Saturday,iPhone,Twitter for iPhone,RT @NewSchug: @CLewandowski_ Greatest President in my lifetime!!!,0,1399,0.003416213905438781,0.020828619599342346,0.9757551550865173,0.9723389411810786,Positive
1163064539837022209,2019-08-18 12:26:09,2019-08-18,2019,2019-08,12,Sunday,iPhone,Twitter for iPhone,"With all that this Administration has accomplished, think what my Poll Numbers would be if we had an honest Media, which we do not!",88774,17896,0.7906795740127563,0.17887674272060394,0.030443696305155754,-0.7602358777076006,Negative
1163600519467798529,2019-08-19 23:55:57,2019-08-19,2019,2019-08,23,Monday,iPhone,Twitter for iPhone,"Great discussion with Prime Minister @BorisJohnson today. We talked about Brexit and how we can move rapidly on a US-UK free trade deal. I look forward to meeting with Boris this weekend, at the @G7, in France!",59680,13350,0.0026134224608540535,0.037052568048238754,0.9603340029716492,0.9577205805107951,Positive
1163809817208733701,2019-08-20 13:47:37,2019-08-20,2019,2019-08,13,Tuesday,iPhone,Twitter for iPhone,"Maria, despite all of their will and energy, it won’t work! https://t.co/qUTkERCfsv",36258,8731,0.8505824208259583,0.13425974547863007,0.015157812274992466,-0.8354246085509658,Negative
1164158321265451008,2019-08-21 12:52:27,2019-08-21,2019,2019-08,12,Wednesday,iPhone,Twitter for iPhone,"Doing great with China and other Trade Deals. The only problem we have is Jay Powell and the Fed. He’s like a golfer who can’t putt, has no touch. Big U.S. growth if he does the right thing, BIG CUT - but don’t count on him! So far he has called it wrong, and only let us down....",59815,12739,0.3076963722705841,0.38718676567077637,0.3051168620586395,-0.00257951021194458,Neutral
1164174364994080768,2019-08-21 13:56:12,2019-08-21,2019,2019-08,13,Wednesday,iPhone,Twitter for iPhone,....WHERE IS THE FEDERAL RESERVE?,69184,14585,0.536648154258728,0.4439927637577057,0.019359059631824493,-0.5172890946269035,Negative
1166789207215484928,2019-08-28 19:06:39,2019-08-28,2019,2019-08,19,Wednesday,iPhone,Twitter for iPhone,"Another totally Fake story in the Amazon Washington Post (lobbyist) which states that if my Aides broke the law to build the Wall (which is going up rapidly), I would give them a Pardon. This was made up by the Washington Post only in order to demean and disparage - FAKE NEWS!",70694,17212,0.7968913912773132,0.18674539029598236,0.016363246366381645,-0.7805281449109316,Negative
1167064301565358080,2019-08-29 13:19:47,2019-08-29,2019,2019-08,13,Thursday,iPhone,Twitter for iPhone,"The Farmers are going to be so happy when they see what we are doing for Ethanol, not even including the E-15, year around, which is already done. It will be a giant package, get ready! At the same time I was able to save the small refineries from certain closing. Great for all!",73301,15779,0.004302736837416887,0.02412998303771019,0.9715672731399536,0.9672645363025367,Positive
1168163118347890689,2019-09-01 14:06:05,2019-09-01,2019,2019-09,14,Sunday,iPhone,Twitter for iPhone,This is only the beginning! https://t.co/mFrtBPtCcO,39211,9983,0.004751147702336311,0.08953075855970383,0.9057180881500244,0.9009669404476881,Positive
1169753952130359297,2019-09-05 23:27:29,2019-09-05,2019,2019-09,23,Thursday,iPhone,Twitter for iPhone,"Just talked to Governor Roy Cooper of North Carolina as Hurricane Dorian ominously comes up the East Coast. We are monitoring it at the @WhiteHouse, ready to assist via our great team over at @FEMA, who are already on site. We are with you all the way North Carolina. BE SAFE!",36628,7109,0.032065629959106445,0.5325686931610107,0.4353656768798828,0.40330004692077637,Neutral
1171758532280143873,2019-09-11 12:12:58,2019-09-11,2019,2019-09,12,Wednesday,iPhone,Twitter for iPhone,"....This is a phony suppression poll, meant to build up their Democrat partners. I haven’t even started campaigning yet, and am constantly fighting Fake News like Russia, Russia, Russia. Look at North Carolina last night. Dan Bishop, down big in the Polls, WINS. Easier than 2016!",52233,9645,0.7662626504898071,0.20052197575569153,0.03321540355682373,-0.7330472469329834,Negative
1172948822227595266,2019-09-14 19:02:46,2019-09-14,2019,2019-09,19,Saturday,iPhone,Twitter for iPhone,"The Taliban has never been hit harder than it is being hit right now. Killing 12 people, including one great American soldier, was not a good idea. There are much better ways to set up a negotiation. The Taliban knows they made a big mistake, and they have no idea how to recover!",85237,17627,0.9502894878387451,0.04533970355987549,0.0043708328157663345,-0.9459186550229788,Negative
1172977325455085568,2019-09-14 20:56:01,2019-09-14,2019,2019-09,20,Saturday,iPhone,Twitter for iPhone,"That is true, and the USA is Winning Again! https://t.co/WHO5NpCTLv",70108,14241,0.0026911816094070673,0.022998567670583725,0.9743102788925171,0.97161909728311,Positive
1173297587773947920,2019-09-15 18:08:38,2019-09-15,2019,2019-09,18,Sunday,iPhone,Twitter for iPhone,"Can’t let Brett Kavanaugh give Radical Left Democrat (Liberal Plus) Opinions based on threats of Impeaching him over made up stories (sound familiar?), false allegations, and lies. This is the game they play. Fake and Corrupt News is working overtime! #ProtectKavanaugh",61488,17162,0.8715829253196716,0.12023013830184937,0.008186954073607922,-0.8633959712460637,Negative
1173368574406250496,2019-09-15 22:50:42,2019-09-15,2019,2019-09,22,Sunday,iPhone,Twitter for iPhone,PLENTY OF OIL!,105465,21311,0.1352401077747345,0.5698515772819519,0.294908344745636,0.1596682369709015,Neutral
1174342163141812224,2019-09-18 15:19:24,2019-09-18,2019,2019-09,15,Wednesday,iPhone,Twitter for iPhone,"The Trump Administration is revoking California’s Federal Waiver on emissions in order to produce far less expensive cars for the consumer, while at the same time making the cars substantially SAFER. This will lead to more production because of this pricing and safety......",62166,13157,0.1631353497505188,0.6164708733558655,0.2203938364982605,0.0572584867477417,Neutral
1175794079902261252,2019-09-22 15:28:48,2019-09-22,2019,2019-09,15,Sunday,iPhone,Twitter for iPhone,Look forward to being with our great India loving community! https://t.co/RldaoFw0Uc,71070,14610,0.0018072964157909155,0.01183929294347763,0.9863533973693848,0.9845461009535939,Positive
1176266094740475905,2019-09-23 22:44:25,2019-09-23,2019,2019-09,22,Monday,iPhone,Twitter for iPhone,94% approval rating in the Republican Party. Thank you!,129969,20853,0.062440820038318634,0.2087194323539734,0.7288397550582886,0.6663989350199699,Positive
1177262335771021312,2019-09-26 16:43:07,2019-09-26,2019,2019-09,16,Thursday,iPhone,Twitter for iPhone,"A whistleblower with second hand information? Another Fake News Story! See what was said on the very nice, no pressure, call. Another Witch Hunt!",67659,14788,0.8071585297584534,0.17702430486679077,0.015817169100046158,-0.7913413606584072,Negative
1178311808945414144,2019-09-29 02:13:21,2019-09-29,2019,2019-09,2,Sunday,iPhone,Twitter for iPhone,RT @JoelEdmonson: Mark Levin ripped Ed Henry a new one. 🤦‍♂️🤦‍♂️🤦‍♂️🤦‍♂️😂😂😂😂,0,2907,0.831630289554596,0.14424218237400055,0.024127529934048653,-0.8075027596205473,Negative
1178446179320942593,2019-09-29 23:07:18,2019-09-29,2019,2019-09,23,Sunday,iPhone,Twitter for iPhone,"These Radical Left, Do Nothing Democrats, are doing great harm to our Country. They are lying &, cheating like never before in our Country’s history in order to destabilize the United States of America &, it’s upcoming 2020 Election. They &, the Fake News Media are Dangerous &, Bad!",72175,19468,0.9204486012458801,0.07061562687158585,0.008935734629631042,-0.9115128666162491,Negative
1179048439319072768,2019-10-01 15:00:28,2019-10-01,2019,2019-10,15,Tuesday,iPhone,Twitter for iPhone,"Why isn’t Congressman Adam Schiff being brought up on charges for fraudulently making up a statement and reading it to Congress as if this statement, which was very dishonest and bad for me, was directly made by the President of the United States? This should never be allowed!",133746,33176,0.908398449420929,0.08513037860393524,0.0064711193554103374,-0.9019273300655186,Negative
1179406259273031682,2019-10-02 02:42:19,2019-10-02,2019,2019-10,2,Wednesday,iPhone,Twitter for iPhone,"Now the press is trying to sell the fact that I wanted a Moot stuffed with alligators and snakes, with an electrified fence and sharp spikes on top, at our Southern Border. I may be tough on Border Security, but not that tough. The press has gone Crazy. Fake News!",13831,3830,0.868172287940979,0.12199781090021133,0.009829877875745296,-0.8583424100652337,Negative
1180322833316171778,2019-10-05 03:24:27,2019-10-05,2019,2019-10,3,Saturday,iPhone,Twitter for iPhone,“Report: ‘Whistleblower’ Never Disclosed Contact with House Intel Panel to Inspector General”https://t.co/Pmhqdgmxba,33898,10096,0.04890244081616402,0.9223916530609131,0.02870587445795536,-0.020196566358208656,Neutral
1180631325683982336,2019-10-05 23:50:17,2019-10-05,2019,2019-10,23,Saturday,iPhone,Twitter for iPhone,"“President Trump would be negligent if he did not bring this matter, Biden, up. If the V.P. of the U.S. is self enriching &, engaged in criminal behavior, at a minimum corrupt behavior, it ought to be looked at.” Peter Schweizer, author, “Secret Empires.” @marklevinshow",72968,18470,0.6915438771247864,0.2946580946445465,0.0137980030849576,-0.6777458740398288,Negative
1180653341539483650,2019-10-06 01:17:46,2019-10-06,2019,2019-10,1,Sunday,iPhone,Twitter for iPhone,"The first so-called second hand information “Whistleblower” got my phone conversation almost completely wrong, so now word is they are going to the bench and another “Whistleblower” is coming in from the Deep State, also with second hand info. Meet with Shifty. Keep them coming!",92021,22898,0.5817347168922424,0.39064428210258484,0.027620935812592506,-0.5541137810796499,Negative
1180886039801602048,2019-10-06 16:42:26,2019-10-06,2019,2019-10,16,Sunday,iPhone,Twitter for iPhone,"The Biden family was PAID OFF, pure and simple! The fake news must stop making excuses for something that is totally inexcusable. Sleepy Joe said he never spoke to the Ukrainian company, and then the picture came out where he was playing golf with the company boss and Hunter.....",94079,25102,0.8026868104934692,0.1851477175951004,0.012165446765720844,-0.7905213637277484,Negative
1181553636444426240,2019-10-08 12:55:13,2019-10-08,2019,2019-10,12,Tuesday,iPhone,Twitter for iPhone,"....understands that while we only had 50 soldiers remaining in that section of Syria, and they have been removed, any unforced or unnecessary fighting by Turkey will be devastating to their economy and to their very fragile currency. We are helping the Kurds financially/weapons!",46955,10765,0.270721435546875,0.6275448799133301,0.10173364728689194,-0.16898778825998306,Neutral
1181746918474440705,2019-10-09 01:43:15,2019-10-09,2019,2019-10,1,Wednesday,iPhone,Twitter for iPhone,"....If there is a Runoff in Louisiana, you will have a great new Republican Governor who will Cut your Taxes and Car Insurance, and do a fabulous job for you and your family. Vote Republican, the Party of Honest Abe Lincoln!",40954,9382,0.007471483200788498,0.06950105726718903,0.9230273962020874,0.9155559130012989,Positive
1181932207767789571,2019-10-09 13:59:32,2019-10-09,2019,2019-10,13,Wednesday,iPhone,Twitter for iPhone,"So true Don, and this was a big lie. Look what happened to Friends of Trump, for less. Can’t let this pass! https://t.co/u2To514DNq",32382,8355,0.8817468285560608,0.10328146070241928,0.014971679076552391,-0.8667751494795084,Negative
1182107033874714624,2019-10-10 01:34:14,2019-10-10,2019,2019-10,1,Thursday,iPhone,Twitter for iPhone,“I don’t think it’s a Whistleblower at all. I think this is an anonymous source for the Democratic Staff in the House of Representatives. This is an insult to real Whistleblowers. Actual Whistleblowers go on to have their whole lives upended.” John Kiriakou @TuckerCarlson,67857,17857,0.8474788069725037,0.1460256278514862,0.0064955963753163815,-0.8409832105971873,Negative
1182112396837625857,2019-10-10 01:55:32,2019-10-10,2019,2019-10,1,Thursday,iPhone,Twitter for iPhone,A different take! https://t.co/XKnQ6XTF0k,40567,9553,0.03063196875154972,0.7045847177505493,0.2647833228111267,0.234151354059577,Neutral
1182446696598511617,2019-10-11 00:03:55,2019-10-11,2019,2019-10,0,Friday,iPhone,Twitter for iPhone,The joint statement released with President Bolsonaro in March makes absolutely clear that I support Brazil beginning the process for full OECD membership. The United States stands by that statement and stands by @jairbolsonaro. This article is FAKE NEWS! https://t.co/Hym9ZATHjt,78141,22025,0.03998948633670807,0.6010768413543701,0.3589336574077606,0.31894417107105255,Neutral
1183369132634456066,2019-10-13 13:09:21,2019-10-13,2019,2019-10,13,Sunday,iPhone,Twitter for iPhone,"Do you remember two years ago when Iraq was going to fight the Kurds in a different part of Syria. Many people wanted us to fight with the Kurds against Iraq, who we just fought for. I said no, and the Kurds left the fight, twice. Now the same thing is happening with Turkey......",68862,15559,0.5525052547454834,0.43438565731048584,0.013109065592288971,-0.5393961891531944,Negative
1183506863431786497,2019-10-13 22:16:39,2019-10-13,2019,2019-10,22,Sunday,iPhone,Twitter for iPhone,"“Congressman Adam Schiff, who when seeing the REAL Ukraine phone call Transcript decided he’d better make up one of his own. ‘I’m going to say this only SEVEN times, so you better listen good. I want you to MAKE UP DIRT ON MY POLITICAL OPPONENT, UNDERSTAND, LOTS OF IT, AND.....",75103,18126,0.57957524061203,0.3700559735298157,0.05036875233054161,-0.5292064882814884,Negative
1183898080934055936,2019-10-15 12:11:12,2019-10-15,2019,2019-10,12,Tuesday,iPhone,Twitter for iPhone,"Shifty Schiff now seems to think they don’t need the Whistleblower, who started the whole Scam. The reason is that the Whistleblower has lost all credibility because the story is so far from the facts on the Transcrpt. Also, the second Whistleblower is no longer even mentioned!",6069,2015,0.8481915593147278,0.1431758850812912,0.008632519282400608,-0.8395590400323272,Negative
1184307214623875072,2019-10-16 03:16:57,2019-10-16,2019,2019-10,3,Wednesday,iPhone,Twitter for iPhone,A great group of Champions! https://t.co/A2ux83427l,39869,7861,0.004134331364184618,0.018415352329611778,0.9774503707885742,0.9733160394243896,Positive
1184579045138337794,2019-10-16 21:17:07,2019-10-16,2019,2019-10,21,Wednesday,Other,Twitter Media Studio,FAKE NEWS! https://t.co/ta8ii8yetP,126840,39069,0.856834888458252,0.12281928956508636,0.020345795899629593,-0.8364890925586224,Negative
1184634725677314050,2019-10-17 00:58:22,2019-10-17,2019,2019-10,0,Thursday,iPhone,Twitter for iPhone,"“What has happened here with the Anthony Wiener laptop, the Server, all of the Emails between Huma Abedin and Hillary Clinton, the deleted Clinton Emails - what is going on?” @LouDobbs Joe D &, Victoria T!",78662,24276,0.1482108235359192,0.8298856616020203,0.021903490647673607,-0.12630733288824558,Neutral
1184638812150009858,2019-10-17 01:14:36,2019-10-17,2019,2019-10,1,Thursday,iPhone,Twitter for iPhone,"Hope all House Republicans, and honest House Democrats, will vote to CENSURE Rep. Adam Schiff tomorrow for his brazen and unlawful act of fabricating (making up) a totally phony conversation with the Ukraine President and U.S. President, me. Most have never seen such a thing!",103248,27509,0.5541296601295471,0.3307530879974365,0.11511723697185516,-0.43901242315769196,Negative
1184884179751731200,2019-10-17 17:29:37,2019-10-17,2019,2019-10,17,Thursday,iPhone,Twitter for iPhone,Great news out of Turkey. News Conference shortly with @VP and @SecPompeo. Thank you to @RTErdogan. Millions of lives will be saved!,92337,22695,0.003530060639604926,0.011657247319817543,0.9848126769065857,0.9812826162669808,Positive
1184892687587012608,2019-10-17 18:03:25,2019-10-17,2019,2019-10,18,Thursday,iPhone,Twitter for iPhone,This deal could NEVER have been made 3 days ago. There needed to be some “tough” love in order to get it done. Great for everybody. Proud of all!,99150,19790,0.010498156771063805,0.031155139207839966,0.9583467245101929,0.9478485677391291,Positive
1184973040150614016,2019-10-17 23:22:43,2019-10-17,2019,2019-10,23,Thursday,iPhone,Twitter for iPhone,"See you soon Dallas, Texas! https://t.co/Sg6xtp1vqQ",57417,11808,0.0018658546032384038,0.09154394268989563,0.9065901637077332,0.9047243091044948,Positive
1185726930764611589,2019-10-20 01:18:24,2019-10-20,2019,2019-10,1,Sunday,iPhone,Twitter for iPhone,"I thought I was doing something very good for our Country by using Trump National Doral, in Miami, for hosting the G-7 Leaders. It is big, grand, on hundreds of acres, next to MIAMI INTERNATIONAL AIRPORT, has tremendous ballrooms &, meeting rooms, and each delegation would have...",80583,18166,0.011535998433828354,0.16960003972053528,0.8188639879226685,0.8073279894888401,Positive
1186114296524267520,2019-10-21 02:57:39,2019-10-21,2019,2019-10,2,Monday,iPhone,Twitter for iPhone,"Thank you John, so nice! https://t.co/OgNZ4kvFT1",9218,2556,0.006068287882953882,0.011567247100174427,0.9823645353317261,0.9762962474487722,Positive
1187838848732020737,2019-10-25 21:10:25,2019-10-25,2019,2019-10,21,Friday,iPhone,Twitter for iPhone,"I appreciate the support of Senator @LindseyGraham, @SenateMajLdr Mitch McConnell, and their Great Senate Republican colleagues, on the resolution condemning the Do Nothing Democrats for their Witch Hunt Impeachment inquiry, behind closed doors....",62709,13860,0.017406711354851723,0.11726604402065277,0.8653272390365601,0.8479205276817083,Positive
1187838852255244288,2019-10-25 21:10:26,2019-10-25,2019,2019-10,21,Friday,iPhone,Twitter for iPhone,"....in the basement of the United States Capitol! They cannot win at the ballot box. Their sham for the past 3 years continues. The good news is that the American People get it, which will be proven once again on November 3, 2020!",52412,11786,0.799125611782074,0.15079882740974426,0.050075605511665344,-0.7490500062704086,Negative
1188053446215323650,2019-10-26 11:23:09,2019-10-26,2019,2019-10,11,Saturday,iPhone,Twitter for iPhone,"“Not a single American citizen has been charged with anything related to Russian Collusion, not one person.” @TuckerCarlson It was all an illegal Witch Hunt!",66666,15739,0.8514035940170288,0.13670994341373444,0.011886459775269032,-0.8395171342417598,Negative
1189154764359196672,2019-10-29 12:19:23,2019-10-29,2019,2019-10,12,Tuesday,iPhone,Twitter for iPhone,"Where’s the Whistleblower? Just read the Transcript, everything else is made up garbage by Shifty Schiff and the Never Trumpers!",71609,16170,0.8783361315727234,0.11077407747507095,0.010889863595366478,-0.8674462679773569,Negative
1189505264376000512,2019-10-30 11:32:09,2019-10-30,2019,2019-10,11,Wednesday,iPhone,Twitter for iPhone,"Republicans are very unified and energized in our fight on the Impeachment Hoax with the Do Nothing Democrats, and now are starting to go after the Substance even more than the very infair Process because just a casual reading of the Transcript leads EVERYBODY to see that.....",54605,11829,0.11685771495103836,0.6219485402107239,0.26119372248649597,0.1443360075354576,Neutral
1189630486886395906,2019-10-30 19:49:44,2019-10-30,2019,2019-10,19,Wednesday,iPhone,Twitter for iPhone,We will be having a big rally for Governor @MattBevin on Monday night in Kentucky. Get your tickets today! https://t.co/uoPhCLGHpH,37803,11193,0.001874564099125564,0.3144259750843048,0.6836994290351868,0.6818248649360612,Positive
1189762942004289536,2019-10-31 04:36:04,2019-10-31,2019,2019-10,4,Thursday,iPhone,Twitter for iPhone,"Thank you Daily Wire. Very cute recreation, but the “live” version of Conan will be leaving the Middle East for the White House sometime next week! https://t.co/Z1UfhxsSpT",89015,17613,0.0036667848471552134,0.06698506325483322,0.9293481707572937,0.9256813859101385,Positive
1190373502416752641,2019-11-01 09:02:13,2019-11-01,2019,2019-11,9,Friday,iPhone,Twitter for iPhone,"....in New York, and another reason they are leaving. Taxes and energy costs are way too high, Upstate is being allowed to die as other nearby states frack &, drill for Gold (oil) while reducing taxes &, creating jobs by the thousands. NYC is getting dirty &, unsafe again, as",1555,464,0.91092449426651,0.08198917657136917,0.007086253724992275,-0.9038382405415177,Negative
1190737940940574720,2019-11-02 21:10:22,2019-11-02,2019,2019-11,21,Saturday,iPhone,Twitter for iPhone,A giant Scam! https://t.co/E2gcPaddD1,46969,14087,0.8390921354293823,0.13416409492492676,0.026743751019239426,-0.8123483844101429,Negative
1191322448718966784,2019-11-04 11:53:00,2019-11-04,2019,2019-11,11,Monday,iPhone,Twitter for iPhone,"Mark Levin, a great lawyer and scholar, said last night on his @marklevinshow, that all you have to do is read the transcript of the call, you do not need Never Trumpers or other witnesses to say what it means or says. It is plainly and very well stated for all to see. Witch Hunt",62667,15858,0.06148466095328331,0.5717664361000061,0.36674895882606506,0.30526429787278175,Neutral
1191342959695933441,2019-11-04 13:14:30,2019-11-04,2019,2019-11,13,Monday,iPhone,Twitter for iPhone,“There is no Whistleblower. There is someone with an agenda against Donald Trump. What he was blowing the whistle on didn’t happen. We have the transcript of the call. This is all a farce and no Republican should forget that.” @dbongino @foxandfriends,60985,16158,0.7909161448478699,0.19679591059684753,0.012287905439734459,-0.7786282394081354,Negative
1192594646691729408,2019-11-08 00:08:15,2019-11-08,2019,2019-11,0,Friday,iPhone,Twitter for iPhone,STATEMENT FROM PRESIDENT DONALD J. TRUMP https://t.co/EktztHfLk6,101249,27733,0.024136751890182495,0.691950798034668,0.28391242027282715,0.25977566838264465,Neutral
1195356211937468417,2019-11-15 15:01:44,2019-11-15,2019,2019-11,15,Friday,iPhone,Twitter for iPhone,"....They call it “serving at the pleasure of the President.” The U.S. now has a very strong and powerful foreign policy, much different than proceeding administrations. It is called, quite simply, America First! With all of that, however, I have done FAR more for Ukraine than O.",59255,15332,0.02254212461411953,0.4039306640625,0.5735272765159607,0.5509851519018412,Positive
1195583138405212160,2019-11-16 06:03:27,2019-11-16,2019,2019-11,6,Saturday,iPhone,Twitter for iPhone,RT @realDonaldTrump: Big day in LOUISIANA tomorrow! Get out and VOTE to replace Radical Liberal Democrat John Bel Edwards with a great new...,0,10084,0.05740537494421005,0.6424785256385803,0.3001161515712738,0.24271077662706375,Neutral
1196108650584125441,2019-11-17 16:51:39,2019-11-17,2019,2019-11,16,Sunday,iPhone,Twitter for iPhone,"Joe Ricketts, one of our Country’s most successful businessmen, including being the owner of the Chicago Cubs, has just written a great new book, THE HARDER YOU WORK, THE LUCKIER YOU GET. So true! Much can be learned from Joe. Go get the book!",36549,7498,0.003642534138634801,0.01804352179169655,0.9783139824867249,0.97467144834809,Positive
1197128659192164357,2019-11-20 12:24:48,2019-11-20,2019,2019-11,12,Wednesday,iPhone,Twitter for iPhone,True. Great job @RepMikeTurner! https://t.co/T0AdyNLuVb,33066,9850,0.0047167763113975525,0.011819891631603241,0.9834633469581604,0.9787465706467628,Positive
1197319631158988800,2019-11-21 01:03:39,2019-11-21,2019,2019-11,1,Thursday,iPhone,Twitter for iPhone,"Watch @TuckerCarlson, @seanhannity, @IngrahamAngle. Big News! @FoxNews",37431,9063,0.0019543131347745657,0.07678090035915375,0.9212648272514343,0.9193105141166598,Positive
1198374984902676480,2019-11-23 22:57:15,2019-11-23,2019,2019-11,22,Saturday,iPhone,Twitter for iPhone,"95% Approval Rate in the Republican Party, a record! Thank you!",137631,24394,0.0025873573031276464,0.018089713528752327,0.9793229103088379,0.9767355530057102,Positive
1199811730353905665,2019-11-27 22:06:22,2019-11-27,2019,2019-11,22,Wednesday,iPhone,Twitter for iPhone,People now realize it is a Democrat Hoax! https://t.co/6O3lFa2wU7,74176,16714,0.5323857665061951,0.41735512018203735,0.05025916174054146,-0.4821266047656536,Negative
1200925125169864709,2019-11-30 23:50:36,2019-11-30,2019,2019-11,23,Saturday,iPhone,Twitter for iPhone,An incredible experience! https://t.co/n6BNQY6dIx,58102,12741,0.006159940268844366,0.014202486723661423,0.9796375632286072,0.9734776229597628,Positive
1204057010192420864,2019-12-09 15:15:36,2019-12-09,2019,2019-12,15,Monday,iPhone,Twitter for iPhone,The best Economy ever! https://t.co/Ql8f16uGXD,67899,17256,0.0027060946449637413,0.014760741032660007,0.9825332164764404,0.9798271218314767,Positive
1205156716054241285,2019-12-12 16:05:26,2019-12-12,2019,2019-12,16,Thursday,iPhone,Twitter for iPhone,"I also have constantly asked, “Why aren’t Germany, France and other European countries helping Ukraine more? They are the biggest beneficiaries. Why is it always the good ol’ United States?” The Radical Left, Do Nothing Democrats, never mention this at their phony hearing!",79842,19270,0.5269490480422974,0.39654219150543213,0.07650874555110931,-0.45044030249118805,Negative
1205338255832555520,2019-12-13 04:06:48,2019-12-13,2019,2019-12,4,Friday,iPhone,Twitter for iPhone,Looking like a big win for Boris in the U.K.!,116537,17425,0.002025563968345523,0.02552143856883049,0.9724529981613159,0.9704274341929704,Positive
1205341246937600000,2019-12-13 04:18:42,2019-12-13,2019,2019-12,4,Friday,iPhone,Twitter for iPhone,“Last night House Judiciary Chairman Jerry Nadler admitted that Democrats are pursuing Impeachment because it’s too dangerous to simply let the American people pick the next president in 2020.” @kilmeade @FoxNews,69356,21056,0.4752720594406128,0.5046816468238831,0.02004632167518139,-0.4552257377654314,Neutral
1205455803378999297,2019-12-13 11:53:54,2019-12-13,2019,2019-12,11,Friday,iPhone,Twitter for iPhone,"My Approval Rating in the Republican Party is 95%, a Record. Thank you! #2020Election",75200,13921,0.003368040546774864,0.038593634963035583,0.9580382704734802,0.9546702299267054,Positive
1205542430453501955,2019-12-13 17:38:07,2019-12-13,2019,2019-12,17,Friday,iPhone,Twitter for iPhone,“This whole process has been rigged from the start.” @RepDLesko,74879,15584,0.9000030755996704,0.0932486429810524,0.006748391315340996,-0.8932546842843294,Negative
1206812317809143808,2019-12-17 05:44:12,2019-12-17,2019,2019-12,5,Tuesday,iPhone,Twitter for iPhone,Congressman Jeff Van Drew is very popular in our great and very united Republican Party. It was a tribute to him that he was able to win his heavily Republican district as a Democrat. People like that are not easily replaceable!,76049,14970,0.0074854143895208836,0.04206250235438347,0.9504520297050476,0.9429666153155267,Positive
1206950027148582912,2019-12-17 14:51:25,2019-12-17,2019,2019-12,14,Tuesday,iPhone,Twitter for iPhone,Impeachment Poll numbers are starting to drop like a rock now that people are understanding better what this whole Democrat Scam is all about!,96900,20504,0.8728147745132446,0.11277642101049423,0.014408793300390244,-0.8584059812128544,Negative
1206955356280279040,2019-12-17 15:12:35,2019-12-17,2019,2019-12,15,Tuesday,iPhone,Twitter for iPhone,Would be sooo great if the Fed would further lower interest rates and quantitative ease. The Dollar is very strong against other currencies and there is almost no inflation. This is the time to do it. Exports would zoom!,80169,18133,0.017252938821911812,0.09295579046010971,0.8897913098335266,0.8725383710116148,Positive
1208135784152358913,2019-12-20 21:23:11,2019-12-20,2019,2019-12,21,Friday,iPhone,Twitter for iPhone,"Economy is GREAT, Big Stock Market uptick today. Best ranking in 20 years admits CNN! https://t.co/fhee5zYqvB",43767,11232,0.0032021154183894396,0.011491765268146992,0.9853061437606812,0.9821040283422917,Positive
1209972732793905154,2019-12-25 23:02:34,2019-12-25,2019,2019-12,23,Wednesday,iPhone,Twitter for iPhone,Thank you Tammy. You are doing a GREAT job! https://t.co/GqmFbixV7A,49228,10019,0.004781465511769056,0.009748085401952267,0.9854704141616821,0.9806889486499131,Positive
1210032384571269121,2019-12-26 02:59:36,2019-12-26,2019,2019-12,2,Thursday,iPhone,Twitter for iPhone,"Why should Crazy Nancy Pelosi, just because she has a slight majority in the House, be allowed to Impeach the President of the United States? Got ZERO Republican votes, there was no crime, the call with Ukraine was perfect, with “no pressure.” She said it must be “bipartisan....",9025,2355,0.81057208776474,0.17133931815624237,0.018088633194565773,-0.7924834545701742,Negative
1210183406904074240,2019-12-26 12:59:42,2019-12-26,2019,2019-12,12,Thursday,iPhone,Twitter for iPhone,"Nancy Pelosi’s District in California has rapidly become one of the worst anywhere in the U.S. when it come to the homeless &, crime. It has gotten so bad, so fast - she has lost total control and, along with her equally incompetent governor, Gavin Newsom, it is a very sad sight!",110642,27185,0.94959956407547,0.04513126239180565,0.005269220098853111,-0.9443303439766169,Negative
1210345748933595137,2019-12-26 23:44:48,2019-12-26,2019,2019-12,23,Thursday,iPhone,Twitter for iPhone,"“Nancy Pelosi is trying to usurp the Constitutional role of the Senate. The longer this goes on, the more petty, partisan &, political it all looks.” @KarlRove @FoxNews Just more of the same from the Do Nothing Dems. Nancy should be helping the record number of homeless in her D!",56503,14091,0.9005831480026245,0.09196197986602783,0.007454833947122097,-0.8931283140555024,Negative
1210558076815912960,2019-12-27 13:48:31,2019-12-27,2019,2019-12,13,Friday,iPhone,Twitter for iPhone,"Academy Award winning actor (and great guy!) @jonvoight is fantastic in the role of Mickey Donovan in the big television hit, Ray Donovan. From Midnight Cowboy to Deliverance to The Champ (one of the best ever boxing movies), &, many others, Jon delivers BIG. Also, LOVES THE USA!",70867,15435,0.00278090825304389,0.013850366696715355,0.9833686947822571,0.9805877865292132,Positive
1210750161174941696,2019-12-28 02:31:47,2019-12-28,2019,2019-12,2,Saturday,iPhone,Twitter for iPhone,"Wow Crazy Nancy, what’s going on? This is big stuff! https://t.co/hoHSERKgh9",124479,55387,0.8110443949699402,0.14055681228637695,0.04839875176548958,-0.7626456432044506,Negative
1212064561026797569,2019-12-31 17:34:45,2019-12-31,2019,2019-12,17,Tuesday,iPhone,Twitter for iPhone,Read the Transcripts!,87066,15040,0.06836945563554764,0.8227602243423462,0.10887032747268677,0.04050087183713913,Neutral
1212137503941103617,2019-12-31 22:24:36,2019-12-31,2019,2019-12,22,Tuesday,iPhone,Twitter for iPhone,I am far better on HealthCare than the Democrats! https://t.co/eQDqqMRvq7,38616,8874,0.0204041488468647,0.114573635160923,0.8650221824645996,0.8446180336177349,Positive
1212180752936374275,2020-01-01 01:16:27,2020-01-01,2020,2020-01,1,Wednesday,iPhone,Twitter for iPhone,Thank you Steve. The greatest Witch Hunt in U.S. history! https://t.co/I3bSNVp6gC,45860,11180,0.2495923489332199,0.2530793845653534,0.49732834100723267,0.24773599207401276,Positive
1215247978966986752,2020-01-09 12:24:31,2020-01-09,2020,2020-01,12,Thursday,iPhone,Twitter for iPhone,Thank you Elise! https://t.co/Y4Hb0zf5jk,48510,11608,0.00468258885666728,0.021708877757191658,0.9736084938049316,0.9689259049482644,Positive
1215457108327571458,2020-01-10 02:15:31,2020-01-10,2020,2020-01,2,Friday,iPhone,Twitter for iPhone,"Democrats are now the party of high taxes, high crime, open borders, late-term abortion, socialism, and blatant corruption. The Republican Party is the party of the American Worker, the American Family, and the American Dream! #KAG2020 https://t.co/05XRX2odxN",101339,24587,0.8640166521072388,0.11750689893960953,0.018476448953151703,-0.8455402031540871,Negative
1216000651475460099,2020-01-11 14:15:22,2020-01-11,2020,2020-01,14,Saturday,iPhone,Twitter for iPhone,New polling shows that the totally partisan Impeachment Hoax is going nowhere. A vast majority want the Do Nothing Democrats to move on to other things now!,86657,16365,0.8367600440979004,0.14437943696975708,0.01886051520705223,-0.8178995288908482,Negative
1216114167108849665,2020-01-11 21:46:26,2020-01-11,2020,2020-01,21,Saturday,iPhone,Twitter for iPhone,به مردم شجاع و رنج کشیده ایران: من از ابتدای دوره ریاست جمهوریم با شما ایستاده‌ام و دولت من همچنان با شما خواهد ایستاد. ما اعتراضات شما را از نزدیک دنبال می کنیم. شجاعت شما الهام بخش است.,339855,75980,0.17917223274707794,0.7147026062011719,0.10612519830465317,-0.07304703444242477,Neutral
1216351262742061056,2020-01-12 13:28:34,2020-01-12,2020,2020-01,13,Sunday,iPhone,Twitter for iPhone,Congratulations to @serenawilliams on another big win. She is a great player and an even greater person. Our members in Virginia (Tennis) will never forget you! https://t.co/55ZhYVTpUU,47887,7556,0.002479556016623974,0.008153192698955536,0.9893671870231628,0.9868876310065389,Positive
1216365925701705730,2020-01-12 14:26:50,2020-01-12,2020,2020-01,14,Sunday,iPhone,Twitter for iPhone,"Michael Goodwin, New York Post: “Trump’s peace through strength philosophy is what America needs. His (John Kerry) claim bears no relation to reality. The Agreement didn’t create opportunities for America & other signatories to confront Iran’s malign activities. It overlooked....",65852,15620,0.4981606602668762,0.4727100133895874,0.029129309579730034,-0.4690313506871462,Negative
1216961142867681280,2020-01-14 05:52:01,2020-01-14,2020,2020-01,5,Tuesday,iPhone,Twitter for iPhone,Thank you! https://t.co/4Qe7fb6r3K,184999,27246,0.005894170142710209,0.03516877442598343,0.9589371085166931,0.9530429383739829,Positive
1217836310657892353,2020-01-16 15:49:37,2020-01-16,2020,2020-01,15,Thursday,iPhone,Twitter for iPhone,"This is a total disgrace, but just another reason that I’m going to win Michigan again! https://t.co/XrqveOvYcG",57912,14631,0.8598858714103699,0.10476358234882355,0.03535056114196777,-0.8245353102684021,Negative
1217965436119191553,2020-01-17 00:22:43,2020-01-17,2020,2020-01,0,Friday,iPhone,Twitter for iPhone,See you tomorrow! #CHAMPS https://t.co/ud1PVpx1zK,99585,15716,0.002355014905333519,0.151484414935112,0.8461605310440063,0.8438055161386728,Positive
1218195021930926082,2020-01-17 15:35:00,2020-01-17,2020,2020-01,15,Friday,iPhone,Twitter for iPhone,"They are rigging the election again against Bernie Sanders, just like last time, only even more obviously. They are bringing him out of so important Iowa in order that, as a Senator, he sit through the Impeachment Hoax Trial. Crazy Nancy thereby gives the strong edge to Sleepy...",121146,27155,0.8017231225967407,0.1837771236896515,0.014499722048640251,-0.7872234005481005,Negative
1219874467540799488,2020-01-22 06:48:31,2020-01-22,2020,2020-01,6,Wednesday,iPhone,Twitter for iPhone,"Making great progress in @Davos. Tremendous numbers of companies will be coming, or returning, to the USA. Hottest Economy! JOBS, JOBS, JOBS!",85806,16960,0.002186339581385255,0.009872674942016602,0.9879410266876221,0.9857546871062368,Positive
1220061617561300994,2020-01-22 19:12:11,2020-01-22,2020,2020-01,19,Wednesday,iPhone,Twitter for iPhone,Will be Great! https://t.co/Ce20fgcM6K,38316,7761,0.0027801247779279947,0.014133349992334843,0.9830864667892456,0.9803063420113176,Positive
1220107185276907521,2020-01-22 22:13:16,2020-01-22,2020,2020-01,22,Wednesday,iPhone,Twitter for iPhone,"Sorry, if you come you will be immediately sent back! https://t.co/Ba9kmD6HD0",95821,23603,0.5385581851005554,0.4395301938056946,0.02191159874200821,-0.5166465863585472,Negative
1220326789182033920,2020-01-23 12:45:53,2020-01-23,2020,2020-01,12,Thursday,iPhone,Twitter for iPhone,"Attorney Generals from 21 States are urging the Senate to reject Impeachment. They say the Articles have legal & factual problems, and the Democrats case sets a dangerous historical precedent. “EVEN AN UNSUCCESSFUL EFFORT TO IMPEACH THE PRESIDENT UNDERMINES THE INTEGRITY.....",73428,18461,0.815851092338562,0.17644436657428741,0.007704509887844324,-0.8081465824507177,Negative
1220328518288052225,2020-01-23 12:52:46,2020-01-23,2020,2020-01,12,Thursday,iPhone,Twitter for iPhone,"The Democrat House would not give us lawyers, or not one witness, but now demand that the Republican Senate produce the witnesses that the House never sought, or even asked for? They had their chance, but pretended to rush. Most unfair & corrupt hearing in Congressional history!",120284,26270,0.8927311301231384,0.10000211745500565,0.007266697473824024,-0.8854644326493144,Negative
1221423557722431489,2020-01-26 13:24:03,2020-01-26,2020,2020-01,13,Sunday,iPhone,Twitter for iPhone,Rep. Jim Jordan Delivers Knockout Blow to Schiff’s Reputation https://t.co/tVBdWMrAjn,39860,11115,0.1240566149353981,0.8530005812644958,0.02294282056391239,-0.10111379437148571,Neutral
1221438768256823296,2020-01-26 14:24:30,2020-01-26,2020,2020-01,14,Sunday,iPhone,Twitter for iPhone,Why didn’t Schiff release this? https://t.co/ngxEqAIJU9,48076,15339,0.5220375657081604,0.461504191160202,0.01645825244486332,-0.5055793132632971,Negative
1222907250383245320,2020-01-30 15:39:43,2020-01-30,2020,2020-01,15,Thursday,iPhone,Twitter for iPhone,“Schiff blasted for not focusing on California homeless.” @foxandfriends His District is in terrible shape. He is a corrupt pol who only dreams of the Impeachment Hoax. In my opinion he is mentally deranged!,113884,25258,0.9479547739028931,0.04717409610748291,0.004871209152042866,-0.9430835647508502,Negative
1223834666031046656,2020-02-02 05:04:56,2020-02-02,2020,2020-02,5,Sunday,iPhone,Twitter for iPhone,"The Radical Left, Do Nothing Democrats, don’t want justice when pushing the Impeachment Hoax, they only want to destabilize the Republican Party so they can do better in the 2020 election, & that includes the House & Senate. They are playing with the people by taking it this far!",102531,23664,0.9086292386054993,0.08366476744413376,0.007705995347350836,-0.9009232432581484,Negative
1225179058000089090,2020-02-05 22:07:04,2020-02-05,2020,2020-02,22,Wednesday,iPhone,Twitter for iPhone,I will be making a public statement tomorrow at 12:00pm from the @WhiteHouse to discuss our Country’s VICTORY on the Impeachment Hoax!,273366,53758,0.02724989503622055,0.9013088941574097,0.07144118845462799,0.04419129341840744,Neutral
1225728756456808448,2020-02-07 10:31:23,2020-02-07,2020,2020-02,10,Friday,iPhone,Twitter for iPhone,"....he will be successful, especially as the weather starts to warm & the virus hopefully becomes weaker, and then gone. Great discipline is taking place in China, as President Xi strongly leads what will be a very successful operation. We are working closely with China to help!",50108,9273,0.005016235634684563,0.04246288910508156,0.9525209069252014,0.9475046712905169,Positive
1227958133550649346,2020-02-13 14:10:08,2020-02-13,2020,2020-02,14,Thursday,iPhone,Twitter for iPhone,DRAIN THE SWAMP! We want bad people out of our government!,224797,46552,0.917309045791626,0.07455632835626602,0.008134618401527405,-0.9091744273900986,Negative
1228435668159926274,2020-02-14 21:47:41,2020-02-14,2020,2020-02,21,Friday,iPhone,Twitter for iPhone,"....Today, @FLOTUS and I encourage all Americans to cherish and honor the memory of those we have lost through acts of love and service. We will hold Parkland forever in our hearts.",11297,2665,0.009458543732762337,0.052703600376844406,0.9378378391265869,0.9283792953938246,Positive
1228446619500150784,2020-02-14 22:31:12,2020-02-14,2020,2020-02,22,Friday,iPhone,Twitter for iPhone,"Thank you Arnold, very nice. https://t.co/didAAHILFk",64457,13178,0.005680103786289692,0.015467521734535694,0.9788523316383362,0.9731722278520465,Positive
1228449937211392000,2020-02-14 22:44:23,2020-02-14,2020,2020-02,22,Friday,iPhone,Twitter for iPhone,".@LouieGohmertTX1 is a Fantastic Republican from the Great State of Texas! He fully supports our #MAGA and #KAG Agenda, Border WALL, Military, Vets, and your Second Amendment. Louie is my friend and has my Complete and Total Endorsement! https://t.co/7MWH000IbI",40244,13973,0.0029212713707238436,0.018756812438368797,0.9783219695091248,0.9754006981384009,Positive
1228666350635290624,2020-02-15 13:04:20,2020-02-15,2020,2020-02,13,Saturday,iPhone,Twitter for iPhone,"“Ralph Waldo Emerson seemed to foresee the lesson of the Senate Impeachment Trial of President Trump. ‘When you strike at the King, Emerson famously said, “you must kill him.’ Mr. Trump’s foes struck at him but did not take him down. A triumphant Mr.Trump emerges from the.....",95945,22594,0.08554945886135101,0.7617235779762268,0.15272696316242218,0.06717750430107117,Neutral
1229756038469079040,2020-02-18 13:14:21,2020-02-18,2020,2020-02,13,Tuesday,iPhone,Twitter for iPhone,"....badly tainted and, in my opinion, should be thrown out. Even Mueller’s statement to Congress that he did not see me to become the FBI Director (again), has been proven false. The whole deal was a total SCAM. If I wasn’t President, I’d be suing everyone all over the place...",43784,11163,0.8993253111839294,0.09262049198150635,0.0080541567876935,-0.8912711543962359,Negative
1229791557110435840,2020-02-18 15:35:30,2020-02-18,2020,2020-02,15,Tuesday,iPhone,Twitter for iPhone,THANK YOU! #MAGA #KAG2020 https://t.co/rpJa1nxCLm,32858,8102,0.0029862080700695515,0.015491069294512272,0.9815226793289185,0.9785364712588489,Positive
1230285216217886720,2020-02-20 00:17:07,2020-02-20,2020,2020-02,0,Thursday,iPhone,Twitter for iPhone,"I AM ON MY WAY, SEE YOU SOON! https://t.co/EgUBqPNlYh",109744,21296,0.002315883059054613,0.07963047176599503,0.9180536866188049,0.9157378035597503,Positive
1230557232615444482,2020-02-20 18:18:01,2020-02-20,2020,2020-02,18,Thursday,iPhone,Twitter for iPhone,“The decision not to prosecute Andy McCabe is utterly inexplicable.” @Judgenap @HARRISFAULKNER @FoxNews,56335,14912,0.8652058243751526,0.12719352543354034,0.007600683253258467,-0.8576051411218941,Negative
1230637051520794625,2020-02-20 23:35:11,2020-02-20,2020,2020-02,23,Thursday,iPhone,Twitter for iPhone,"Wow, thank you — on my way!! https://t.co/iGs4UQKLfF",85619,17480,0.0034062028862535954,0.010830466635525227,0.9857633113861084,0.9823571084998548,Positive
1230982069301329920,2020-02-21 22:26:10,2020-02-21,2020,2020-02,22,Friday,iPhone,Twitter for iPhone,"Republicans are fighting for citizens from every background, every community, & every walk of life. We are the party of boundless optimism, excitement, energy & enthusiasm. We are welcoming Americans of all parties & political persuasions to join our incredible movement to #MAGA! https://t.co/KeSW3yR4Mq",62514,17317,0.0027938648127019405,0.02160075306892395,0.9756053686141968,0.9728115038014948,Positive
1231064642514030594,2020-02-22 03:54:17,2020-02-22,2020,2020-02,3,Saturday,iPhone,Twitter for iPhone,"Simply put, he choked! https://t.co/4GeJMvTO2j",40156,8828,0.7259045839309692,0.23715978860855103,0.036935657262802124,-0.6889689266681671,Negative
1231651294042972160,2020-02-23 18:45:26,2020-02-23,2020,2020-02,18,Sunday,iPhone,Twitter for iPhone,"Are any Democrat operatives, the DNC, or Crooked Hillary Clinton, blaming Russia, Russia, Russia for the Bernie Sanders win in Nevada. If so I suggest calling Bob Mueller & the 13 Angry Democrats to do a new Mueller Report, Democrat Edition. Bob will get to the bottom of it!",102111,25224,0.3980008065700531,0.5565237998962402,0.045475371181964874,-0.3525254353880882,Neutral
1232067592086487043,2020-02-24 22:19:39,2020-02-24,2020,2020-02,22,Monday,iPhone,Twitter for iPhone,Spelled @GiannoCaldwell!,30136,5859,0.012689660303294659,0.8683850169181824,0.1189253032207489,0.10623564291745424,Neutral
1232664415637471234,2020-02-26 13:51:13,2020-02-26,2020,2020-02,13,Wednesday,iPhone,Twitter for iPhone,Big Rally in the Great State of South Carolina on Friday. See you there!,84047,16664,0.0024253379087895155,0.1676560342311859,0.8299185633659363,0.8274932254571468,Positive
1233788838755151872,2020-02-29 16:19:16,2020-02-29,2020,2020-02,16,Saturday,iPhone,Twitter for iPhone,THANK YOU SOUTH CAROLINA! https://t.co/7i5BYCQfg8,76392,16189,0.005407715681940317,0.02041763812303543,0.9741746187210083,0.968766903039068,Positive
1234107011614285824,2020-03-01 13:23:34,2020-03-01,2020,2020-03,13,Sunday,iPhone,Twitter for iPhone,"Mini Mike Bloomberg’s consultants and so-called “advisors”(how did that advice work out? Don’t ask!), are on the “gravy train” and all making a fortune for themselves pushing Mini hard, when they knew he never had what it takes. Don’t pay them anymore Mike, they led you down....",63854,13193,0.6547560095787048,0.30803754925727844,0.037206411361694336,-0.6175495982170105,Negative
1234222094210211846,2020-03-01 21:00:52,2020-03-01,2020,2020-03,21,Sunday,iPhone,Twitter for iPhone,"“Who better than @RepRatcliffe, who got to the bottom of the FISAGATE & RUSSIAGATE HOAX. It makes a lot of sense to put John Ratcliffe in there (DNI).The Senate should quickly approve him. @DevinNunes @MariaBartiromo John will do a great job for the American people!",50571,13575,0.016130877658724785,0.15682776272296906,0.8270413875579834,0.8109105098992586,Positive
1234519726702956545,2020-03-02 16:43:33,2020-03-02,2020,2020-03,16,Monday,iPhone,Twitter for iPhone,".@FoxNews is working hard pushing the Radical Left, Do Nothing Democrats. They want to be, unlike their competitors, @CNN & MSDNC (Comcast), Fair & Balanced. When will they ever learn. The Radical Left never even gave @FoxNews permission to partake in their low rated debates!",49167,11885,0.8374722003936768,0.14920291304588318,0.013324904255568981,-0.8241472961381078,Negative
1234653427789070336,2020-03-03 01:34:50,2020-03-03,2020,2020-03,1,Tuesday,iPhone,Twitter for iPhone,"I was thrilled to be back in the Great city of Charlotte, North Carolina with thousands of hardworking American Patriots who love our Country, cherish our values, respect our laws, and always put AMERICA FIRST! Thank you for a wonderful evening!! #KAG2020 https://t.co/dNJZfRsl9y",73748,17404,0.0026663627941161394,0.00784227717667818,0.98949134349823,0.9868249807041138,Positive
1235171235505598465,2020-03-04 11:52:25,2020-03-04,2020,2020-03,11,Wednesday,iPhone,Twitter for iPhone,"The Democrat establishment came together and crushed Bernie Sanders, AGAIN! Even the fact that Elizabeth Warren stayed in the race was devastating to Bernie and allowed Sleepy Joe to unthinkably win Massachusetts. It was a perfect storm, with many good states remaining for Joe!",63748,14165,0.02693874016404152,0.12446274608373642,0.8485985398292542,0.8216597996652126,Positive
1235185319257006080,2020-03-04 12:48:23,2020-03-04,2020,2020-03,12,Wednesday,iPhone,Twitter for iPhone,"MAKE AMERICA GREAT AGAIN and then, KEEP AMERICA GREAT!!!!",185187,32670,0.004533680155873299,0.032755859196186066,0.962710440158844,0.9581767600029707,Positive
1236634209516752896,2020-03-08 12:45:45,2020-03-08,2020,2020-03,12,Sunday,iPhone,Twitter for iPhone,"We have a perfectly coordinated and fine tuned plan at the White House for our attack on CoronaVirus. We moved VERY early to close borders to certain areas, which was a Godsend. V.P. is doing a great job. The Fake News Media is doing everything possible to make us look bad. Sad!",135311,29211,0.07581297308206558,0.21811677515506744,0.7060703039169312,0.6302573308348656,Positive
1236979946175725568,2020-03-09 11:39:35,2020-03-09,2020,2020-03,11,Monday,iPhone,Twitter for iPhone,"“Trump has outmastered the Deep State. He’s light years ahead of us.” MSDNC. I disagree. We have a long way to go. There are still some very bad, sick people in our government - people who do not love our Country (In fact, they hate our Country!).",78774,21418,0.631318211555481,0.27979040145874023,0.08889140188694,-0.542426809668541,Negative
1237024549046288385,2020-03-09 14:36:49,2020-03-09,2020,2020-03,14,Monday,iPhone,Twitter for iPhone,"Good for the consumer, gasoline prices coming down!",117547,21888,0.01261074561625719,0.07805803418159485,0.9093312621116638,0.8967205164954066,Positive
1237236320935849985,2020-03-10 04:38:20,2020-03-10,2020,2020-03,4,Tuesday,iPhone,Twitter for iPhone,"Oklahoma, Vote for your GREAT Senator Today. Nobody better than Jim! https://t.co/nYoLaM5Peu",39959,9544,0.005343872122466564,0.03536253049969673,0.9592936038970947,0.9539497317746282,Positive
1237580932472692736,2020-03-11 03:27:42,2020-03-11,2020,2020-03,3,Wednesday,iPhone,Twitter for iPhone,THANK YOU NORTH DAKOTA! #KAG2020 https://t.co/fOPyY03iyh,38711,7920,0.004225924611091614,0.022042524069547653,0.9737315773963928,0.9695056527853012,Positive
1237745593876873217,2020-03-11 14:22:00,2020-03-11,2020,2020-03,14,Wednesday,iPhone,Twitter for iPhone,"Vanity Fair Magazine, which will soon be out of business, and their third rate Fake reporters, who make up sources which don’t exist, wrote yet another phony & boring hit piece. The facts are just the opposite. Our team is doing a great job with CoronaVirus!",87357,19166,0.8765422105789185,0.10214687883853912,0.021310947835445404,-0.855231262743473,Negative
1237820042735226887,2020-03-11 19:17:50,2020-03-11,2020,2020-03,19,Wednesday,iPhone,Twitter for iPhone,"I want to thank all of our Great Government officials on the CoronaVirus Task Force who are working around the clock, in response to the CoronaVirus. Continue to check https://t.co/boZM2NePJW for updates, and follow all recommendations that are available....",50701,12434,0.015539487823843956,0.10616827011108398,0.8782922625541687,0.8627527747303247,Positive
1240355985673392128,2020-03-18 19:14:46,2020-03-18,2020,2020-03,19,Wednesday,iPhone,Twitter for iPhone,"I want all Americans to understand: we are at war with an invisible enemy, but that enemy is no match for the spirit and resolve of the American people...",256018,45517,0.46714985370635986,0.4620242118835449,0.0708259716629982,-0.39632388204336166,Negative
1241739447122776064,2020-03-22 14:52:09,2020-03-22,2020,2020-03,14,Sunday,iPhone,Twitter for iPhone,Working very well with States and our Nation’s Governors. #TEAMWORK,87619,14846,0.0022570716682821512,0.0753033235669136,0.9224396347999573,0.9201825631316751,Positive
1242422012682919937,2020-03-24 12:04:25,2020-03-24,2020,2020-03,12,Tuesday,iPhone,Twitter for iPhone,This is not about the ridiculous Green New Deal. It is about putting our great workers and companies BACK TO WORK!,196797,41561,0.3992525637149811,0.3783077597618103,0.2224396914243698,-0.17681287229061127,Negative
1242905328209080331,2020-03-25 20:04:56,2020-03-25,2020,2020-03,20,Wednesday,iPhone,Twitter for iPhone,The LameStream Media is the dominant force in trying to get me to keep our Country closed as long as possible in the hope that it will be detrimental to my election success. The real people want to get back to work ASAP. We will be stronger than ever before!,211968,44448,0.700355589389801,0.2459716796875,0.053672730922698975,-0.646682858467102,Negative
1243343475799719938,2020-03-27 01:05:59,2020-03-27,2020,2020-03,1,Friday,iPhone,Twitter for iPhone,Will be interviewed on @seanhannity at 9:10 P.M. @FoxNews,42206,7419,0.005743805319070816,0.9532578587532043,0.040998365730047226,0.03525456041097641,Neutral
1243873875047448576,2020-03-28 12:13:36,2020-03-28,2020,2020-03,12,Saturday,iPhone,Twitter for iPhone,"So much of the Lamestream Media is writing and broadcasting stories with facts that are made up and knowingly wrong. They are doing it by quoting unnamed sources that simply do not exist. These are very dangerous & corrupt people, who will do anything to win. NAME YOUR SOURCES!",186284,40632,0.9189242720603943,0.07534202933311462,0.005733658093959093,-0.9131906139664352,Negative
1244368213133144065,2020-03-29 20:57:55,2020-03-29,2020,2020-03,20,Sunday,iPhone,Twitter for iPhone,Will be starting The White House news conference at 5:30 P.M. Eastern.,79433,11807,0.004653695039451122,0.945154070854187,0.050192296504974365,0.04553860146552324,Neutral
1246123892550389760,2020-04-03 17:14:22,2020-04-03,2020,2020-04,17,Friday,iPhone,Twitter for iPhone,"GREAT news this week regarding the Keystone XL Pipeline – moving forward with fantastic paying CONSTRUCTION jobs for hardworking Americans. Promises Made, Promises Kept! #MAGA",126793,23749,0.0026781826745718718,0.01671578362584114,0.9806060194969177,0.9779278368223459,Positive
1246127632464392192,2020-04-03 17:29:14,2020-04-03,2020,2020-04,17,Friday,iPhone,Twitter for iPhone,"Thank you @USNationalGuard, keep up the great work! https://t.co/tzQb3eGDat",48266,10983,0.004739867057651281,0.011048712767660618,0.9842113852500916,0.9794715181924403,Positive
1246147919859920896,2020-04-03 18:49:51,2020-04-03,2020,2020-04,18,Friday,iPhone,Twitter for iPhone,Great job being done by @BankofAmerica and many community banks throughout the country. Small businesses appreciate your work!,90457,14831,0.003440744010731578,0.015165516175329685,0.9813936948776245,0.9779529508668929,Positive
1246456826641764353,2020-04-04 15:17:20,2020-04-04,2020,2020-04,15,Saturday,iPhone,Twitter for iPhone,I agree with this. Watch! https://t.co/CouUHHu13t,118708,30015,0.002832720521837473,0.07837267965078354,0.9187946319580078,0.9159619114361703,Positive
1246522958421639168,2020-04-04 19:40:07,2020-04-04,2020,2020-04,19,Saturday,iPhone,Twitter for iPhone,"....We will get through this together, and bats will be swinging before you know it. In the meantime, take care of mom and dad, and know that this will not be forever! @littleleagueceo",86464,14702,0.02050899527966976,0.14740943908691406,0.8320815563201904,0.8115725610405207,Positive
1247858593740832772,2020-04-08 12:07:27,2020-04-08,2020,2020-04,12,Wednesday,iPhone,Twitter for iPhone,“The number of New Yorkers admitted to hospitals has dropped.” @ainsleyearhardt @foxandfriends Good news!,109584,18853,0.004556016065180302,0.06911386549472809,0.9263300895690918,0.9217740735039115,Positive
1247897591611682818,2020-04-08 14:42:25,2020-04-08,2020,2020-04,14,Wednesday,iPhone,Twitter for iPhone,"...the Fake News Media into not covering them, but that effort failed because the ratings are through the roof according to, of all sources, the Failing New York Times, “Monday Night Football, Bachelor Finale” type numbers (& sadly, they get it $FREE). Trump Derangement Syndrome!",67210,14249,0.8500288128852844,0.13323572278022766,0.01673552207648754,-0.8332932908087969,Negative
1248026598860881921,2020-04-08 23:15:03,2020-04-08,2020,2020-04,23,Wednesday,iPhone,Twitter for iPhone,"This morning, 450,000 protective suits landed in Dallas, Texas. This was made possible because of the partnership of two great American companies—DuPont and FedEx—and our friends in Vietnam. Thank you! @DuPont_News @FedEx https://t.co/8yhG6tYnQW",93282,19079,0.002197441179305315,0.01986728608608246,0.9779351949691772,0.9757377537898719,Positive
1248578583225872385,2020-04-10 11:48:26,2020-04-10,2020,2020-04,11,Friday,iPhone,Twitter for iPhone,"Congress must go back to DEDUCTIBILITY by businesses if Restaurants, Clubs & Entertaiment is expected to flourish (like never before)!",69392,14528,0.22645561397075653,0.65378737449646,0.11975698918104172,-0.10669862478971481,Neutral
1249103831994118146,2020-04-11 22:35:35,2020-04-11,2020,2020-04,22,Saturday,iPhone,Twitter for iPhone,"The Wall Street Journal Editorial Board doesn’t have a clue on how to fight and win. Their views on Tariffs & Trade are losers for the U.S., but winners for other countries, including China. If we followed their standards, we’d have no Country left. They should love Sleepy Joe!",68165,15494,0.8875205516815186,0.10043151676654816,0.012047932483255863,-0.8754726191982627,Negative
1249422044564992001,2020-04-12 19:40:03,2020-04-12,2020,2020-04,19,Sunday,iPhone,Twitter for iPhone,The big Oil Deal with OPEC Plus is done. This will save hundreds of thousands of energy jobs in the United States. I would like to thank and congratulate President Putin of Russia and King Salman of Saudi Arabia. I just spoke to them from the Oval Office. Great deal for all!,154471,36466,0.0029614681843668222,0.02315487340092659,0.9738836288452148,0.970922160660848,Positive
1249505062554144768,2020-04-13 01:09:56,2020-04-13,2020,2020-04,1,Monday,iPhone,Twitter for iPhone,"The @nytimes story is a Fake, just like the “paper” itself. I was criticized for moving too fast when I issued the China Ban, long before most others wanted to do so. @SecAzar told me nothing until later, and @PeterNavarroUSA memo was same as Ban (see his statements). Fake News!",33854,9077,0.8545360565185547,0.13681660592556,0.008647298440337181,-0.8458887580782175,Negative
1249712404260421633,2020-04-13 14:53:50,2020-04-13,2020,2020-04,14,Monday,iPhone,Twitter for iPhone,"For the purpose of creating conflict and confusion, some in the Fake News Media are saying that it is the Governors decision to open up the states, not that of the President of the United States & the Federal Government. Let it be fully understood that this is incorrect....",148348,32864,0.5946762561798096,0.39591047167778015,0.009413269348442554,-0.585262986831367,Negative
1250063051182747651,2020-04-14 14:07:11,2020-04-14,2020,2020-04,14,Tuesday,iPhone,Twitter for iPhone,"Cuomo’s been calling daily, even hourly, begging for everything, most of which should have been the state’s responsibility, such as new hospitals, beds, ventilators, etc. I got it all done for him, and everyone else, and now he seems to want Independence! That won’t happen!",183330,34515,0.6680705547332764,0.2786988615989685,0.05323057621717453,-0.6148399785161018,Negative
1252418369170501639,2020-04-21 02:06:22,2020-04-21,2020,2020-04,2,Tuesday,iPhone,Twitter for iPhone,"In light of the attack from the Invisible Enemy, as well as the need to protect the jobs of our GREAT American Citizens, I will be signing an Executive Order to temporarily suspend immigration into the United States!",382084,83917,0.3646801710128784,0.5079250335693359,0.12739479541778564,-0.23728537559509277,Neutral
1252591306028785667,2020-04-21 13:33:34,2020-04-21,2020,2020-04,13,Tuesday,iPhone,Twitter for iPhone,We will never let the great U.S. Oil & Gas Industry down. I have instructed the Secretary of Energy and Secretary of the Treasury to formulate a plan which will make funds available so that these very important companies and jobs will be secured long into the future!,151486,29981,0.006404228508472443,0.0831204205751419,0.9104753136634827,0.9040710851550102,Positive
1252640538647506947,2020-04-21 16:49:12,2020-04-21,2020,2020-04,16,Tuesday,iPhone,Twitter for iPhone,"I urge the Senate and House to pass the Paycheck Protection Program and Health Care Enhancement Act with additional funding for PPP, Hospitals, and Testing. After I sign this Bill, we will begin discussions on the next Legislative Initiative with fiscal relief....",108337,23037,0.01502577867358923,0.659740149974823,0.325234055519104,0.3102082768455148,Neutral
1253295683836219393,2020-04-23 12:12:30,2020-04-23,2020,2020-04,12,Thursday,iPhone,Twitter for iPhone,Thank you to Harvard and all others! https://t.co/UH15FJ5SqV,43038,8042,0.0031298180110752583,0.016266699880361557,0.9806035161018372,0.9774736980907619,Positive
1253465846376280066,2020-04-23 23:28:40,2020-04-23,2020,2020-04,23,Thursday,iPhone,Twitter for iPhone,"Congressman @Troy_Balderson is doing a GREAT job for the People of Ohio! He will always Protect your #2A, Defend our Borders, and Support Small Business – a great supporter of the #MAGA Agenda. Troy has my Complete and Total Endorsement! https://t.co/ybcfR5rOOd",23631,6233,0.0040365601889789104,0.020463259890675545,0.9755001664161682,0.9714636062271893,Positive
1253467642431705091,2020-04-23 23:35:48,2020-04-23,2020,2020-04,23,Thursday,iPhone,Twitter for iPhone,"Congressman @SteveStivers is doing a terrific job for the People of Ohio! He defends our Borders, Supports our Veterans, Strong on Crime, and the Second Amendment. Steve has my Complete and Total Endorsement! https://t.co/iX0VBJ44sT",27669,7107,0.0043816459365189075,0.022442810237407684,0.973175585269928,0.9687939393334091,Positive
1253690189144379392,2020-04-24 14:20:08,2020-04-24,2020,2020-04,14,Friday,iPhone,Twitter for iPhone,"Just spoke to President Nayib Bukele of El Salvador. Will be helping them with Ventilators, which are desperately needed. They have worked well with us on immigration at the Southern Border!",91827,16465,0.014110195450484753,0.17814190685749054,0.8077479004859924,0.7936377050355077,Positive
1253699430819250176,2020-04-24 14:56:51,2020-04-24,2020,2020-04,14,Friday,iPhone,Twitter for iPhone,"Great conversation with President Lenin Moreno of the Republic of Equador. We will be sending them desperately needed Ventilators, of which we have recently manufactured many, and helping them in other ways. They are fighting hard against CoronaVirus!",1825,435,0.006412196438759565,0.05216308683156967,0.9414246678352356,0.935012471396476,Positive
1253762674137149446,2020-04-24 19:08:09,2020-04-24,2020,2020-04,19,Friday,iPhone,Twitter for iPhone,"I will never let our Post Office fail. It has been mismanaged for years, especially since the advent of the internet and modern-day technology. The people that work there are great, and we’re going to keep them happy, healthy, and well!",167894,28488,0.023504845798015594,0.05641131475567818,0.9200838804244995,0.8965790346264839,Positive
1255661296047067138,2020-04-30 00:52:36,2020-04-30,2020,2020-04,0,Thursday,iPhone,Twitter for iPhone,"Happy Birthday to three time Olympian and five term Congressman, @JimRyun!",48939,7745,0.0018605160294100642,0.011859331279993057,0.9862802028656006,0.9844196868361905,Positive
1255825648448348161,2020-04-30 11:45:41,2020-04-30,2020,2020-04,11,Thursday,iPhone,Twitter for iPhone,"Despite reports to the contrary, Sweden is paying heavily for its decision not to lockdown. As of today, 2462 people have died there, a much higher number than the neighboring countries of Norway (207), Finland (206) or Denmark (443). The United States made the correct decision!",80328,16151,0.6853320598602295,0.28989848494529724,0.024769466370344162,-0.6605625934898853,Negative
1255842713603387392,2020-04-30 12:53:30,2020-04-30,2020,2020-04,12,Thursday,iPhone,Twitter for iPhone,The Do Nothing Democrats! https://t.co/hwLd2eWpFg,40415,11274,0.802069365978241,0.16609804332256317,0.031832512468099594,-0.7702368535101414,Negative
1256928204801089539,2020-05-03 12:46:51,2020-05-03,2020,2020-05,12,Sunday,iPhone,Twitter for iPhone,"Hopefully our Country will soon mend. We are all missing our wonderful rallies, and many other things! https://t.co/LX8TyBzsXO",84294,19208,0.07307437062263489,0.16677984595298767,0.7601457238197327,0.6870713531970978,Positive
1258053124893347841,2020-05-06 15:16:53,2020-05-06,2020,2020-05,15,Wednesday,iPhone,Twitter for iPhone,The Fake News has reached an all time high!,303154,52560,0.844459056854248,0.13073381781578064,0.024807190522551537,-0.8196518663316965,Negative
1259194224555298816,2020-05-09 18:51:12,2020-05-09,2020,2020-05,18,Saturday,iPhone,Twitter for iPhone,"Why is it that all of the political pundits & consultants that I beat so easily & badly, people that charged their clients far more than their services were worth, have become so totally “unhinged” when it come to your favorite President, me. These people are stone cold crazy!",121554,24859,0.9113541841506958,0.07858885079622269,0.010056955739855766,-0.90129722841084,Negative
1259451044834217984,2020-05-10 11:51:43,2020-05-10,2020,2020-05,11,Sunday,iPhone,Twitter for iPhone,True! https://t.co/kgH1z23HhO,42988,10411,0.008594627492129803,0.18454067409038544,0.8068647384643555,0.7982701109722257,Positive
1259538752327897092,2020-05-10 17:40:14,2020-05-10,2020,2020-05,17,Sunday,iPhone,Twitter for iPhone,"Wow, this is BIG! https://t.co/cC9NlHWdfl",57502,18467,0.005761695094406605,0.015499046072363853,0.9787392616271973,0.9729775665327907,Positive
1259667289252790275,2020-05-11 02:10:59,2020-05-11,2020,2020-05,2,Monday,iPhone,Twitter for iPhone,"He got caught, OBAMAGATE! https://t.co/oV6fum0zIS",181849,62314,0.6854225397109985,0.2753884494304657,0.039189089089632034,-0.6462334506213665,Negative
1259867421676109824,2020-05-11 15:26:15,2020-05-11,2020,2020-05,15,Monday,iPhone,Twitter for iPhone,"Because it was OBAMAGATE, and he and Sleepy Joe led the charge. The most corrupt administration in U.S. history! https://t.co/PTzFvvITh3",125259,41558,0.9402425289154053,0.05154437944293022,0.008213084191083908,-0.9320294447243214,Negative
1260155029253771264,2020-05-12 10:29:06,2020-05-12,2020,2020-05,10,Tuesday,iPhone,Twitter for iPhone,Fake Journalists! https://t.co/fdFWf95Zz1,86016,18523,0.8106842041015625,0.16858971118927002,0.020726174116134644,-0.7899580299854279,Negative
1260407831137828865,2020-05-13 03:13:38,2020-05-13,2020,2020-05,3,Wednesday,iPhone,Twitter for iPhone,Fake @PulitzerPrizes must be taken back. These “journalists” got everything wrong. Give them to the real journalists who got it right! https://t.co/at2oRBwdOS,66988,20926,0.9191550612449646,0.07372509688138962,0.007119830697774887,-0.9120352305471897,Negative
1260912207027675136,2020-05-14 12:37:51,2020-05-14,2020,2020-05,12,Thursday,iPhone,Twitter for iPhone,"I don’t know the so-called Whistleblower Rick Bright, never met him or even heard of him, but to me he is a disgruntled employee, not liked or respected by people I spoke to and who, with his attitude, should no longer be working for our government!",125192,25682,0.8898657560348511,0.10193919390439987,0.008195028640329838,-0.8816707273945212,Negative
1261606781979168771,2020-05-16 10:37:51,2020-05-16,2020,2020-05,10,Saturday,iPhone,Twitter for iPhone,So true! https://t.co/3QS54LCaYR,45671,12598,0.0063232118263840675,0.03710557520389557,0.9565711617469788,0.9502479499205947,Positive
1261672792484917248,2020-05-16 15:00:09,2020-05-16,2020,2020-05,15,Saturday,iPhone,Twitter for iPhone,"I’m not running against Sleepy Joe Biden. He is not even a factor. Never was, remember 1% Joe? I’m running against the Radical Left, Do Nothing Democrats & their partner, the real opposition party, the Lamestream Fake News Media! They are vicious & crazy, but we will WIN! https://t.co/ltdHSmaMYT",93289,30733,0.8067860007286072,0.1622214913368225,0.03099253959953785,-0.7757934611290693,Negative
1263117855752687617,2020-05-20 14:42:19,2020-05-20,2020,2020-05,14,Wednesday,iPhone,Twitter for iPhone,"The Tulsa, Oklahoma area has been approved for a transportation loan from the @USDOT of up to $120M to help expand highway on the Gilcrease Expressway West Project. This will mean less congestion and faster routes to popular spots! @GovStitt",40646,9155,0.0032772505655884743,0.17581644654273987,0.8209062814712524,0.817629030905664,Positive
1263658320310796291,2020-05-22 02:29:55,2020-05-22,2020,2020-05,2,Friday,iPhone,Twitter for iPhone,"Is this even possible to believe? Can this be for real? Where is this nursing home, how is the victim doing?",139251,29987,0.9047508239746094,0.0884215459227562,0.006827645935118198,-0.8979231780394912,Negative
1264734501961433088,2020-05-25 01:46:17,2020-05-25,2020,2020-05,1,Monday,iPhone,Twitter for iPhone,"...vacationing, relaxing & making shady deals with other countries, & that Barack was always playing golf, doing much of his traveling in a fume spewing 747 to play golf in Hawaii - Once even teeing off immediately after announcing the gruesome death of a great young man by ISIS!",75989,17742,0.4534817337989807,0.5027087926864624,0.043809425085783005,-0.4096723087131977,Neutral
1265011145879977985,2020-05-25 20:05:34,2020-05-25,2020,2020-05,20,Monday,iPhone,Twitter for iPhone,"Nobody in 50 years has been WEAKER on China than Sleepy Joe Biden. He was asleep at the wheel. He gave them EVERYTHING they wanted, including rip-off Trade Deals. I am getting it all back!",154087,32952,0.7346258759498596,0.18762941658496857,0.07774470746517181,-0.6568811684846878,Negative
1265819308699070464,2020-05-28 01:36:55,2020-05-28,2020,2020-05,1,Thursday,iPhone,Twitter for iPhone,"Big Tech is doing everything in their very considerable power to CENSOR in advance of the 2020 Election. If that happens, we no longer have our freedom. I will never let it happen! They tried hard in 2016, and lost. Now they are going absolutely CRAZY. Stay Tuned!!!",169231,43245,0.8726168274879456,0.11346088349819183,0.013922219164669514,-0.858694608323276,Negative
1265827032707072000,2020-05-28 02:07:37,2020-05-28,2020,2020-05,2,Thursday,iPhone,Twitter for iPhone,Texas Supreme Court: Lack of immunity to COVID-19 alone not enough to vote by mail https://t.co/rAZVRF4nkj Big win in Texas on the dangerous Mail In Voting Scam!,54849,16162,0.23730629682540894,0.5550814867019653,0.20761223137378693,-0.02969406545162201,Neutral
1265976095209373696,2020-05-28 11:59:56,2020-05-28,2020,2020-05,11,Thursday,iPhone,Twitter for iPhone,The greatest political crime in USA History! https://t.co/kyPZwHsBDQ,39437,11398,0.8938261866569519,0.09030589461326599,0.015867920592427254,-0.8779582660645247,Negative
1266711221191020544,2020-05-30 12:41:04,2020-05-30,2020,2020-05,12,Saturday,iPhone,Twitter for iPhone,"Great job last night at the White House by the U.S. @SecretService. They were not only totally professional, but very cool. I was inside, watched every move, and couldn’t have felt more safe. They let the “protesters” scream & rant as much as they wanted, but whenever someone....",145771,29809,0.009345353581011295,0.02944961190223694,0.961205005645752,0.9518596520647407,Positive
1267809721458753537,2020-06-02 13:26:07,2020-06-02,2020,2020-06,13,Tuesday,iPhone,Twitter for iPhone,"Congressman Mike Simpson (@MikeSimpson4ID) is a tremendous champion for Idaho! Mike is working hard for our incredible Farmers, and he strongly supports our Military, Vets and the Second Amendment. Mike has my Complete and Total Endorsement! #ID02 https://t.co/vthaNF7s9f",32679,8324,0.003257014090195298,0.01758406311273575,0.979158878326416,0.9759018642362207,Positive
1268033455360786436,2020-06-03 04:15:09,2020-06-03,2020,2020-06,4,Wednesday,iPhone,Twitter for iPhone,"Burgess Owens, Utah. “We weren’t to sure in 2016, but we voted for the right person to take us through this process.” @IngrahamAngle @FoxNews Thank you Burgess. Working hard!",79547,15103,0.0046152276918292046,0.05514942854642868,0.9402353763580322,0.935620148666203,Positive
1268136470415540224,2020-06-03 11:04:30,2020-06-03,2020,2020-06,11,Wednesday,iPhone,Twitter for iPhone,The knew it was Fake and went with it anyway. Lamestream Media is CORRUPT! https://t.co/LHIYoo92zx,57016,14068,0.9013214707374573,0.08832716941833496,0.010351385921239853,-0.8909700848162174,Negative
1268396601405513728,2020-06-04 04:18:10,2020-06-04,2020,2020-06,4,Thursday,iPhone,Twitter for iPhone,Great job Ted. Country is proud of you!!! https://t.co/6Mb6wp4n6C,107385,28174,0.0034809468779712915,0.012042331509292126,0.9844767451286316,0.9809957982506603,Positive
1268552570617901058,2020-06-04 14:37:56,2020-06-04,2020,2020-06,14,Thursday,iPhone,Twitter for iPhone,"Please let this serve as my Complete and Total Endorsement of a great fighter and ally in North Carolina, @LyndaBennettNC. She is strong on Crime, Borders, Military, our Great Vets & 2A. She will be a great help to me in DC. EARLY VOTING STARTS TODAY. We need Lynda Bennett! #NC11",95564,23669,0.004444736987352371,0.03396271914243698,0.9615924954414368,0.9571477584540844,Positive
1268683083852779520,2020-06-04 23:16:32,2020-06-04,2020,2020-06,23,Thursday,iPhone,Twitter for iPhone,"John Kelly didn’t know I was going to fire James Mattis, nor did he have any knowledge of my asking for a letter of resignation. Why would I tell him, he was not...",78170,16271,0.662822425365448,0.3264860212802887,0.010691506788134575,-0.6521309185773134,Negative
1268686977320263681,2020-06-04 23:32:01,2020-06-04,2020,2020-06,23,Thursday,iPhone,Twitter for iPhone,“Police Groups Break With Biden” @politico His handlers want him to “Defund the Police.” I want more money for Law Enforcement!,117047,28971,0.831680417060852,0.15482094883918762,0.013498667627573013,-0.818181749433279,Negative
1268870744538320898,2020-06-05 11:42:14,2020-06-05,2020,2020-06,11,Friday,iPhone,Twitter for iPhone,We just landed Wisconsin a massive Navy shipbuilding contract. Beautiful designs! https://t.co/Zoli4BlNOC,36445,8470,0.0024014103692024946,0.012925582006573677,0.9846730828285217,0.9822716724593192,Positive
1269069041626484737,2020-06-06 00:50:12,2020-06-06,2020,2020-06,0,Saturday,iPhone,Twitter for iPhone,Great! https://t.co/uORB98BVvk,69892,17050,0.00438864016905427,0.020295660942792892,0.9753156304359436,0.9709269902668893,Positive
1269630609883910144,2020-06-07 14:01:40,2020-06-07,2020,2020-06,14,Sunday,iPhone,Twitter for iPhone,"Not only will Sleepy Joe Biden DEFUND THE POLICE, but he will DEFUND OUR MILITARY! He has no choice, the Dems are controlled by the Radical Left.",196240,44792,0.6677321195602417,0.27638596296310425,0.055881936103105545,-0.6118501834571362,Negative
1269705225285361666,2020-06-07 18:58:10,2020-06-07,2020,2020-06,18,Sunday,iPhone,Twitter for iPhone,"We need @KarenHandel back in Congress to fight for the incredible people of Georgia! She is a tremendous advocate for our Military, Vets, Border Security and the Second Amendment. Karen has my Complete and Total Endorsement! #GA06 https://t.co/5JOaLlvZE0",34394,9204,0.00486829923465848,0.03735010698437691,0.9577815532684326,0.9529132540337741,Positive
1269974605059555328,2020-06-08 12:48:35,2020-06-08,2020,2020-06,12,Monday,iPhone,Twitter for iPhone,"CNN Polls are as Fake as their Reporting. Same numbers, and worse, against Crooked Hillary. The Dems would destroy America!",140667,29293,0.9279356598854065,0.06247517466545105,0.009589193388819695,-0.9183464664965868,Negative
1270333484528214018,2020-06-09 12:34:39,2020-06-09,2020,2020-06,12,Tuesday,iPhone,Twitter for iPhone,"Buffalo protester shoved by Police could be an ANTIFA provocateur. 75 year old Martin Gugino was pushed away after appearing to scan police communications in order to black out the equipment. @OANN I watched, he fell harder than was pushed. Was aiming scanner. Could be a set up?",181705,43589,0.6269456744194031,0.3641650974750519,0.008889246731996536,-0.6180564276874065,Negative
1270335574533169152,2020-06-09 12:42:57,2020-06-09,2020,2020-06,12,Tuesday,iPhone,Twitter for iPhone,"Poll: Trump Better Than Biden On Economic Growth, 55% to 34%. That’s all? Who are the 34%?",134435,23050,0.018393371254205704,0.5271989703178406,0.45440760254859924,0.43601423129439354,Neutral
1270424134430994437,2020-06-09 18:34:51,2020-06-09,2020,2020-06,18,Tuesday,iPhone,Twitter for iPhone,"Great work in the Republican Senate on some big nominees. Still 154 to go, hope they don’t adjourn until the job is done! @senatemajldr",109087,22643,0.004857724066823721,0.02898499369621277,0.9661572575569153,0.9612995334900916,Positive
1270828386642997248,2020-06-10 21:21:12,2020-06-10,2020,2020-06,21,Wednesday,iPhone,Twitter for iPhone,"Big $$$$ headed to the Pittsburgh area! I’m sending $141.7M in CARES Act funding to @PGHtransit from @USDOT to aid in the recovery. This will be critical to helping people get where they need to go and more importantly, keeping them SAFE!",59243,13179,0.003622337942942977,0.07688609510660172,0.9194915890693665,0.9158692511264235,Positive
1271410185106599936,2020-06-12 11:53:04,2020-06-12,2020,2020-06,11,Friday,iPhone,Twitter for iPhone,Crazy! https://t.co/NIQIBhexKX,44199,9684,0.1282193511724472,0.3581157326698303,0.5136649012565613,0.3854455500841141,Positive
1271764842760876032,2020-06-13 11:22:21,2020-06-13,2020,2020-06,11,Saturday,iPhone,Twitter for iPhone,We are getting the Commercial Fishing Industry in Maine back on track (will be better than ever) after suffering years of stupidity and abuse from the previous administration. Already got 5000 square miles back and available to fish. China & E.U. told to drop their Tariffs now!!! https://t.co/EcRxd2qWWW,41731,10907,0.04539685696363449,0.16453737020492554,0.7900657057762146,0.7446688488125801,Positive
1273620779645665280,2020-06-18 14:17:11,2020-06-18,2020,2020-06,14,Thursday,iPhone,Twitter for iPhone,"When Wacko John Bolton went on Deface the Nation and so stupidly said that he looked at the “Libyan Model” for North Korea, all hell broke out. Kim Jong Un, who we were getting along with very well, went “ballistic”, just like his missiles - and rightfully so....",72931,17448,0.8747523427009583,0.1161155179142952,0.009132194332778454,-0.8656201483681798,Negative
1273620783131250690,2020-06-18 14:17:12,2020-06-18,2020,2020-06,14,Thursday,iPhone,Twitter for iPhone,"....He didn’t want Bolton anywhere near him. Bolton’s dumbest of all statements set us back very badly with North Korea, even now. I asked him, “what the hell were you thinking?” He had no answer and just apologized. That was early on, I should have fired him right then & there!",55825,12827,0.9235057234764099,0.07104795426130295,0.005446262191981077,-0.9180594612844288,Negative
1274066597892820997,2020-06-19 19:48:42,2020-06-19,2020,2020-06,19,Friday,iPhone,Twitter for iPhone,"Congressman Hal Rogers is doing a tremendous job for the people of Kentucky! He is Strong on the Border, Life and always Protects your Second Amendment. Hal has my Complete and Total Endorsement! #KY05 https://t.co/01BQd9ekLO",28931,7371,0.003934534266591072,0.02570868283510208,0.9703567624092102,0.9664222281426191,Positive
1274080589310824450,2020-06-19 20:44:18,2020-06-19,2020,2020-06,20,Friday,iPhone,Twitter for iPhone,Joe Biden’s rally. ZERO enthusiasm! https://t.co/IB2BrrmTPH,191465,41347,0.8498196601867676,0.120260089635849,0.029920239001512527,-0.819899421185255,Negative
1274170612110540806,2020-06-20 02:42:01,2020-06-20,2020,2020-06,2,Saturday,iPhone,Twitter for iPhone,"....as to whether they want help in taking back Seattle. Ready to move quickly! Damage to various Democrat run Cities & States, including statue demolition, should not be allowed to happen. Ready to solve problem quickly! Federal Government is Ready, Willing & Able!@TuckerCarlson",66971,14655,0.4358801543712616,0.49064767360687256,0.07347214967012405,-0.36240800470113754,Neutral
1274923712324796421,2020-06-22 04:34:34,2020-06-22,2020,2020-06,4,Monday,iPhone,Twitter for iPhone,"Actually, that would be a big improvement - and she would win! https://t.co/EzmOjNtYJS",48776,10186,0.003779389662668109,0.019562657922506332,0.9766579866409302,0.9728785969782621,Positive
1275210912077680640,2020-06-22 23:35:48,2020-06-22,2020,2020-06,23,Monday,iPhone,Twitter for iPhone,WOW! The Trump Rally gives @FoxNews the “LARGEST SATURDAY NIGHT AUDIENCE IN ITS HUSTORY”. Isn’t it amazing that virtually nobody in the Lamestream Media is reporting this rather major feat!,151644,34204,0.006955502089112997,0.030399253591895103,0.9626452326774597,0.9556897305883467,Positive
1275479652140822529,2020-06-23 17:23:40,2020-06-23,2020,2020-06,17,Tuesday,iPhone,Twitter for iPhone,"Hogan Gidley will be leaving the White House on July 1 and heading over to my campaign to be the National Press Secretary. He is a strong, loyal and trusted member of the team that I know will do an outstanding job! We must WIN this election! Follow him at @JHoganGidley.",81393,17987,0.004970547277480364,0.1117699146270752,0.8832595348358154,0.8782889875583351,Positive
1276625240341307398,2020-06-26 21:15:50,2020-06-26,2020,2020-06,21,Friday,iPhone,Twitter for iPhone,"I was going to go to Bedminster, New Jersey, this weekend, but wanted to stay in Washington, D.C. to make sure LAW & ORDER is enforced. The arsonists, anarchists, looters, and agitators have been largely stopped...",142717,28646,0.1526993215084076,0.6927358508110046,0.154564768075943,0.0018654465675354004,Neutral
1276837074298122240,2020-06-27 11:17:35,2020-06-27,2020,2020-06,11,Saturday,iPhone,Twitter for iPhone,"....We will win the Election against Corrupt Joe Biden, Nancy Pelosi, and Schumer. We will save the Supreme Court, your 2nd Amendment, permanent damage from the ridiculous Green New Deal, and you from massive Tax Hikes. Also, our Heritage, History and LAW & ORDER!",85195,21044,0.32447847723960876,0.3904833495616913,0.2850381135940552,-0.03944036364555359,Neutral
1277204969561755649,2020-06-28 11:39:28,2020-06-28,2020,2020-06,11,Sunday,iPhone,Twitter for iPhone,Thank you to the great people of The Villages. The Radical Left Do Nothing Democrats will Fall in the Fall. Corrupt Joe is shot. See you soon!!! https://t.co/4Gg1iGOhyG,41376,11283,0.2364259958267212,0.23725439608097076,0.5263196229934692,0.28989362716674805,Positive
1277426062922842112,2020-06-29 02:18:01,2020-06-29,2020,2020-06,2,Monday,iPhone,Twitter for iPhone,"Corrupt Joe Biden’s team is running false ads. Almost everything in them is a knowing lie, just the opposite of what they are saying, & very much like their Fake News partners!",149997,33118,0.9239458441734314,0.06780306249856949,0.008251024410128593,-0.9156948197633028,Negative
1277429217190428673,2020-06-29 02:30:33,2020-06-29,2020,2020-06,2,Monday,iPhone,Twitter for iPhone,"Absentee Ballots are fine. A person has to go through a process to get and use them. Mail-In Voting, on the other hand, will lead to the most corrupt Election is USA history. Bad things happen with Mail-Ins. Just look at Special Election in Patterson, N.J. 19% of Ballots a FRAUD!",149268,42183,0.7201566696166992,0.2561298608779907,0.023713499307632446,-0.6964431703090668,Negative
1278099002345619462,2020-06-30 22:52:02,2020-06-30,2020,2020-06,22,Tuesday,iPhone,Twitter for iPhone,"As I watch the Pandemic spread its ugly face all across the world, including the tremendous damage it has done to the USA, I become more and more angry at China. People can see it, and I can feel it!",293498,59875,0.9398621320724487,0.05223013460636139,0.007907740771770477,-0.9319543913006783,Negative
1278168948656214018,2020-07-01 03:29:59,2020-07-01,2020,2020-07,3,Wednesday,iPhone,Twitter for iPhone,Congratulations on a really great win! https://t.co/rMpFiV6LvY,76749,18846,0.004567426163703203,0.010390606708824635,0.9850420355796814,0.9804746094159782,Positive
1278299171523637254,2020-07-01 12:07:26,2020-07-01,2020,2020-07,12,Wednesday,iPhone,Twitter for iPhone,“No corroborating evidence to back reports.” Department of Defense. Do people still not understand that this is all a made up Fake News Media Hoax started to slander me & the Republican Party. I was never briefed because any info that they may have had did not rise to that level,96574,25905,0.9136860966682434,0.08037273585796356,0.005941163282841444,-0.907744933385402,Negative
1278304961143734273,2020-07-01 12:30:27,2020-07-01,2020,2020-07,12,Wednesday,iPhone,Twitter for iPhone,"Biden was asked questions at his so-called Press Conference yesterday where he read the answers from a teleprompter. That means he was given the questions, just like Crooked Hillary. Never have seen this before!",190613,47153,0.46749788522720337,0.4887772798538208,0.04372475668787956,-0.4237731285393238,Neutral
1280115980090380288,2020-07-06 12:26:47,2020-07-06,2020,2020-07,12,Monday,iPhone,Twitter for iPhone,"If you want your 401k’s and Stocks, which are getting close to an all time high (NASDAQ is already there), to disintegrate and disappear, vote for the Radical Left Do Nothing Democrats and Corrupt Joe Biden. Massive Tax Hikes - They will make you very poor, FAST!",99806,24629,0.8903354406356812,0.09270777553319931,0.01695672608911991,-0.8733787145465612,Negative
1280328830218051584,2020-07-07 02:32:35,2020-07-07,2020,2020-07,2,Tuesday,iPhone,Twitter for iPhone,"The highly respected Henry Ford Health System just reported, based on a large sampling, that HYDROXYCHLOROQUINE cut the death rate in certain sick patients very significantly. The Dems disparaged it for political reasons (me!). Disgraceful. Act now @US_FDA @TuckerCarlson @FoxNews",159429,47428,0.8860841989517212,0.10195543617010117,0.011960316449403763,-0.8741238825023174,Negative
1280857657365200902,2020-07-08 13:33:57,2020-07-08,2020,2020-07,13,Wednesday,iPhone,Twitter for iPhone,"I disagree with @CDCgov on their very tough & expensive guidelines for opening schools. While they want them open, they are asking schools to do very impractical things. I will be meeting with them!!!",171686,35485,0.880011796951294,0.11232797056436539,0.0076601542532444,-0.8723516426980495,Negative
1281071885887975424,2020-07-09 03:45:13,2020-07-09,2020,2020-07,3,Thursday,iPhone,Twitter for iPhone,THANK YOU! #MAGA2020 https://t.co/Eecj1gGGHS,162977,37341,0.0035338581074029207,0.016777990385890007,0.9796881079673767,0.9761542498599738,Positive
1281556745211523072,2020-07-10 11:51:52,2020-07-10,2020,2020-07,11,Friday,iPhone,Twitter for iPhone,"Mail-In Ballot fraud found in many elections. People are just now seeing how bad, dishonest and slow it is. Election results could be delayed for months. No more big election night answers? 1% not even counted in 2016. Ridiculous! Just a formula for RIGGING an Election....",121575,34452,0.9355716705322266,0.059338267892599106,0.00509008951485157,-0.930481581017375,Negative
1282113922523435008,2020-07-12 00:45:54,2020-07-12,2020,2020-07,0,Sunday,iPhone,Twitter for iPhone,2016? HERE WE GO AGAIN!,278985,41667,0.5107944011688232,0.4227726459503174,0.06643291562795639,-0.44436148554086685,Negative
1284899438591451137,2020-07-19 17:14:33,2020-07-19,2020,2020-07,17,Sunday,iPhone,Twitter for iPhone,"So we catch Obama & Biden, not to even mention the rest of their crew, SPYING on my campaign, AND NOTHING HAPPENS? I hope not! If it were the other way around, 50 years for treason. NEVER FORGET!!!!",288266,70631,0.9227603673934937,0.06648904830217361,0.010750539600849152,-0.9120098277926445,Negative
1285196013020610562,2020-07-20 12:53:01,2020-07-20,2020,2020-07,12,Monday,iPhone,Twitter for iPhone,"Congratulations Allen, great job! https://t.co/jjeUk1SwGm",102574,19563,0.004667960572987795,0.011851370334625244,0.9834806323051453,0.9788126717321575,Positive
1285538283892748288,2020-07-21 11:33:05,2020-07-21,2020,2020-07,11,Tuesday,iPhone,Twitter for iPhone,Strong Stock Market Numbers. You want to see them dive? Vote for the Radical Left with their BIG Tax Hikes!,142107,28697,0.7428199052810669,0.21227435767650604,0.04490575194358826,-0.6979141533374786,Negative
1286266178789310465,2020-07-23 11:45:29,2020-07-23,2020,2020-07,11,Thursday,iPhone,Twitter for iPhone,"Liz Cheney is only upset because I have been actively getting our great and beautiful Country out of the ridiculous and costly Endless Wars. I am also making our so-called allies pay tens of billions of dollars in delinquent military costs. They must, at least, treat us fairly!!!",110355,25079,0.8539984226226807,0.12185444682836533,0.024147147312760353,-0.8298512753099203,Negative
1287373747180244992,2020-07-26 13:06:34,2020-07-26,2020,2020-07,13,Sunday,iPhone,Twitter for iPhone,"The Trump Campaign has more ENTHUSIASM, according to many, than any campaign in the history of our great Country - Even more than 2016. Biden has NONE! The Silent Majority will speak on NOVEMBER THIRD!!! Fake Suppression Polls & Fake News will not save the Radical Left.",120513,29507,0.8193999528884888,0.15245071053504944,0.028149353340268135,-0.7912505995482206,Negative
1287470740237946882,2020-07-26 19:31:59,2020-07-26,2020,2020-07,19,Sunday,iPhone,Twitter for iPhone,"There is NO WAY a place like Pennsylvania can vote for the Radical Left and their puppet, Joe Biden, when they are against fracking, steel production, and just about everything else that Pennsylvania stands for. Likewise, Texas, and many other states!!!",118850,27630,0.9119956493377686,0.08024626225233078,0.007758096791803837,-0.9042375525459647,Negative
1288966119676616704,2020-07-30 22:34:05,2020-07-30,2020,2020-07,22,Thursday,iPhone,Twitter for iPhone,"As the Wall goes up, illegal crossings go down. This past week we built over 10 miles of Wall at our Southern Border. We now have 256 miles of NEW Wall and we are on track to have 300 miles completed by the end of August! https://t.co/AWl0dYfY1w",137752,30016,0.04843674972653389,0.6694043278694153,0.28215891122817993,0.23372216150164604,Neutral
1289873585318899712,2020-08-02 10:40:02,2020-08-02,2020,2020-08,10,Sunday,iPhone,Twitter for iPhone,"Madison is a star who loves the USA and his Great State, North Carolina. Will fight for Military, Vets, 2nd Amendment, Lower Taxes & Regulations. He is a winner who has my Complete & Total Endorsement! https://t.co/EXGrLh9dQt",30721,7914,0.0037115029990673065,0.027129704132676125,0.9691587686538696,0.9654472656548023,Positive
1289997897723863040,2020-08-02 18:54:00,2020-08-02,2020,2020-08,18,Sunday,iPhone,Twitter for iPhone,Great to have NASA Astronauts return to Earth after very successful two month mission. Thank you to all!,231659,29158,0.001966332783922553,0.008650499396026134,0.9893831610679626,0.9874168282840401,Positive
1290949993600294913,2020-08-05 09:57:17,2020-08-05,2020,2020-08,9,Wednesday,iPhone,Twitter for iPhone,"There is TREMENDOUS Lawlessness in America’s Liberal Cities. Would be so easy to stop but they have a clouded vision of what should be done. They are indoctrinated with a philosophy which will never work, a philosophy which would destroy America. Portland would be the norm!",101891,26336,0.9287015199661255,0.06438807398080826,0.0069103846326470375,-0.9217911353334785,Negative
1291228757437579264,2020-08-06 04:25:00,2020-08-06,2020,2020-08,4,Thursday,iPhone,Twitter for iPhone,Two wonderful people! https://t.co/Fo2CLjc9YZ,111729,22883,0.0057836235500872135,0.012831413187086582,0.9813849925994873,0.9756013690494001,Positive
1291402819287814145,2020-08-06 15:56:39,2020-08-06,2020,2020-08,15,Thursday,iPhone,Twitter for iPhone,"Upon departing the Oval Office for Ohio, I’ve notified my staff to continue working on an Executive Order with respect to Payroll Tax Cut, Eviction Protections, Unemployment Extensions, and Student Loan Repayment Options.",140414,32668,0.013420755043625832,0.9021911025047302,0.08438806980848312,0.07096731476485729,Neutral
1291722355471941633,2020-08-07 13:06:23,2020-08-07,2020,2020-08,13,Friday,iPhone,Twitter for iPhone,"After yesterday’s statement, Sleepy Joe Biden is no longer worthy of the Black Vote!",200498,38454,0.9146632552146912,0.07840324193239212,0.006933483295142651,-0.9077297719195485,Negative
1291864495648890881,2020-08-07 22:31:12,2020-08-07,2020,2020-08,22,Friday,iPhone,Twitter for iPhone,"...At 3pm this afternoon, spoke to President Aoun of Lebanon to inform him that 3 large aircraft are on the way, loaded up with Medical Supplies, Food and Water. Also, First Responders, Technicians, Doctors, and Nurses on the way...",67436,12295,0.008732182905077934,0.8840299844741821,0.10723786801099777,0.09850568510591984,Neutral
1292879715775250432,2020-08-10 17:45:19,2020-08-10,2020,2020-08,17,Monday,iPhone,Twitter for iPhone,"Congratulations on your big primary win, Governor @MikeParson! You have my Complete and Total Endorsement! #MOGOV https://t.co/2Ve5jix3hS",28083,6656,0.0029357231687754393,0.01265650987625122,0.9844077229499817,0.9814719997812063,Positive
1292879824210595842,2020-08-10 17:45:45,2020-08-10,2020,2020-08,17,Monday,iPhone,Twitter for iPhone,"Congressman Jim Hagedorn (@JimHagedornMN) is an incredible advocate for Minnesota! He fights for our Farmers, Vets and Small Businesses, and he strongly defends your Second Amendment! Jim has my Complete and Total Endorsement! #MN01 https://t.co/MeuHHh8KFc",23174,6039,0.0035983689595013857,0.023903928697109222,0.9724977612495422,0.9688993922900409,Positive
1293335445879820288,2020-08-11 23:56:13,2020-08-11,2020,2020-08,23,Tuesday,iPhone,Twitter for iPhone,"Sad to see the damage from the derecho in Midwest. 112 mile per hour winds in Midway, Iowa! The Federal government is in close coordination with State officials. We are with you all the way - Stay safe and strong!",116295,20609,0.6016815900802612,0.3268689811229706,0.07144936174154282,-0.5302322283387184,Negative
1293618870746570756,2020-08-12 18:42:27,2020-08-12,2020,2020-08,18,Wednesday,iPhone,Twitter for iPhone,Happy to announce that @USDOT is providing $12.5M in federal infrastructure funds for bus improvements for the great people of Alabama. @huntsvillecity,32889,6687,0.0017427959246560931,0.013950685039162636,0.9843065738677979,0.9825637779431418,Positive
1293619226020806659,2020-08-12 18:43:52,2020-08-12,2020,2020-08,18,Wednesday,iPhone,Twitter for iPhone,Georgia will be receiving $13M in federal infrastructure funds from @USDOT. BIG investment in bus facilities for people in metro Atlanta – must keep people moving safely! @MARTASERVICE,34922,7592,0.0026180783752352,0.11737366020679474,0.8800082206726074,0.8773901422973722,Positive
1293619264973414401,2020-08-12 18:44:01,2020-08-12,2020,2020-08,18,Wednesday,iPhone,Twitter for iPhone,"Good news for Florida! I’m awarding $27.8M from @USDOT in federal infrastructure funds to five areas including Orlando, Jacksonville, Ft. Myers/Naples, St. Petersburg, and Tampa. Happy to support bus service for the people in beautiful Florida!",40978,9162,0.001595612964592874,0.016906768083572388,0.9814976453781128,0.9799020324135199,Positive
1293869227036811265,2020-08-13 11:17:17,2020-08-13,2020,2020-08,11,Thursday,iPhone,Twitter for iPhone,"The Fake News Media is giving @KamalaHarris a free pass despite her Radical Left failures and very poor run in the Democrat Primary. There was nobody meaner or more condescending to Slow Joe, not even me, and yet she quickly evaporated down to almost zero in the polls. Bad!",115624,28311,0.9359535574913025,0.057835355401039124,0.006211156025528908,-0.9297424014657736,Negative
1294397381073678339,2020-08-14 22:15:59,2020-08-14,2020,2020-08,22,Friday,iPhone,Twitter for iPhone,"I promised YOU I would not take a dime of salary as your President. I donate the entire $400,000! It is my honor to give $100,000 to @NatlParkService to help repair and restore our GREAT National Monuments. So important to our American History! Thank You!! https://t.co/4ETkUZ9yUf",262238,63002,0.007832391187548637,0.05003153160214424,0.9421360492706299,0.9343036580830812,Positive
1295792202526973952,2020-08-18 18:38:30,2020-08-18,2020,2020-08,18,Tuesday,iPhone,Twitter for iPhone,"...Meanwhile, I gave America energy independence in fact, so much energy we could never use it all. The Bernie/Biden/AOC Green New Deal plan would take California’s failed policies to every American!",65818,17389,0.6077778935432434,0.3032909333705902,0.08893118798732758,-0.5188467055559158,Negative
1296198517573201923,2020-08-19 21:33:03,2020-08-19,2020,2020-08,21,Wednesday,iPhone,Twitter for iPhone,Will be having a Press Conference at 5:45 P.M. See you in 15 minutes!,96469,12425,0.0033264770172536373,0.7711688280105591,0.22550471127033234,0.2221782342530787,Neutral
1296219101623459841,2020-08-19 22:54:51,2020-08-19,2020,2020-08,22,Wednesday,iPhone,Twitter for iPhone,"Welcome, Barack and Crooked Hillary. See you on the field of battle! https://t.co/ZrTKXcc6aU",205223,75040,0.013548091053962708,0.18838948011398315,0.7980623841285706,0.7845142930746078,Positive
1299376529672208384,2020-08-28 16:01:20,2020-08-28,2020,2020-08,16,Friday,iPhone,Twitter for iPhone,"Succes: Since the National Guard moved into Kenosha, Wisconsin, two days ago, there has been NO FURTHER VIOLENCE, not even a small problem. When legally asked to help by local authorities, the Federal Government will act and quickly succeed. Are you listening Portland?",67060,17482,0.10145702213048935,0.6193171143531799,0.2792258858680725,0.17776886373758316,Neutral
1299679618111242243,2020-08-29 12:05:42,2020-08-29,2020,2020-08,12,Saturday,iPhone,Twitter for iPhone,"Great crowd, great people! https://t.co/ugL8yuvPrF",60869,13385,0.004322882741689682,0.00993998534977436,0.9857370853424072,0.9814142026007175,Positive
1299684861171687426,2020-08-29 12:26:32,2020-08-29,2020,2020-08,12,Saturday,iPhone,Twitter for iPhone,Dan has my Complete and Total Endorsement. We need Dan in Washington! https://t.co/yWCD1ALgpY,28450,7453,0.0027592808473855257,0.04627420753240585,0.9509665369987488,0.9482072561513633,Positive
1299688064969854977,2020-08-29 12:39:16,2020-08-29,2020,2020-08,12,Saturday,iPhone,Twitter for iPhone,"I saved the Iron Range from the Obama Closure. We opened it up again, proudly. Also sent the National Guard the Minneapolis to squelch a big problem. It worked, and quickly!!! https://t.co/v8mkiawBy5",50808,13983,0.015768419951200485,0.08621688932180405,0.8980147242546082,0.8822463043034077,Positive
1299750156519129095,2020-08-29 16:46:00,2020-08-29,2020,2020-08,16,Saturday,iPhone,Twitter for iPhone,"Now that Biden’s Polls are dropping fast, he has agreed to get out of his basement and start campaignin,“in ten days.” Sadly, that is a very slow reaction time for a President. Our beloved USA needs a much faster, smarter, and tougher response than that. Get out there today, Joe!",157558,34829,0.7822034358978271,0.19720129668712616,0.020595228299498558,-0.7616082075983286,Negative
1300041598449917953,2020-08-30 12:04:05,2020-08-30,2020,2020-08,12,Sunday,iPhone,Twitter for iPhone,LAW & ORDER!!!,333641,59482,0.0624486468732357,0.7581716775894165,0.1793796271085739,0.11693098023533821,Neutral
1300914658337910784,2020-09-01 21:53:19,2020-09-01,2020,2020-09,21,Tuesday,iPhone,Twitter for iPhone,True! https://t.co/Lmvkguz8N6,80703,16997,0.008594627492129803,0.18454067409038544,0.8068647384643555,0.7982701109722257,Positive
1301165073583534081,2020-09-02 14:28:22,2020-09-02,2020,2020-09,14,Wednesday,iPhone,Twitter for iPhone,"Will soon be heading to Wilmington, North Carolina, and then will be going to Battleship North Carolina. Look forward to seeing all of my friends!",90293,16521,0.0011237711878493428,0.025633100420236588,0.9732431173324585,0.9721193461446092,Positive
1301638082484150272,2020-09-03 21:47:56,2020-09-03,2020,2020-09,21,Thursday,iPhone,Twitter for iPhone,"Joe Hiden’ gets off his airplane, grabs and shakes a rather stunned man’s hand (like in the old days), then touches his (Joe’s) face and mask with the same hand. No crowd, no enthusiasm for Joe today. Law & Order!",123435,26167,0.47758692502975464,0.47463884949684143,0.047774236649274826,-0.4298126883804798,Negative
1302946213608685568,2020-09-07 12:25:59,2020-09-07,2020,2020-09,12,Monday,iPhone,Twitter for iPhone,A so-called peaceful protest! https://t.co/RYchH5x5cS,90503,27180,0.5596754550933838,0.4090482294559479,0.03127627819776535,-0.5283991768956184,Negative
1303105851130081280,2020-09-07 23:00:20,2020-09-07,2020,2020-09,23,Monday,iPhone,Twitter for iPhone,"The Fake News knows that Sleepy Joe doesn’t have a clue, and they want to protect his Radical Left Democrat enablers. He is so bad for the USA! https://t.co/saiRilw6xi",35937,10778,0.9396971464157104,0.05200526490807533,0.008297646418213844,-0.9313994999974966,Negative
1303293439296053249,2020-09-08 11:25:44,2020-09-08,2020,2020-09,11,Tuesday,iPhone,Twitter for iPhone,Thanks Curt. Great pitcher!!! https://t.co/pMq197KahK,46639,11844,0.003375713247805834,0.013028623536229134,0.983595609664917,0.9802198964171112,Positive
1303301299816013824,2020-09-08 11:56:58,2020-09-08,2020,2020-09,11,Tuesday,iPhone,Twitter for iPhone,Thank you Natalie! https://t.co/YVCZqo256D,27018,6166,0.0046033840626478195,0.021305611357092857,0.9740910530090332,0.9694876689463854,Positive
1303404366687240194,2020-09-08 18:46:31,2020-09-08,2020,2020-09,18,Tuesday,iPhone,Twitter for iPhone,Democrats and Sleepy Joe’s Peaceful Protestors! https://t.co/weQBW7xKic,89964,28100,0.357351154088974,0.5632438063621521,0.0794050469994545,-0.2779461070895195,Neutral
1303678141173575680,2020-09-09 12:54:24,2020-09-09,2020,2020-09,12,Wednesday,iPhone,Twitter for iPhone,Thank you! https://t.co/S2kgsPh77l,114159,19544,0.005894170142710209,0.03516877442598343,0.9589371085166931,0.9530429383739829,Positive
1303835269343346688,2020-09-09 23:18:46,2020-09-09,2020,2020-09,23,Wednesday,Other,Twitter Media Studio,"These are my real words about our GREAT HEROES, not made up lies by the enemy. THANK YOU and God Bless You All! https://t.co/oFgQXzpJHU",92088,33928,0.012427577748894691,0.03846383094787598,0.9491086006164551,0.9366810228675604,Positive
1304036421980893184,2020-09-10 12:38:05,2020-09-10,2020,2020-09,12,Thursday,iPhone,Twitter for iPhone,Governor Cuomo has completely lost control. Sad! https://t.co/Dd2ALPn8aj,37172,10254,0.9281273484230042,0.062144771218299866,0.009727878496050835,-0.9183994699269533,Negative
1304042651147284480,2020-09-10 13:02:50,2020-09-10,2020,2020-09,13,Thursday,iPhone,Twitter for iPhone,"Bob Woodward had my quotes for many months. If he thought they were so bad or dangerous, why didn’t he immediately report them in an effort to save lives? Didn’t he have an obligation to do so? No, because he knew they were good and proper answers. Calm, no panic!",126883,30763,0.3845217227935791,0.5424038767814636,0.07307443022727966,-0.31144729256629944,Neutral
1304235190571597824,2020-09-11 01:47:55,2020-09-11,2020,2020-09,1,Friday,iPhone,Twitter for iPhone,"When we win I, as your President, will totally forgive ALL deferred payroll taxes with money from the General Fund. I will ALWAYS protect Seniors and your Social Security! Sleepy Joe Biden will do the opposite, he will raise your taxes and DESTROY our Country!",163382,42056,0.06481891870498657,0.26153725385665894,0.6736438274383545,0.6088249087333679,Positive
1304511871152795650,2020-09-11 20:07:21,2020-09-11,2020,2020-09,20,Friday,iPhone,Twitter for iPhone,"Pelosi and Schumer want Trillions of Dollars of BAILOUT money for Blue States that are doing badly, both economically and in terms of high crime, as a condition to making a deal on stimulus - But the USA is coming back strong!",116302,27382,0.5757405161857605,0.31434935331344604,0.10991009324789047,-0.46583042293787,Negative
1304605913874128900,2020-09-12 02:21:02,2020-09-12,2020,2020-09,2,Saturday,iPhone,Twitter for iPhone,Really Sad! https://t.co/AogCo9aAQc,56109,13417,0.9065302014350891,0.0817207396030426,0.011749016121029854,-0.8947811853140593,Negative
1304609690983321600,2020-09-12 02:36:03,2020-09-12,2020,2020-09,2,Saturday,Other,Twitter Media Studio,A must watch for the good of our DEMOCRACY! https://t.co/dVE6z7SShW,49572,21556,0.0032245360780507326,0.053746018558740616,0.9430294632911682,0.9398049272131175,Positive
1304769412759724033,2020-09-12 13:10:44,2020-09-12,2020,2020-09,13,Saturday,iPhone,Twitter for iPhone,"NORTH CAROLINA: To make sure your Ballot COUNTS, sign & send it in EARLY. When Polls open, go to your Polling Place to see if it was COUNTED. IF NOT, VOTE! Your signed Ballot will not count because your vote has been posted. Don’t let them illegally take your vote away from you!",0,0,0.14284880459308624,0.7934987545013428,0.06365236639976501,-0.07919643819332123,Neutral
1306084770300997632,2020-09-16 04:17:29,2020-09-16,2020,2020-09,4,Wednesday,iPhone,Twitter for iPhone,What is this all about? https://t.co/AAmBGgHhyR,152643,41042,0.19453021883964539,0.7806938290596008,0.024775978177785873,-0.1697542406618595,Neutral
1306244076065431552,2020-09-16 14:50:31,2020-09-16,2020,2020-09,14,Wednesday,iPhone,Twitter for iPhone,"Jim, you didn’t make a mistake. It’s true, and that’s why you said it. No pandering! https://t.co/64fFoZvMZc",89945,22373,0.13159698247909546,0.47375181317329407,0.3946511149406433,0.26305413246154785,Neutral
1306664076546838531,2020-09-17 18:39:27,2020-09-17,2020,2020-09,18,Thursday,iPhone,Twitter for iPhone,Want to register to vote? Request an Absentee Ballot or vote early - simply click the below link. My campaign has made it incredibly easy! #Vote #TrumpPence2020 https://t.co/u25yI5T7E8,33246,11605,0.0048714568838477135,0.2748785614967346,0.7202499508857727,0.715378494001925,Positive
1306728886902968321,2020-09-17 22:56:59,2020-09-17,2020,2020-09,22,Thursday,iPhone,Twitter for iPhone,Happy #ConstitutionDay! https://t.co/DoahM18IuK https://t.co/4pdkdqr75c,43862,13234,0.002267097355797887,0.014151898212730885,0.9835809469223022,0.9813138495665044,Positive
1307021711930544135,2020-09-18 18:20:34,2020-09-18,2020,2020-09,18,Friday,iPhone,Twitter for iPhone,Happy Birthday to our GREAT @USAirforce! #USAF73🇺🇸 https://t.co/ANVlqKB36u,62625,14569,0.002530565019696951,0.0068581136874854565,0.9906113743782043,0.9880808093585074,Positive
1308008758031904768,2020-09-21 11:42:44,2020-09-21,2020,2020-09,11,Monday,iPhone,Twitter for iPhone,"“The Trump Century, How Our President Changed the Course of History Forever”. On sale tomorrow. A great book by an even greater author. Make Lou NUMBER ONE! Much better than the boring, no new info., Woodward book. Besides, Lou is much smarter and sharper than Bob, by a lot!",99337,22545,0.003632928477600217,0.02861653082072735,0.9677505493164062,0.964117620838806,Positive
1308152685707710466,2020-09-21 21:14:39,2020-09-21,2020,2020-09,21,Monday,iPhone,Twitter for iPhone,I agree 100%. https://t.co/9lgiXcdlC5,131131,29192,0.005199276376515627,0.04503316432237625,0.949767529964447,0.9445682535879314,Positive
1308537177903521792,2020-09-22 22:42:29,2020-09-22,2020,2020-09,22,Tuesday,iPhone,Twitter for iPhone,"Congratulations to @JudgeJeanine on the release of her new book, “DON’T LIE TO ME” which is now available. Get your copy today! https://t.co/ObHQ9b4ymu",44148,10064,0.00182110455352813,0.022100655362010002,0.9760782718658447,0.9742571673123166,Positive
1310219962024439808,2020-09-27 14:09:16,2020-09-27,2020,2020-09,14,Sunday,iPhone,Twitter for iPhone,"Obamacare will be replaced with a MUCH better, and FAR cheaper, alternative if it is terminated in the Supreme Court. Would be a big WIN for the USA!",214780,44398,0.018756214529275894,0.11650076508522034,0.8647430539131165,0.8459868393838406,Positive
1310791096138706945,2020-09-29 03:58:45,2020-09-29,2020,2020-09,3,Tuesday,iPhone,Twitter for iPhone,"Now Fake News @CNN is actually reporting that I wanted my daughter, Ivanka, to run with me as my Vice President in 2016 Election. Wrong and totally ridiculous. These people are sick!",185889,39478,0.9014064073562622,0.09086485952138901,0.007728729862719774,-0.8936776774935424,Negative
1311123274579861505,2020-09-30 01:58:42,2020-09-30,2020,2020-09,1,Wednesday,iPhone,Twitter for iPhone,"“The Fraternal Order of Police endorsed President Trump’s reelection, saying he has the ‘full and enthusiastic support’ of its more than 355,000 members.” https://t.co/ce8DjFNkHt",46640,13495,0.0031125000678002834,0.11318270117044449,0.8837048411369324,0.8805923410691321,Positive
1311310383781679107,2020-09-30 14:22:13,2020-09-30,2020,2020-09,14,Wednesday,iPhone,Twitter for iPhone,"Biden REFUSED to use the term, LAW & ORDER! There go the Suburbs.",244513,43678,0.8628016710281372,0.1277143359184265,0.009484022855758667,-0.8533176481723785,Negative
1311333207254728704,2020-09-30 15:52:54,2020-09-30,2020,2020-09,15,Wednesday,iPhone,Twitter for iPhone,Heading to Minnesota today. Saved Minneapolis after the Dem LEFT almost let it be TOTALLY destroyed! #MAGA,106373,21226,0.10748940706253052,0.36408305168151855,0.5284275412559509,0.4209381341934204,Positive
1311377298822705153,2020-09-30 18:48:06,2020-09-30,2020,2020-09,18,Wednesday,iPhone,Twitter for iPhone,Should be arrested on the spot! https://t.co/x81s8npZEF,60356,18742,0.7780473828315735,0.19645056128501892,0.025502106174826622,-0.7525452766567469,Negative
1311498845860196355,2020-10-01 02:51:05,2020-10-01,2020,2020-10,2,Thursday,iPhone,Twitter for iPhone,"In just 3 and a half years, we have secured America’s Borders, rebuilt the awesome power of the U.S. Military, obliterated the ISIS caliphate, fixed our disastrous Trade Deals, and brought JOBS back home to America – and back to MINNESOTA! #MAGA https://t.co/nX2oU5IWL0",70211,18737,0.0075765615329146385,0.06385721266269684,0.9285662174224854,0.9209896558895707,Positive
1312442195509563392,2020-10-03 17:19:38,2020-10-03,2020,2020-10,17,Saturday,iPhone,Twitter for iPhone,"Doctors, Nurses and ALL at the GREAT Walter Reed Medical Center, and others from likewise incredible institutions who have joined them, are AMAZING!!!Tremendous progress has been made over the last 6 months in fighting this PLAGUE. With their help, I am feeling well!",649260,100144,0.005073055624961853,0.011618317104876041,0.9833086133003235,0.9782355576753616,Positive
1313861656766820352,2020-10-07 15:20:03,2020-10-07,2020,2020-10,15,Wednesday,iPhone,Twitter for iPhone,Undecided Voters at Concast Town Hall Previously Told Network They Were Voting Biden...https://t.co/NDaiFaxmmU,55621,18024,0.08185896277427673,0.8970615267753601,0.021079573780298233,-0.0607793889939785,Neutral
1313863059019051009,2020-10-07 15:25:38,2020-10-07,2020,2020-10,15,Wednesday,iPhone,Twitter for iPhone,THE FAKE NEWS MEDIA IS THE REAL OPPOSITION PARTY!,440197,80333,0.8889122605323792,0.09610350430011749,0.014984178356826305,-0.8739280821755528,Negative
1314362808281321472,2020-10-09 00:31:27,2020-10-09,2020,2020-10,0,Friday,iPhone,Twitter for iPhone,I will be interviewed by @seanhannity tonight at 9:00 P.M. @FoxNews Enjoy!,107209,17049,0.001538354903459549,0.11249083280563354,0.8859707713127136,0.8844324164092541,Positive
1314372012735959040,2020-10-09 01:08:02,2020-10-09,2020,2020-10,1,Friday,iPhone,Twitter for iPhone,"Biden is against Oil, Guns and Religion, a very bad combination to be fighting in the Great State of Texas. We are Winning Big, in the Real Polls, all over the Country!!! NOVEMBER 3rd. VOTE!!!",254227,51759,0.20546774566173553,0.35922279953956604,0.43530943989753723,0.2298416942358017,Positive
1317056951986098176,2020-10-16 10:57:01,2020-10-16,2020,2020-10,10,Friday,iPhone,Twitter for iPhone,The process has long begun. Happening fast! https://t.co/nLLq7x0Bim,31396,8137,0.001997285056859255,0.04365840181708336,0.9543442726135254,0.9523469875566661,Positive
1317065042706268162,2020-10-16 11:29:10,2020-10-16,2020,2020-10,11,Friday,iPhone,Twitter for iPhone,Very good reviews on last night’s @NBCNews Town Hall in Miami. Thank you!!!,148717,23968,0.0020574519876390696,0.010242152959108353,0.9877004623413086,0.9856430103536695,Positive
1318270345162354688,2020-10-19 19:18:37,2020-10-19,2020,2020-10,19,Monday,iPhone,Twitter for iPhone,A perfect strike for the American people! https://t.co/LqqvhWpqis,154597,30542,0.004772670567035675,0.04389147087931633,0.9513357877731323,0.9465631172060966,Positive
1318886369650003969,2020-10-21 12:06:28,2020-10-21,2020,2020-10,12,Wednesday,iPhone,Twitter for iPhone,"WSJ Editorial Board: Joe Biden Must Answer Questions About Hunter Biden and China https://t.co/pF2M9i9OSu via @BreitbartNews Joe Biden is a totally corrupt politician, and got caught. At least now he won’t be able to raise your Taxes - Biggest increase in U.S. history!",63486,20849,0.8707998394966125,0.11764492094516754,0.011555199511349201,-0.8592446399852633,Negative
1319283015894220807,2020-10-22 14:22:36,2020-10-22,2020,2020-10,14,Thursday,iPhone,Twitter for iPhone,Judiciary Committee approves Judge Barrett. Moves to full Senate for final vote. Big day for America!,301419,48132,0.0020182249136269093,0.03327460214495659,0.9647071361541748,0.9626889112405479,Positive
1319491234042269696,2020-10-23 04:09:59,2020-10-23,2020,2020-10,4,Friday,iPhone,Twitter for iPhone,"As per your request, Joe... https://t.co/78mzcfLEsF https://t.co/AalVkSfHFi",253761,79855,0.009052612818777561,0.797469973564148,0.19347739219665527,0.1844247793778777,Neutral
1319655865083940865,2020-10-23 15:04:10,2020-10-23,2020,2020-10,15,Friday,iPhone,Twitter for iPhone,Thank you Megyn! https://t.co/sC71EEWIOd,178163,24864,0.0033463826403021812,0.017061376944184303,0.9795922636985779,0.9762458810582757,Positive
1319687368014704642,2020-10-23 17:09:21,2020-10-23,2020,2020-10,17,Friday,iPhone,Twitter for iPhone,"Today is the LAST DAY to register to VOTE in-person, in the Great State of Nebraska! Get everything you need to cast your vote and MAKE AMERICA GREAT AGAIN, below! https://t.co/WwzdPhDkAZ",52587,10756,0.007604919373989105,0.36117422580718994,0.631220817565918,0.6236158981919289,Positive
1320095628546899968,2020-10-24 20:11:38,2020-10-24,2020,2020-10,20,Saturday,iPhone,Twitter for iPhone,"Nobody is showing up for Obama’s hate laced speeches. 47 people! No energy, but still better than Joe!",195132,33268,0.8664069771766663,0.11381705105304718,0.019775988534092903,-0.8466309886425734,Negative
1320198039529816069,2020-10-25 02:58:35,2020-10-25,2020,2020-10,2,Sunday,iPhone,Twitter for iPhone,"As long as I am President, I will always stand with the HEROES of Law Enforcement! Joe Biden won’t. https://t.co/DfutxOeRaN",79633,18909,0.04720725119113922,0.2888345420360565,0.6639582514762878,0.6167510002851486,Positive
1320444583646547968,2020-10-25 19:18:16,2020-10-25,2020,2020-10,19,Sunday,iPhone,Twitter for iPhone,"He didn’t stick around for the primaries, either. He left WAY early https://t.co/dXBTtMP010",66741,13236,0.8083651661872864,0.18321199715137482,0.008422823622822762,-0.7999423425644636,Negative
1321293551951630336,2020-10-28 03:31:45,2020-10-28,2020,2020-10,3,Wednesday,iPhone,Twitter for iPhone,"We are spending more in Florida, and we are winning big in Florida. Actually, we are winning big in many states as the Great Red Wave begins to form!",186234,28870,0.002284612040966749,0.024408873170614243,0.9733065366744995,0.9710219246335328,Positive
1321561761615544320,2020-10-28 21:17:32,2020-10-28,2020,2020-10,21,Wednesday,iPhone,Twitter for iPhone,Thank you @RSBNetwork! #MAGA https://t.co/iHlBpNDgkQ,61484,13776,0.0026666852645576,0.012054930441081524,0.9852783679962158,0.9826116827316582,Positive
1322003361642782721,2020-10-30 02:32:17,2020-10-30,2020,2020-10,2,Friday,iPhone,Twitter for iPhone,"For years you had a President who apologized for America—now you have a President who is standing up for America! Get your friends, get your family, get your neighbors and GET OUT & VOTE! On 11/3 we must finish the job and Drain the Swamp once and for all! https://t.co/RZzSuwLUSP",118115,27838,0.04347071796655655,0.24243010580539703,0.7140991687774658,0.6706284508109093,Positive
1322250257086865409,2020-10-30 18:53:22,2020-10-30,2020,2020-10,18,Friday,iPhone,Twitter for iPhone,THANK YOU MICHIGAN! https://t.co/eTip7kTQXJ,47596,8983,0.006160545628517866,0.019959421828389168,0.9738799929618835,0.9677194473333657,Positive
1322551279017742337,2020-10-31 14:49:31,2020-10-31,2020,2020-10,14,Saturday,iPhone,Twitter for iPhone,https://t.co/gsFSghkmdM #ElectionDay #MAGA🇺🇸 https://t.co/j5F8vNZYPI,51507,12531,0.005953566636890173,0.19750256836414337,0.7965438365936279,0.7905902699567378,Positive
1322555795272167424,2020-10-31 15:07:28,2020-10-31,2020,2020-10,15,Saturday,iPhone,Twitter for iPhone,"Lisa McClain (@LisaForCongress) will be an incredible Congresswoman for Michigan! She is Strong on the Economy & Jobs, Border Security, Infrastructure, our Military & Vets, and the Second Amendment. Lisa has my Complete and Total Endorsement! #MI10 https://t.co/r2NokBwGfW",21818,5033,0.0031639770604670048,0.01735282875597477,0.9794831275939941,0.9763191505335271,Positive
1322556017301807104,2020-10-31 15:08:21,2020-10-31,2020,2020-10,15,Saturday,iPhone,Twitter for iPhone,".@CliffBentz will be a great Congressman for the people of Oregon! A Successful Rancher, he is Strong on Jobs & the Economy, Trade, Law & Order, our Military & Vets, and your Second Amendment. Cliff has my Complete and Total Endorsement! #OR02 https://t.co/8779E6IPzx",22226,4925,0.0028829025104641914,0.019947288557887077,0.9771698117256165,0.9742869092151523,Positive
1322651141134430208,2020-10-31 21:26:20,2020-10-31,2020,2020-10,21,Saturday,iPhone,Twitter for iPhone,"We invested $2.5 TRILLION in the Military and we saved the Philly Shipyard. We passed VA Choice and VA Accountability. Al-Baghdadi and Soleimani are DEAD. I withdrew from the disastrous Iran Nuclear Deal—and instead of endless war, we are forging PEACE in the Middle East! https://t.co/Yz3ry24XHp",61528,14174,0.11969499289989471,0.39870956540107727,0.481595516204834,0.36190052330493927,Positive
1322687671072862212,2020-10-31 23:51:29,2020-10-31,2020,2020-10,23,Saturday,iPhone,Twitter for iPhone,For the last 4 years you have seen me fight for you - and now I am relying on YOU to deliver another historic victory for our Country. A vote for me and the Republican Party is a vote for the American Dream! Get out and VOTE! #Election2020 #MAGA🇺🇸 https://t.co/5EyXIHjfib,142256,31833,0.007897164672613144,0.09045393019914627,0.9016489386558533,0.8937517739832401,Positive
1322892481751646212,2020-11-01 13:25:20,2020-11-01,2020,2020-11,13,Sunday,iPhone,Twitter for iPhone,"Biden wants to LOCKDOWN our Country, maybe for years. Crazy! There will be NO LOCKDOWNS. The great American Comeback is underway!!!",219669,40020,0.7011920213699341,0.22287000715732574,0.07593801617622375,-0.6252540051937103,Negative
1322899819661303808,2020-11-01 13:54:29,2020-11-01,2020,2020-11,13,Sunday,iPhone,Twitter for iPhone,"The legendary actor, 007 Sean Connery, has past on to even greener fairways. He was quite a guy, and a tough character. I was having a very hard time getting approvals for a big development in Scotland when Sean stepped in and shouted,“Let him build the damn thing”. That was....",150291,21015,0.047369472682476044,0.16438347101211548,0.7882470488548279,0.7408775761723518,Positive
1322934473437175810,2020-11-01 16:12:12,2020-11-01,2020,2020-11,16,Sunday,iPhone,Twitter for iPhone,WATCH: Antifa Shouts ‘Death to Your f**king Empire‘ While Burning U.S. Flag https://t.co/OPO3vE5asK via @BreitbartNews These are Criminal Anarchists and must be brought to Justice! Biden fears them. @FBI,67570,21489,0.8981093168258667,0.09260527044534683,0.009285388514399529,-0.8888239283114672,Negative
1322954692176039943,2020-11-01 17:32:32,2020-11-01,2020,2020-11,17,Sunday,iPhone,Twitter for iPhone,I am standing up to the global special interests who got rich bleeding America Dry. The corrupt establishment hates me because I don’t answer to THEM – I answer to YOU! https://t.co/jVsBVaqs2R,55572,12532,0.8756670355796814,0.10788924992084503,0.016443777829408646,-0.8592232577502728,Negative
1322954744374173696,2020-11-01 17:32:45,2020-11-01,2020,2020-11,17,Sunday,iPhone,Twitter for iPhone,"You don’t have to take my word on Biden’s 47 years of treachery and betrayal. We have it on tape, watch! https://t.co/rQUAZt7EqX",74900,25530,0.7585808634757996,0.21850799024105072,0.022911107167601585,-0.735669756308198,Negative
1323332899471413248,2020-11-02 18:35:24,2020-11-02,2020,2020-11,18,Monday,iPhone,Twitter for iPhone,We have more Cases because we have more Testing!,291980,30475,0.25456681847572327,0.5557347536087036,0.18969842791557312,-0.06486839056015015,Neutral
1323340413579726848,2020-11-02 19:05:15,2020-11-02,2020,2020-11,19,Monday,iPhone,Twitter for iPhone,"The Depraved Swamp have been trying to stop me – because they know I don’t answer to THEM – I answer only to YOU. Together, we will defeat the corrupt establishment, we will DETHRONE the failed political class, we will drain the Washington Swamp & we will SAVE THE AMERICAN DREAM!",129611,31753,0.6712476015090942,0.28360605239868164,0.045146387070417404,-0.6261012144386768,Negative
1323390619570626560,2020-11-02 22:24:45,2020-11-02,2020,2020-11,22,Monday,iPhone,Twitter for iPhone,"¡Mi #AmericanDreamPlan es una promesa para los hispanoamericanos de impulsar una economía próspera, proveer oportunidades de educación para todos, preservar la libertad y apoyar la fe, la familia y la comunidad! https://t.co/RSuEyIFQ0W",93361,18775,0.008922251872718334,0.4238383173942566,0.5672394633293152,0.5583172114565969,Positive
1323469256667942913,2020-11-03 03:37:14,2020-11-03,2020,2020-11,3,Tuesday,iPhone,Twitter for iPhone,"A vote for me and the Republican Party is a vote for the American Dream! Over the next four years, we will make America into the Manufacturing Superpower of the World, and we will end our reliance on China once and for all. https://t.co/gsFSghkmdM https://t.co/S7PAIqWd0y",97051,18701,0.006091440096497536,0.09435311704874039,0.8995554447174072,0.8934640046209097,Positive
1324059767581671425,2020-11-04 18:43:43,2020-11-04,2020,2020-11,18,Wednesday,iPhone,Twitter for iPhone,"Wow! It looks like Michigan has now found the ballots necessary to keep a wonderful young man, John James, out of the U.S. Senate. What a terrible thing is happening!",418576,77262,0.8731610774993896,0.10708318650722504,0.01975577138364315,-0.8534053061157465,Negative
1324130551234727936,2020-11-04 23:24:59,2020-11-04,2020,2020-11,23,Wednesday,iPhone,Twitter for iPhone,"Our lawyers have asked for “meaningful access”, but what good does that do? The damage has already been done to the integrity of our system, and to the Presidential Election itself. This is what should be discussed!",533383,91775,0.8171845078468323,0.1733001172542572,0.009515414014458656,-0.8076690938323736,Negative
1324382829535498244,2020-11-05 16:07:27,2020-11-05,2020,2020-11,16,Thursday,iPhone,Twitter for iPhone,Big legal win in Pennsylvania!,678348,85868,0.0036572590470314026,0.028404761105775833,0.9679379463195801,0.9642806872725487,Positive
1324386685858287616,2020-11-05 16:22:46,2020-11-05,2020,2020-11,16,Thursday,iPhone,Twitter for iPhone,All of the recent Biden claimed States will be legally challenged by us for Voter Fraud and State Election Fraud. Plenty of proof - just check out the Media. WE WILL WIN! America First!,0,0,0.12850134074687958,0.5478232502937317,0.32367536425590515,0.19517402350902557,Neutral
1324613375213621248,2020-11-06 07:23:33,2020-11-06,2020,2020-11,7,Friday,iPhone,Twitter for iPhone,"Twitter is out of control, made possible through the government gift of Section 230!",498134,90010,0.8420783877372742,0.13510552048683167,0.02281605824828148,-0.8192623294889927,Negative
1325432476215500800,2020-11-08 13:38:22,2020-11-08,2020,2020-11,13,Sunday,iPhone,Twitter for iPhone,...and Detroit with a long series of election problems (to put it mildly).” @JonathanTurley,216171,33687,0.7355917096138,0.25456374883651733,0.009844510816037655,-0.7257471987977624,Negative
1326158564449275910,2020-11-10 13:43:35,2020-11-10,2020,2020-11,13,Tuesday,iPhone,Twitter for iPhone,WE ARE MAKING BIG PROGRESS. RESULTS START TO COME IN NEXT WEEK. MAKE AMERICA GREAT AGAIN!,638933,106449,0.0030207782983779907,0.01991443522274494,0.9770647287368774,0.9740439504384995,Positive
1327493494605295616,2020-11-14 06:08:07,2020-11-14,2020,2020-11,6,Saturday,iPhone,Twitter for iPhone,"Republican Burgess Owens Defeats Democrat Rep. Ben McAdams in Utah https://t.co/H9NlPQj5yb via @BreitbartNews Great going Burgess, you continue to be a STAR!",178936,33734,0.0031899509485810995,0.07849787920713425,0.918312132358551,0.9151221814099699,Positive
1327715767916392449,2020-11-14 20:51:21,2020-11-14,2020,2020-11,20,Saturday,iPhone,Twitter for iPhone,The hand recount taking place in Georgia is a waste of time. They are not showing the matching signatures. Call off the recount until they allow the MATCH. Don’t let the Radical Left Dems STEAL THE ELECTION!,302185,70205,0.8963833451271057,0.09687107056379318,0.006745554506778717,-0.889637790620327,Negative
1327950785959915520,2020-11-15 12:25:14,2020-11-15,2020,2020-11,12,Sunday,iPhone,Twitter for iPhone,"This is why @FoxNews daytime and weekend daytime have lost their ratings. They are abysmal having @alfredenewman1 (Mayor Pete of Indiana’s most unsuccessful city, by far!) on more than Republicans. Many great alternatives are forming & exist. Try @OANN & @newsmax, among others! https://t.co/ewHE8GBRNy",101985,22484,0.8625125288963318,0.12055615335702896,0.01693129539489746,-0.8455812335014343,Negative
1328359565574991872,2020-11-16 15:29:34,2020-11-16,2020,2020-11,15,Monday,iPhone,Twitter for iPhone,Trump Campaign Rejects Media Reports of Changed Pennsylvania Case https://t.co/VjIhiyB4XK via @BreitbartNews. Just more Fake News. Harassment and exclusion of our Poll Watchers is a big part of our case. Unconstitutional!,122266,29373,0.9067000150680542,0.08687564730644226,0.0064243837259709835,-0.9002756313420832,Negative
1328361451497664512,2020-11-16 15:37:04,2020-11-16,2020,2020-11,15,Monday,iPhone,Twitter for iPhone,"The Radical Left Democrats, working with their partner, the Fake News Media, are trying to STEAL this Election. We won’t let them!",344327,62658,0.8976912498474121,0.09197063744068146,0.010338058695197105,-0.887353191152215,Negative
1329054683441278977,2020-11-18 13:31:43,2020-11-18,2020,2020-11,13,Wednesday,iPhone,Twitter for iPhone,...AND I WON THE ELECTION. VOTER FRAUD ALL OVER THE COUNTRY! https://t.co/9coP3R44UQ,246973,54880,0.15220719575881958,0.3087894916534424,0.539003312587738,0.38679611682891846,Positive
1329233502139715586,2020-11-19 01:22:17,2020-11-19,2020,2020-11,1,Thursday,iPhone,Twitter for iPhone,"Look at this in Wisconsin! A day AFTER the election, Biden receives a dump of 143,379 votes at 3:42AM, when they learned he was losing badly. This is unbelievable! https://t.co/nhiLMmyHBn",369662,118380,0.7773268222808838,0.1813233643770218,0.041349828243255615,-0.7359769940376282,Negative
1329459995893764102,2020-11-19 16:22:17,2020-11-19,2020,2020-11,16,Thursday,iPhone,Twitter for iPhone,"“Evidence of voter fraud continues to grow, including 20,000 dead people on the Pennsylvania voters roll and many thousands all over the Country. Now, there has been an artificial number of votes in favor of Joe Biden.” @OANN",249157,58056,0.8961380124092102,0.09807903319597244,0.005783033091574907,-0.8903549793176353,Negative
1330487624402935808,2020-11-22 12:25:43,2020-11-22,2020,2020-11,12,Sunday,iPhone,Twitter for iPhone,Thank you! https://t.co/xe4WZt1wNe,128431,26105,0.005894170142710209,0.03516877442598343,0.9589371085166931,0.9530429383739829,Positive
1331393814028820481,2020-11-25 00:26:36,2020-11-25,2020,2020-11,0,Wednesday,iPhone,Twitter for iPhone,...This could also be very helpful to @SenDavidPerdue and @SenatorLoeffler. Why is he afraid of Stacey Abrams? We don’t need the ballots — we only need the signed envelopes!,121567,24246,0.23440541326999664,0.5317831635475159,0.2338113933801651,-0.000594019889831543,Neutral
1331758249998168067,2020-11-26 00:34:44,2020-11-26,2020,2020-11,0,Thursday,iPhone,Twitter for iPhone,Have a great life General Flynn! https://t.co/Qj21mnMP0k,232104,39620,0.004024224355816841,0.023176653310656548,0.9727990627288818,0.968774838373065,Positive
1332754929778368526,2020-11-28 18:35:11,2020-11-28,2020,2020-11,18,Saturday,iPhone,Twitter for iPhone,Alan Dershowitz: Trump was ‘Absolutely Right‘ to Pardon Michael Flynn https://t.co/nMGOgOM9PP via @BreitbartNews,144114,26936,0.011437887325882912,0.7623186111450195,0.2262435257434845,0.21480563841760159,Neutral
1333556458575818754,2020-11-30 23:40:10,2020-11-30,2020,2020-11,23,Monday,iPhone,Twitter for iPhone,TRUE! https://t.co/GaldE1fto5,136961,27590,0.014960194006562233,0.5007519125938416,0.484287828207016,0.46932763420045376,Neutral
1334711509977608192,2020-12-04 04:09:56,2020-12-04,2020,2020-12,4,Friday,iPhone,Twitter for iPhone,"The best way to insure a @KLoeffler and @sendavidperdue VICTORY is to allow signature checks in the Presidential race, which will insure a Georgia Presidential win (very few votes are needed, many will be found). Spirits will soar and everyone will rush out and VOTE! @BrianKempGA",170738,39417,0.0066896965727210045,0.11834866553544998,0.8749616146087646,0.8682719180360436,Positive
1334993249082236931,2020-12-04 22:49:28,2020-12-04,2020,2020-12,22,Friday,iPhone,Twitter for iPhone,"Thank you to Senate President Karen Fann and House Speaker Russell Bowers – and all, for what you are doing in Arizona. A fast check of signatures will easily give us the state. Votes against have been reduced to a very small number! https://t.co/NIGpkJHyoY https://t.co/gJIozjtyES",86211,23452,0.005979976151138544,0.06367659568786621,0.9303434491157532,0.9243634729646146,Positive
1335739297459265537,2020-12-07 00:14:00,2020-12-07,2020,2020-12,0,Monday,iPhone,Twitter for iPhone,"A MUST WATCH! Hope the lawyers are all taking notes. All FACTS, do not flag this Twitter! https://t.co/5vWbEfKRf7",156104,48079,0.017231810837984085,0.13174186646938324,0.8510262966156006,0.8337944857776165,Positive
1339071350900723713,2020-12-16 04:54:23,2020-12-16,2020,2020-12,4,Wednesday,iPhone,Twitter for iPhone,Poll: 92% of Republican Voters think the election was rigged!,457695,68430,0.7946405410766602,0.19334639608860016,0.012012968771159649,-0.7826275723055005,Negative
1339937549209522178,2020-12-18 14:16:21,2020-12-18,2020,2020-12,14,Friday,iPhone,Twitter for iPhone,"Oh, they do this to me every day. When will they apologize? https://t.co/oqcroLYx5B",100374,20977,0.9480023384094238,0.047528237104415894,0.004469435662031174,-0.9435329027473927,Negative
1342209260026023940,2020-12-24 20:43:19,2020-12-24,2020,2020-12,20,Thursday,iPhone,Twitter for iPhone,"At a meeting in Florida today, everyone was asking why aren’t the Republicans up in arms & fighting over the fact that the Democrats stole the rigged presidential election? Especially in the Senate, they said, where you helped 8 Senators win their races. How quickly they forget!",212920,50004,0.7087185382843018,0.2688593566417694,0.022422123700380325,-0.6862964145839214,Negative
1342807171130601473,2020-12-26 12:19:12,2020-12-26,2020,2020-12,12,Saturday,iPhone,Twitter for iPhone,"Our $740 defense bill is a gift to China, Russia & Big Tech. It fails to terminate the internationally dangerous Section 230, won’t allow us to bring our troops back home (where they belong), renames & destroys our forts & National Monuments, & makes 5G almost impossible! https://t.co/txJle9Ezlg",128592,31799,0.9249361157417297,0.06846592575311661,0.006598038598895073,-0.9183380771428347,Negative
1342823967019687936,2020-12-26 13:25:56,2020-12-26,2020,2020-12,13,Saturday,iPhone,Twitter for iPhone,"I simply want to get out great people $2000, rather than the measly $600 that is now in the bill. Also, stop the billions of dollars in “pork”.",72820,15261,0.5960355401039124,0.3261409103870392,0.07782350480556488,-0.5182120352983475,Negative
